game_id,game_name,required_age,positive_negative_ratings_ratio,median_playtime,total_ratings,price
1,Counter-Strike,0,14.27141173421771,0.16629508196721313,4.193930513746888,7.19
2,神明在上(Zengeon),0,2.2313105305400573,0.00839344262295082,0.01017522058072938,6.19
7,Rogue Reaper,0,1.1315121662386873,0.0,0.006105132348437627,0.0
46,某1种青春,0,9.836482250397577,0.0,0.00022976304537130872,0.0
54,Tiny Snow,0,8.594834159642673,0.0,0.019103156058014513,2.89
77,ШХД: ЗИМА / IT'S WINTER,0,0.8236221403360859,0.0,0.006203602225025331,7.19
86,她2 : 我还想再见到你   Her2 : I Want To See You Again,0,4.3419595143322764,0.0,0.00039387950635081477,2.89
98,Hentai Girl Karen,0,10.498520299186534,0.004721311475409836,0.014475071858392438,0.79
99,My Island,0,0.9477009477803527,0.0,3.2823292195901556e-05,11.0
120,HYPERFIGHT Max Battle,0,2.1228124679007627,0.0,0.0006564658439180246,0.0
122,TAKANARIA,0,2.7704820807779664,0.0,0.001378578272227852,0.0
123,Timeflow – Time and Money Simulator,0,3.211048038765451,0.0,0.004825023952797479,7.19
152,Mirror Maker,0,1.5621393745071877,0.0,0.0016739879019909624,1.69
180,Wet Girl,0,8.638749292089168,0.003672131147540984,0.05566830356424848,0.79
189,Call of Duty: World at War,16,5.021263228053856,0.5812459016393443,0.6885670236856158,19.99
210,SCP022,0,1.7304694724142713,0.0,0.002461746914692592,0.0
211,King's Quest™ Collection,0,1.4466661019721132,0.0099672131147541,0.00187092765516637,14.99
233,最后的47小时 - The Last 47 Hours,0,7.5182661389714225,0.0,0.015755180254032587,1.69
237,Space Quest™ Collection,0,1.2540529784162162,0.005245901639344262,0.002789979836651604,9.99
244,高考工厂模拟(Crazy School Simulator),0,0.08640583379355116,0.0,0.012440027742246564,7.19
264,旅燕归航 Swallow Homing,0,26.832161315019118,0.0,0.001378578272227852,0.0
273,九劫曲:诅咒之地 NineTrials Test Server,0,0.9251338508276312,0.0,0.0003282329219590125,0.0
279,TimeShift™,0,1.4512708724654844,0.0,0.022385485277604637,9.99
300,Hard Core Puzzle,0,7.4633971185303665,0.0,0.0014442248566196541,0.79
301,Leanna's Slice of Life,0,1.9627778249796881,0.0,0.002461746914692592,11.39
316,Bouncing DVD : The Game,0,1.7173913726543408,0.0,3.2823292195901556e-05,0.0
319,Mola mola: Vivienne,0,4.902842834097678,0.0031475409836065576,0.0063020721016130345,0.79
341,Prototype™,0,1.5192127795059749,0.5251147540983607,0.1479017546347309,14.99
354,Holy Road,0,0.9665621735929736,0.0,0.0005579959673303208,15.49
359,Self-Reliance 自我性赖,0,2.967795381848048,0.0,0.009814164366574465,0.0
369,Deck of Ashes,0,2.2395436188735207,0.0,0.004496791030838467,11.39
394,Call of Duty®: Modern Warfare® 2,0,4.024472528922218,0.3042622950819672,1.074372000156239,19.99
417,World War II: TCG,0,1.1123080091035218,0.0,0.0004267027985467159,0.0
430,Audica,0,1.4374876444500266,0.008918032786885247,0.0021663372849294806,15.49
434,Evoland Legendary Edition,0,2.68979234515154,0.0,0.00045952609074261744,14.99
443,KumaKuma Manga Editor,0,3.1876283348484,0.02255737704918033,0.00942028486022365,4.79
453,机退怪兽,0,2.0090100549776486,0.0,0.002363277038104888,8.29
455,Game Studio Simulator（我要做游戏）,0,2.6349233247104835,0.0,0.001706811194186864,1.69
462,When the Darkness comes,0,3.731027708701768,0.0,0.10395136638441918,0.0
463,Postal III,18,0.16995376407105095,0.2156065573770492,0.053895845785669805,8.99
464,Runespell: Overture,0,1.2451487950504172,0.06662295081967214,0.007647827081644985,7.99
503,V.L.A.D.i.K,0,0.470091065976939,0.0,0.00013129316878360492,5.19
526,Kingdoms of Amalur: Reckoning™,16,2.6720204474984253,0.08918032786885247,0.3158913640933534,19.99
529,Figure Quest,0,6.256278670363459,0.0,0.0007221124283098269,1.65
530,淑女同萌！-New Division- / Hello Lady! -New Division-,0,48.340817306404574,0.0,0.0008862288892893329,11.39
534,Shadow Corridor,0,1.738729325197451,0.0,0.0028556264210434063,5.79
538,Vainglory,0,0.575738735461955,0.0,0.06072309056241726,0.0
548,Orcs Must Die!,0,11.40695554504935,0.10229508196721313,0.17891976575985757,7.99
564,Coloring Game,0,7.48833758236721,0.0,0.011619445437349033,0.0
570,Disciples III: Reincarnation,0,0.8882595089372013,0.46636065573770497,0.025273934990843943,9.99
583,Gatling Gears,0,1.6171029965467076,0.011016393442622952,0.00022976304537130872,7.99
592,Shank 2,18,1.7040623033668896,0.13429508196721313,0.06499011854788442,7.19
597,Warp,18,0.979213560822192,0.0,0.005678429549890911,7.99
610,It Moves,0,2.8543994060906264,0.0,0.0006564658439180246,0.0
626,中华三国志 the Three Kingdoms of China,0,2.506895610604074,0.0,0.01181638519052444,0.0
628,Power & Revolution 2019 Edition,0,0.2511692169558006,0.0,0.0004267027985467159,39.99
650,The Horus Heresy: Legions,0,0.8622318969967695,0.0,0.003938795063508147,0.0
656,東方幕華祭 春雪篇 ～ Fantastic Danmaku Festival Part II,0,12.459365816854527,0.08078688524590165,0.01765893120139486,10.29
679,Blood Trail,0,0.9419252614181363,0.0,0.005678429549890911,19.49
681,JermaSlots,0,5.981933568158176,0.0,0.0005579959673303208,0.0
717,Hentai Mosaique Vip Room,0,9.484406036124847,0.0,0.0018052810707745678,1.69
742,Auf Abwegen,0,0.9545595753834951,0.0,0.0014770481488155548,0.0
755,Shipped,0,56.79064644587743,0.0,0.006499011854788442,5.2
788,iBomber Defense,0,1.060935543707788,0.058754098360655746,0.0032495059273942215,2.99
790,Storm in a Teacup,0,0.8661193780100659,0.0,0.000951875473681136,2.99
815,BEEP,0,2.066942644319263,0.07711475409836066,0.15318630467827102,1.59
835,Lovers of Aether,0,8.568345667135153,0.006295081967213115,0.01903750947362271,0.0
854,Wasteland Survival,0,0.3478169127392274,0.0,0.014507895150588342,0.0
879,ISLANDERS,0,7.378599541869181,0.0,0.048151769651387094,4.79
919,ORION: Prelude,0,1.0672359909613027,0.051409836065573776,0.9687794691620246,0.79
932,BLOCKADE Classic,0,0.6436837693233105,0.0,0.009748517782182664,0.0
937,Total War: EMPIRE – Definitive Edition,0,3.281764917705738,0.7265573770491804,0.5431270159655776,19.99
938,A New Beginning - Final Cut,0,1.1695360478506553,0.09757377049180328,0.03984747672582408,7.99
951,Lume,0,0.26156494073222747,0.00419672131147541,0.011717915313936737,4.79
957,Paper Dolls: Original / 纸人：第一章,0,0.7704420494666051,0.1820327868852459,0.007352417451881874,13.49
965,Burning Daylight,0,3.3390757528718606,0.0,0.021893135894666117,0.0
972,Critical Mass,0,1.4078525050900172,0.0,0.00886228889289333,1.59
987,Ms. Splosion Man,0,1.2553593834544816,0.0,0.003807501894724542,6.99
990,Age of Empires® III: Complete Collection,0,2.8806000490231787,0.11068852459016394,0.5074480973486329,29.99
1008,Terraria,0,12.537293137411341,0.9652459016393443,8.642274365304203,6.99
1015,Tobe's Vertical Adventure,0,0.5608743541126008,0.008918032786885247,0.0009846987658770367,0.79
1023,Sin Slayers: The First Sin,0,1.2840102022180337,0.0,0.0009846987658770367,0.0
1025,PixelJunk™ Eden,0,1.4771869946716678,0.038819672131147544,0.019628328733148934,6.99
1064,Aliens vs. Predator™,0,3.006052567083388,0.08813114754098361,0.34576055999162353,9.99
1066,Bastion,0,9.701283584951122,0.12275409836065575,0.9481007950786068,11.39
1067,Space Pirates and Zombies,0,4.34808625345509,0.1479344262295082,0.07933389723749326,6.99
1068,Breath of Death VII,0,1.9879383515576428,0.013639344262295083,0.03548197886376922,0.0
1069,Cthulhu Saves the World,0,4.908280304526092,0.2035409836065574,0.09814164366574465,0.0
1070,Arma 3,0,3.1674998063500226,1.8995409836065575,3.855358254746166,29.99
1071,Waves,0,6.181291008876368,0.005770491803278689,0.030656954910971746,3.99
1072,Starpoint Gemini,0,0.1255801258435418,0.0,0.0003282329219590125,10.59
1073,Ticket to Ride,0,1.9495452784745804,0.31842622950819677,0.05445384175300013,6.99
1074,Memoir '44 Online,0,0.5176246556970023,0.003672131147540984,0.006433365270396639,0.0
1075,Vessel,0,2.9092684265316824,0.013114754098360657,0.016739879019909625,14.99
1076,Project Zomboid,0,2.4921080654715007,0.3677377049180328,0.6492118963427302,9.99
1077,Death Rally,0,0.8603619690123614,0.0,0.01424530881302113,6.99
1078,Alan Wake,0,4.023695520274701,0.11960655737704919,0.821402887202428,11.39
1079,Crysis 2 - Maximum Edition,0,1.7498155236893447,0.10911475409836066,0.2644244419301803,19.99
1081,Fowl Space,0,0.5249600860339123,0.0,0.003052566174218814,3.99
1082,Neverwinter,0,1.289000860276713,0.28485245901639344,0.7783715511336016,0.0
1084,TrackMania Nations Forever,0,2.4941340053398933,0.04563934426229509,0.30840765347268795,0.0
1085,Sherlock Holmes - Nemesis,0,0.9646082623726652,0.0,0.00187092765516637,6.99
1086,inMomentum,0,1.0697845181944885,0.0,0.00187092765516637,6.99
1087,Dracula Origin,0,0.7486483350324512,0.0,0.001280108395640148,6.99
1092,L.A. Noire,18,2.2850177747547322,0.25075409836065576,0.5353807190073449,19.99
1095,Snuggle Truck,0,1.6676028169764736,0.10439344262295083,0.01129121251539002,3.99
1096,Sherlock Holmes: The Mystery of the Mummy,0,0.12065598291943316,0.0,0.0029212730054352094,0.0
1097,Sherlock Holmes: The Awakened - Remastered Edition,0,1.341582129806987,0.0,0.004168558108879455,6.99
1098,Bunch of Heroes,0,0.2819479554233801,0.015213114754098362,0.00938746156802775,3.99
1099,Sherlock Holmes: The Silver Earring,0,0.6433811033570312,0.0,0.001706811194186864,6.99
1100,Serious Sam Double D XXL,0,2.092197144903826,0.27645901639344267,0.016608585851126022,6.99
1101,Sherlock Holmes versus Jack the Ripper,0,1.172138589848449,0.0,0.00965004790559496,6.99
1102,Shadowgrounds Survivor,0,0.4734512453889484,0.19619672131147542,0.01532847745548587,6.99
1103,Avadon: The Black Fortress,0,1.6747154679522045,0.006819672131147541,0.010437806918296589,6.99
1104,Gumboy Tournament,0,0.8957299391216076,0.025704918032786888,0.01289955383298918,1.79
1105,Space Trader: Merchant Marine,0,0.3167957118016548,0.007868852459016393,0.016707055727713725,3.99
1107,Pacific Storm Allies,0,0.4813142746074979,0.0,0.001115991934660642,5.59
1108,Penguins Arena: Sedna's World,0,2.631945936001402,0.05088524590163935,0.030558485034384044,4.79
1109,Monaco: What's Yours Is Mine,0,3.657435723161468,0.07081967213114755,0.25884448225687706,10.99
1110,The Binding of Isaac,0,8.580122922228476,0.2974426229508197,1.4786893134253503,3.99
1111,Obulis,0,1.6776699537834863,0.036196721311475416,0.020219147992675154,3.99
1112,Larva Mortus,0,1.194015137189491,0.05665573770491804,0.019168802642406318,3.99
1113,APB Reloaded,0,0.5994033158115516,0.15842622950819674,1.0407281256554402,0.0
1114,Fallen Earth Free2Play,0,0.4277287908943903,0.03934426229508197,0.22910657952739055,0.0
1115,Chains,0,1.0700440339560178,0.018885245901639345,0.01578800354622849,3.99
1116,Overlord™,0,4.732072948272272,0.1594754098360656,0.11865620128818292,3.49
1117,Soldiers: Heroes of World War II,0,1.6652708004834946,0.0,0.007680650373840886,3.99
1118,Costume Quest,0,4.765670283187078,0.11908196721311476,0.09009993707774885,6.99
1119,Stacking,0,3.0958230959544575,0.12485245901639346,0.04352368545176502,6.99
1120,Iron Brigade,0,1.721177138465288,0.016262295081967214,0.019595505440953034,10.99
1121,Cossacks II: Napoleonic Wars,0,0.2632623888838251,0.008918032786885247,0.007680650373840886,3.99
1122,American Conquest,0,0.6978083440697705,0.0,0.00564560625769501,3.99
1123,American Conquest: Fight Back,0,0.7408146758836579,0.0015737704918032788,0.004070088232291751,3.99
1124,Prototype 2,18,0.8724883334055783,0.49993442622950823,0.24797997254003376,19.99
1125,Maelstrom: The Battle for Earth Begins,0,0.5486535267749347,0.0,0.0004267027985467159,3.49
1126,Owlboy,0,2.3975530221097716,0.2801311475409836,0.13119469890701718,18.99
1127,Hospital Tycoon,0,0.16964547858431067,0.09232786885245903,0.01234155786565886,3.49
1128,Super Toy Cars,0,0.5311952022811857,0.0,0.007647827081644985,6.99
1129,Red Orchestra: Ostfront 41-45,0,2.6366456706677237,0.13534426229508198,0.05530724735009356,3.99
1130,Grand Theft Auto III,18,2.3624803489476287,0.033049180327868855,0.17619543250759775,5.99
1131,Grand Theft Auto: Vice City,18,4.5501804125443135,0.04878688524590164,0.3458262065760153,5.99
1132,Grand Theft Auto: San Andreas,18,3.1295058728529406,0.13062295081967215,0.9853552317209547,9.99
1133,Manhunt,18,0.6701562090758799,0.05298360655737706,0.0377139627330905,5.99
1134,Max Payne,18,3.412802057280244,0.1657704918032787,0.1398600480467351,5.99
1135,Max Payne 2: The Fall of Max Payne,18,5.5423433933670525,0.0918032786885246,0.08461844728103335,5.99
1136,Grand Theft Auto,0,2.494092838924575,0.003672131147540984,0.004234204693271258,0.0
1137,Grand Theft Auto 2,0,4.103476517489989,0.002098360655737705,0.0033151525117860237,0.0
1138,Bully: Scholarship Edition,0,1.7979530296115025,0.1180327868852459,0.3337472350479237,9.99
1139,Grand Theft Auto IV,0,0.6614998350015038,0.33259016393442625,1.7746241158635956,19.99
1140,Grand Theft Auto: Episodes from Liberty City,18,0.9947490855983577,0.058754098360655746,0.28379018432576203,14.99
1142,Sacred Gold,0,1.7391306659639223,0.21193442622950823,0.056062183070599285,6.99
1143,Darkstar One,0,1.6128715721517854,0.0,0.0070570078221187625,6.99
1145,FlatOut: Ultimate Carnage,0,1.8638325484456078,0.03724590163934426,0.07421346365493267,16.99
1148,SlamIt Pinball Big Score,0,0.11890041876343,0.0010491803278688525,0.0,3.99
1151,BC Kings,0,0.3759079986890891,0.0,0.0020022208239499745,3.99
1152,Port Royale 2,0,0.6498199238602843,0.10649180327868853,0.0055471363811073066,2.99
1153,9th Company: Roots Of Terror,0,0.43934356883218695,0.0,0.0017396344863827647,6.99
1154,Killing Floor,0,7.733848156537286,0.16052459016393444,1.8466055956492071,14.99
1155,PuzzleQuest: Challenge of the Warlords,0,2.639724363994275,0.027278688524590165,0.017757401077982564,6.99
1156,Prison Tycoon 3™: Lockdown,0,0.024021062509498904,0.0,0.00022976304537130872,6.99
1157,18 Wheels of Steel: American Long Haul,0,0.794092406449261,0.0,0.008402762802150713,6.99
1163,Drakensang,0,1.2159494921161746,0.0,0.006892891361139257,6.99
1165,Overlord™: Raising Hell,0,4.7909100322903795,0.13429508196721313,0.03023025211242503,6.99
1166,Rise of the Argonauts,0,0.7339275454704953,0.07711475409836066,0.014540718442784243,4.99
1167,Damnation,0,0.22490712148858213,0.0,0.007024184529922862,6.99
1168,Overlord II,0,2.602288809417806,0.06242622950819673,0.07621568447888263,6.99
1169,Operation Flashpoint: Dragon Rising,0,0.6244467362074622,0.21875409836065576,0.04936623146263544,6.99
1170,Half-Life: Blue Shift,0,3.441497924387438,0.10754098360655738,0.13595407627542286,3.99
1171,SiN Episodes: Emergence,0,2.8930775683431085,0.0,0.014081192352041626,7.19
1173,America's Army 3,0,0.7511628490147687,0.006819672131147541,0.07017619871483681,0.0
1174,Unreal 2: The Awakening,0,0.8681408682752499,0.35777049180327875,0.007877590127016294,8.99
1175,Unreal Tournament 3 Black,0,3.2815093345715067,0.12537704918032788,0.08507797337177597,13.99
1176,Unreal Tournament 2004: Editor's Choice Edition,0,12.813126606348243,0.2601967213114754,0.07145630711047696,8.99
1177,Unreal Tournament: Game of the Year Edition,0,12.556086349396967,0.48472131147540987,0.06889609031919666,5.99
1178,Unreal Gold,0,3.5194784412276836,0.021508196721311476,0.04135734816683554,5.99
1179,Prince of Persia: Warrior Within™,0,2.444783155036365,0.163672131147541,0.021597726264903007,8.59
1180,Far Cry®,0,1.9008136727472889,0.12013114754098361,0.11842643824281161,8.59
1181,Prince of Persia: The Two Thrones™,0,1.2324912989788142,0.10754098360655738,0.012275911281267057,8.59
1182,Tom Clancy's Rainbow Six® Vegas,0,1.2906323252488927,0.0,0.012374381157854763,8.59
1183,Tom Clancy's Splinter Cell®,0,2.297870771066387,0.014688524590163936,0.031083657709518462,4.29
1184,Tom Clancy's Splinter Cell Chaos Theory®,0,4.82145378715492,0.011540983606557378,0.059639921919952515,8.59
1185,Tom Clancy's Splinter Cell Double Agent®,0,0.24751665348324206,0.0,0.02330453745908987,8.59
1186,Prince of Persia®: The Sands of Time,0,2.5625142077064305,0.08760655737704919,0.02799826824310375,8.59
1188,Darwinia,0,1.093728941905942,0.14321311475409837,0.01739634486382765,7.19
1189,Tom Clancy's Rainbow Six Lockdown™,0,0.3352862804819087,0.010491803278688525,0.0019365742395581723,4.29
1190,Rayman Raving Rabbids™,0,1.0937897146134454,0.015213114754098362,0.007188300990902367,4.29
1191,Uplink,0,3.9943755007768726,0.040393442622950824,0.05428972529202062,6.99
1192,Assassin's Creed™: Director's Cut Edition,0,1.8446111094894364,0.2497049180327869,0.22336250339310781,8.59
1193,Tom Clancy's Rainbow Six® Vegas 2,0,2.121127892679776,1.0156065573770492,0.09643483247155779,8.59
1194,Beyond Good and Evil™,0,3.7107691169765276,0.23501639344262298,0.06265966480197543,4.29
1195,Petz® Horsez® 2,0,0.7145076111939254,0.0,0.00045952609074261744,4.29
1196,Heroes of Might & Magic V,0,2.586650580041115,0.2077377049180328,0.04401603483470354,8.59
1197,Brothers in Arms: Road to Hill 30™,0,2.343020136255967,0.036196721311475416,0.020481734330242366,4.29
1198,DEFCON,0,2.2430245367418546,0.06242622950819673,0.07552639534276871,7.19
1199,Silent Hunter®: Wolves of the Pacific,0,0.6484933210417937,0.07029508196721312,0.008599702555326121,8.59
1200,Silent Hunter® III,0,2.2746329431921493,0.0,0.022910657952739055,4.29
1202,Cold Fear™,0,2.5581066961698213,0.0,0.006958537945531059,4.29
1203,Multiwinia,0,1.8309092794462454,0.11750819672131149,0.01125838922319412,7.19
1204,Tom Clancy's Ghost Recon®,0,4.521198314388517,0.2497049180327869,0.01578800354622849,8.59
1205,IL-2 Sturmovik: 1946,0,2.618314324038361,0.9505573770491804,0.04503355689277648,8.69
1206,Heroes of Might & Magic V: Tribes of the East,0,4.3632974668753866,3.503737704918033,0.023796886842028388,8.59
1207,Heroes of Might & Magic V: Hammers of Fate,0,1.4826738966005486,0.0099672131147541,0.00016411646097950648,8.59
1208,Brothers in Arms: Hell's Highway™,0,3.1718558814721605,0.1815081967213115,0.026947922892834906,8.59
1209,Harvest: Massive Encounter,0,1.5741222638742813,0.0,0.0003282329219590125,5.79
1210,The Wonderful End of the World,0,1.0900555730336263,0.0,0.014343778689608835,6.99
1211,AaAaAA!!! - A Reckless Disregard for Gravity,0,1.9860838410546657,0.07921311475409837,0.018052810707745674,6.99
1212,AaaaaAAaaaAAAaaAAAAaAAAAA!!! for the Awesome,0,1.084873498690952,0.07134426229508198,0.0295081396841152,6.99
1213,"Warhammer 40,000: Dawn of War II",0,2.8083966381164447,0.1537049180327869,0.20616309828245558,14.99
1214,Oddworld: Abe's Oddysee®,0,2.32644025753589,0.1138360655737705,0.10112856325557167,1.99
1215,Oddworld: Abe's Exoddus®,0,6.395737430475106,0.03514754098360656,0.024748762315709525,1.99
1216,Oddworld: Munch's Oddysee,0,1.0292079927462112,0.0015737704918032788,0.016149059760383402,3.99
1217,Oddworld: Stranger's Wrath HD,0,2.0436010763563472,0.051409836065573776,0.02619298717232918,6.99
1219,7 Wonders II,0,1.1648119853580752,0.0,0.0006892891361139262,6.99
1223,Little Farm,0,0.7474290235353758,0.0,0.00026258633756720984,5.99
1225,Dangerous Waters,0,1.1684240526403997,0.0,0.0027571565444557034,22.99
1231,Space Empires IV Deluxe,0,1.6008533252428239,0.0,0.0012472851034442465,6.99
1238,Disciples II: Rise of the Elves,0,1.5502440791416188,0.0,0.01506589111791866,4.99
1239,Disciples II: Gallean's Return,0,1.1845040886312277,0.006295081967213115,0.017790224370178465,4.99
1240,F.E.A.R. 2: Project Origin,0,2.41684861292564,0.19252459016393444,0.1208881851575042,9.99
1242,Trials 2: Second Edition,0,1.9133125716712744,0.20039344262295083,0.0033479758039819253,5.99
1244,Iron Warriors: T - 72 Tank Command,0,0.4622177037696013,0.0,0.00456243761523027,3.99
1245,Insecticide Part 1,0,1.0217741253565744,0.13901639344262295,0.010437806918296589,0.79
1246,Velvet Assassin,0,0.5090785265434089,0.005245901639344262,0.06403824307420329,1.69
1247,Legendary,0,0.36691236704742825,0.04721311475409837,0.06548246793082294,1.69
1248,Sid Meier's Civilization IV: Colonization,0,1.2805248743070556,0.0005245901639344263,0.010667569963667897,9.99
1249,Space Empires V,0,0.8093987407484297,0.018360655737704918,0.005776899426478615,10.99
1250,GROUND BRANCH,0,1.5551930914492176,0.0,0.021072553589768585,15.49
1251,Arx Fatalis,0,2.377660087522547,0.011016393442622952,0.02222136881662513,2.99
1252,Tribes: Ascend,0,1.3761560168526064,0.03934426229508197,0.26613125312436714,0.0
1253,Children of the Nile: Enhanced Edition,0,1.765682527965072,0.0,0.003873148479116345,5.99
1255,Hinterland,0,1.0884833029553997,0.0,0.0016739879019909624,6.99
1257,Crysis,0,1.7735183752355295,0.05508196721311476,0.23803451500467568,9.99
1258,Crysis Warhead®,0,2.03171582476496,0.015213114754098362,0.06256119492538773,7.99
1259,SPORE™,0,2.826202069684666,0.40078688524590167,0.5584883167132593,14.99
1260,Mirror's Edge™,0,2.8798768196973015,0.09022950819672132,0.6604374622737285,9.99
1261,Need for Speed Undercover,0,0.7816599830992821,0.5487213114754099,0.10936720959674287,9.99
1262,SPORE™ Creepy & Cute Parts Pack,0,1.7937812421902308,0.1259016393442623,0.01578800354622849,9.99
1263,Dragon Age: Origins,0,5.04036710953029,1.5155409836065574,0.21581314618805053,14.99
1264,Mass Effect,0,5.775062532071586,0.33206557377049184,0.3503229976068538,7.99
1265,Dead Space,0,3.291416246486543,0.09337704918032788,0.33102290179566385,14.99
1266,Command & Conquer: Red Alert 3,0,1.9184173450565651,0.20721311475409837,0.16887583834791178,9.99
1267,Zombie Panic! Source,0,2.1596519523255764,0.04511475409836066,0.19959843984327533,0.0
1268,"Pirates, Vikings, and Knights II",0,2.4798382068480036,0.10334426229508198,0.1418294455784892,0.0
1269,Nuclear Dawn,0,1.405160518578117,0.6211147540983607,0.06617175706693687,6.99
1270,Empires Mod,0,2.160664139690369,0.7228852459016394,0.02225419210882103,0.0
1271,"Precipice of Darkness, Episode One",0,3.5494069978318965,0.003672131147540984,0.011028626177822812,5.99
1272,"Precipice of Darkness, Episode Two",0,1.9168548406763248,0.0,0.0013457549800319503,5.99
1273,DeathSpank,0,6.046485356889767,0.5287868852459017,0.015558240500857181,7.99
1274,DeathSpank: Thongs of Virtue,0,2.613585372167374,0.0,0.0014114015644237526,7.99
1275,The Baconing,0,1.4930545220686358,0.007344262295081968,0.0028228031288475056,9.99
1276,Unstoppable Gorg,0,1.4666704321932162,0.019409836065573772,0.00452961432303437,6.99
1277,Spectraball,0,1.0757739333827094,0.06609836065573771,0.009781341074378565,3.99
1278,Source Filmmaker,0,5.16067619662098,0.040393442622950824,0.5282580646008342,0.0
1279,Crazy Machines 2,0,0.291304889084301,0.034622950819672135,0.003446445680569629,7.19
1280,Crazy Machines,0,1.51468082503113,0.0,0.0007221124283098269,6.99
1283,Defense Grid: The Awakening,0,11.186721440251432,0.3598688524590164,0.10897333009039206,6.99
1285,And Yet It Moves,0,0.809647472223478,0.011540983606557378,0.031576007092456976,6.99
1286,Zero Gear,0,1.393868545622104,0.195672131147541,0.023796886842028388,3.99
1287,Earth 2160,0,0.7500110950539128,0.21718032786885247,0.02087561383659318,3.99
1288,Silent Hill Homecoming,0,0.3682175464763852,0.03829508196721312,0.0268166297240513,17.99
1292,Tank Universal,0,0.4031981165009078,0.033049180327868855,0.010372160333904786,3.99
1293,Two Worlds Epic Edition,0,0.9132842897781965,0.22137704918032788,0.11852490811939932,6.99
1296,Brothers in Arms: Earned in Blood™,0,2.142137405741398,0.0860327868852459,0.008402762802150713,4.29
1297,Tom Clancy's Rainbow Six® 3 Gold,0,4.333544547267418,0.032,0.025667814497194758,4.29
1298,Far Cry® 2: Fortune's Edition,0,1.1151555819352839,0.12013114754098361,0.22749823820979137,8.59
1299,Prince of Persia®,0,1.315178992096271,0.20931147540983608,0.036565147506233964,8.59
1300,Team Fortress Classic,0,1.9595923012314929,0.03252459016393443,0.1264024982464156,3.99
1301,Quantum Conundrum,0,2.0357536220933174,0.11540983606557378,0.04427862117227075,6.99
1302,Global Ops: Commando Libya,0,0.2097700779798902,0.0,0.007286770867490071,3.99
1304,Puzzler World 2,0,1.2557156758773114,0.032,0.0030853894664147155,4.99
1305,Battle Chess: Game of Kings™,0,0.27455782972653336,0.0,0.0034136223883737275,22.99
1306,Worms Revolution,0,2.1422219170916197,0.1358688524590164,0.14796740121912272,10.99
1307,Sideway™ New York,0,0.5992826683829319,0.0,0.00026258633756720984,6.99
1308,Realm of the Mad God,0,1.8483977352625398,0.03357377049180328,0.9204307597574621,0.0
1309,Off-Road Drive,0,0.5669502456204012,0.0,0.011914855067112144,3.99
1310,Batman: Arkham City - Game of the Year Edition,0,7.901912078297063,0.3241967213114754,0.8911523831187182,14.99
1311,A Game of Dwarves,0,0.5788135668325063,0.5198688524590165,0.011225565930998218,7.99
1312,Oil Rush,0,0.3372024063708044,0.004721311475409836,0.007976060003603997,5.59
1314,Memento Mori,16,0.4904591114116879,0.002098360655737705,0.0005251726751344197,9.99
1315,XCOM: Enemy Unknown,12,6.7363825987425985,0.5502950819672131,1.2670447253461792,14.99
1316,Dungeons - The Dark Lord,0,0.16727410701211473,0.0015737704918032788,0.0025602167912802958,14.99
1317,Disciples III - Resurrection,0,0.15169270888171704,0.0,0.0018052810707745678,9.99
1318,Torchlight II,0,6.40361619903676,0.26649180327868854,1.0239554233433346,14.99
1319,Cave Story+,0,8.496366067621004,0.0797377049180328,0.17232228402848143,10.99
1320,Geneforge 1,0,6.001299104739245,0.0,0.006072309056241726,0.0
1325,Revelations 2012,0,0.4892558434515663,0.00419672131147541,0.00725394757529417,0.0
1326,Pox Nora,0,0.9428813718759281,0.0010491803278688525,0.014179662228629328,0.0
1327,EverQuest II,0,0.9649442686761468,0.3168524590163935,0.0349568061886348,0.0
1328,Sins of a Solar Empire: Trinity®,0,1.0496137086715132,0.0760655737704918,0.015656710377444885,15.49
1329,Toki Tori 2+,0,1.92880123945628,0.07816393442622951,0.02300912782932676,10.99
1330,Serious Sam: The Random Encounter,0,0.3552040260719859,0.009442622950819672,0.017724577785786663,3.99
1331,Airline Tycoon 2,0,0.007038402711165577,0.0,0.011389682391977725,6.99
1332,Flatout 3: Chaos & Destruction,0,0.005777884854125295,0.0099672131147541,0.06774727509234012,6.99
1333,Really Big Sky,0,1.134338751999366,0.14740983606557378,0.05878651632285909,3.99
1334,Orcs Must Die! 2,0,7.448352387484608,0.128,0.4563422313996147,11.99
1335,Wolfenstein: The New Order,18,3.35563729239004,0.33049180327868855,0.9728167341021204,14.99
1336,Assassin's Creed® Revelations,16,2.0986631642548295,0.6851147540983608,0.2253975475092537,12.49
1338,Impire,0,0.2547157719446404,0.0398688524590164,0.009026405353872837,14.99
1339,Galactic Civilizations® II: Ultimate Edition,0,1.0909090910431707,0.008918032786885247,0.035908681662315936,14.99
1340,Ridge Racer™ Unbounded,0,0.40809461504082045,0.0,0.02924555334654799,7.99
1342,Scoregasm,0,1.81438206543853,0.008918032786885247,0.000951875473681136,3.99
1344,Hegemony Gold: Wars of Ancient Greece,0,11.180773249859168,0.002622950819672131,0.0006892891361139262,10.99
1345,Demigod,0,0.9681474222246752,0.1416393442622951,0.02218854552442923,7.19
1346,Dynamite Jack,0,2.312567830051371,0.004721311475409836,0.009879810950966269,7.19
1347,Alan Wake's American Nightmare,0,0.8877113170537826,0.06452459016393443,0.16300046904484547,6.19
1349,Call of Duty®: Black Ops II,18,2.075949596811555,0.20983606557377052,0.9973357333724587,39.99
1350,Hitman: Absolution™,18,3.5542119121305142,0.20983606557377052,0.8420815612858459,14.99
1351,Tomb Raider,18,8.699748732705876,0.24918032786885247,3.20066486860672,14.99
1352,Titan Attacks!,0,3.787172752820419,0.09914754098360656,0.025241111698648042,7.19
1353,America's Army: Proving Grounds,0,1.2413598294428085,0.01259016393442623,0.2696433453893286,0.0
1354,King's Bounty: Warriors of the North,0,1.7362672535433548,0.41862295081967216,0.02570063778939066,6.99
1355,Fortune Summoners,0,2.345828486133113,0.01416393442622951,0.018840569720447304,12.99
1356,Containment: The Zombie Puzzler,0,1.6052536229298469,0.0,0.004923493829385183,3.99
1357,Warlock - Master of the Arcane,0,2.320315972320275,0.07134426229508198,0.06577787756058605,18.99
1358,Sonic the Hedgehog 4 - Episode II,0,1.1824924113062565,0.5880655737704918,0.025241111698648042,5.99
1359,F1 RACE STARS™,0,1.1771938157401645,0.032,0.026389926925504584,10.99
1360,Binary Domain,0,2.232205420449401,0.6515409836065574,0.1660202119268684,9.99
1361,Crusader Kings II,0,2.8513198216911837,0.14268852459016396,1.1735968124644482,29.99
1362,The Dark Eye: Chains of Satinav,0,2.4148957955741217,0.2969180327868853,0.045230496645951884,26.99
1363,SATAZIUS,0,3.323072288848611,0.06504918032786886,0.004431144446446666,4.79
1364,Fable - The Lost Chapters,0,4.572221813747367,0.29114754098360657,0.1525626621265489,6.99
1365,Superbrothers: Sword & Sworcery EP,0,1.3318682454047293,0.03409836065573771,0.07066854809777533,4.99
1366,Max Payne 3,0,1.8413798037987972,0.2785573770491804,0.8486462197250261,14.99
1367,LEGO® Harry Potter: Years 5-7,0,2.2656126103954146,0.9988196721311476,0.020744320667809575,14.99
1368,Waveform,0,1.925761116143002,0.0839344262295082,0.06640152011230817,0.79
1369,Snapshot,0,0.9600689646122148,0.04668852459016394,0.00400444164789995,6.99
1370,The Bridge,0,2.9758741359726946,0.06452459016393443,0.10582229403958554,6.99
1371,Awesomenauts - the 2D moba,0,2.115293711223092,0.2570491803278689,0.799181518385803,0.0
1372,Serious Sam 2,0,2.8751120705092483,0.16,0.1954627050265918,6.99
1373,Castle Crashers®,0,9.30601744443371,0.16052459016393444,1.7145574911450965,9.99
1374,Pineapple Smash Crew,0,1.751532096492867,0.0,0.00045952609074261744,6.99
1375,Pickers,0,1.6008533252428239,0.0,0.0012472851034442465,6.99
1376,Infested Planet,0,5.855778025465812,1.5601311475409838,0.06502294184008033,11.39
1377,Confrontation,0,0.07605361511469821,0.0,0.00672877490015975,6.99
1379,Retro City Rampage™ DX,0,3.1154224005154187,0.32996721311475413,0.07050443163679583,10.99
1380,Deep Black: Reloaded,0,0.0850380161652664,0.0,0.0031510360508065177,22.99
1381,Men of War: Condemned Heroes,0,0.6612683638388054,0.06032786885245902,0.006203602225025331,5.59
1382,Sins of a Solar Empire: Rebellion®,0,4.608204414442057,0.20616393442622952,0.3037467459808699,30.99
1383,Crusader Kings Complete,0,0.591311131451654,0.031475409836065574,0.001378578272227852,7.99
1384,Magical Drop V,0,0.3824357275263815,0.09547540983606558,0.01017522058072938,0.79
1385,Lumino City,0,2.99274437233066,0.015213114754098362,0.03101801112512666,8.99
1386,BIT.TRIP CORE,0,0.47351426690325255,0.0,0.0006892891361139262,6.99
1388,BIT.TRIP FATE,0,0.5833572696425202,0.0,0.0002954096297631114,6.99
1389,BIT.TRIP FLUX,0,0.3861784729526805,0.0,0.0010831686424647405,6.99
1390,S.T.A.L.K.E.R.: Clear Sky,0,2.3069852261258226,0.4086557377049181,0.20852637532056048,7.99
1391,Dishonored,0,12.58446245000412,0.29639344262295086,1.4089398175090602,7.99
1392,Rocksmith™,0,4.118444463402025,0.7192131147540984,0.02786697507432014,25.99
1393,Hell Yeah! Wrath of the Dead Rabbit,12,2.346418475480453,0.07659016393442623,0.09997974802871512,9.99
1395,Red Faction,0,3.3216945069513555,0.05613114754098361,0.045230496645951884,4.99
1396,Company of Heroes: Tales of Valor,0,5.030689462220298,0.0697704918032787,0.043917564958115836,9.99
1397,Red Faction II,0,0.38073567874782466,0.0,0.018610806675075996,4.99
1399,Foreign Legion: Multi Massacre,0,0.65760640492441,0.013639344262295083,0.006827244776747454,4.79
1400,Port Royale 3,0,0.8060414442644895,0.03357377049180328,0.019464212272169427,9.99
1401,The Testament of Sherlock Holmes,0,1.8450646360165899,0.0005245901639344263,0.055438540518877165,14.99
1402,1000 Amps,0,1.3649709979930096,0.0,0.006269248809417134,3.99
1403,"Warhammer® 40,000: Dawn of War® II Chaos Rising",16,3.7988826047789446,0.13062295081967215,0.05609500636279519,14.99
1404,EverQuest,0,0.9951162998094335,0.010491803278688525,0.02353430050446118,0.0
1405,Insanely Twisted Shadow Planet,0,2.4775880615177233,0.14426229508196722,0.01739634486382765,11.99
1406,Jagged Alliance: Crossfire,0,0.5199054854295531,0.0,0.0028556264210434063,9.99
1407,Luxor Evolved,0,4.128579990821595,0.04931147540983607,0.0037418553103327396,6.99
1408,Yesterday,0,1.819171517317989,0.06609836065573771,0.01851233679848829,6.99
1409,Auditorium,0,1.632967300333859,0.0,0.004857847244993382,4.99
1410,Tiny and Big: Grandpa's Leftovers,0,4.275666846863643,0.10334426229508198,0.12118359478726731,6.99
1411,Jet Set Radio,0,2.014668614033248,0.07134426229508198,0.1289627150376959,5.59
1412,Warlock 2: The Exiled,0,0.6905024147749684,0.0,0.024486175978142316,14.99
1416,Gunpoint,0,14.663386911714426,0.12695081967213115,0.34644984912773746,6.0
1417,Gotham City Impostors Free to Play,0,1.9542751383181165,0.05613114754098361,0.35915246320755123,0.0
1419,Cladun X2 / クラシックダンジョンX2,0,1.0559148491951005,0.2838032786885246,0.00016411646097950648,6.99
1420,Tales From Space: Mutant Blobs Attack,0,3.611976933294547,0.096,0.016444469390146516,7.19
1422,Saints Row IV,16,4.147643908447031,0.5739016393442623,1.9344735488576346,10.99
1423,To the Moon,0,11.313636866860316,0.12222950819672132,1.4257781664055575,6.99
1424,Dungeons & Dragons Online®,0,0.8944086235916593,0.42177049180327875,0.07595309814131543,0.0
1425,AirMech Strike,0,1.9841157775227978,0.09022950819672132,0.29475316391919304,0.0
1426,3SwitcheD,0,0.1756154468748502,0.1358688524590164,0.006991361237726961,6.99
1427,iBomber Defense Pacific,0,1.8713294577059554,0.05665573770491804,0.013293433339339996,2.99
1429,Alien Spidy,0,0.5295786908180005,0.0,0.0011816385190524443,7.99
1430,Bang Bang Racing,0,1.4311505483671185,0.0,0.009814164366574465,7.99
1431,Indie Game: The Movie,0,4.628497731892396,0.13062295081967215,0.05126998240999771,6.99
1433,SpeedRunners,0,5.451269063157342,0.1678688524590164,0.7289724963787703,10.99
1434,Legend of Grimrock,0,6.280846888115974,0.18990163934426232,0.1505932645947948,10.99
1435,Fireburst,0,0.34712373561476845,0.0,0.0013457549800319503,6.99
1436,ArcheBlade™,0,0.9851702286975829,0.05298360655737706,0.2503760728703346,0.0
1437,Cubemen,0,0.9409446879368193,0.05822950819672132,0.012505674326638365,2.79
1438,Ys: The Oath in Felghana,0,6.25339082718235,0.33311475409836067,0.029311199930939797,9.99
1439,Ys Origin,0,7.5900179349328045,0.647344262295082,0.059147572537014005,12.99
1440,eXceed - Gun Bullet Children,0,0.3107737029338609,0.05665573770491804,0.01047063021049249,1.99
1441,eXceed 2nd - Vampire REX,0,2.5024808617888072,0.08970491803278689,0.00400444164789995,4.79
1442,eXceed 3rd - Jade Penetrate Black Package,0,4.527235393526581,0.0739672131147541,0.014114015644237527,4.79
1443,Wizorb,0,0.8688267309203392,0.26439344262295084,0.021729019433686613,1.99
1444,"Hack, Slash, Loot",0,0.3362088531837629,0.07291803278688525,0.018676453259467797,4.99
1445,Rayman® Origins,0,5.030389240943221,0.26072131147540983,0.04998987401435756,8.59
1446,Noitu Love 2: Devolution,0,6.379733966067773,0.11488524590163936,0.013030847001772787,3.99
1447,English Country Tune,0,1.6967530252511664,0.0015737704918032788,0.007844766834820393,3.99
1448,A Virus Named TOM,0,0.4236118540026452,0.05088524590163935,0.019168802642406318,6.99
1450,Botanicula,0,9.898613347056534,0.010491803278688525,0.11685092021740835,7.99
1452,Arena Wars 2,0,0.13838289713895782,0.0,0.009321814983635946,2.79
1453,Symphony,0,2.0762569351492655,0.16839344262295083,0.04161993450440275,6.19
1454,Jane's Advanced Strike Fighters,0,0.11741766002977672,0.0,0.007582180497253182,7.99
1455,Sacred Citadel,0,0.8095246954379153,0.1379672131147541,0.02730897910698982,7.99
1457,Endless Space® - Collection,0,1.4935160459749868,0.18465573770491805,0.2305836276762061,0.0
1458,Shatter,0,5.725592363651195,0.02675409836065574,0.030427191865600434,6.99
1459,Doom 3: BFG Edition,18,1.9150161905026426,0.5167213114754099,0.15193901957482675,14.99
1460,Avernum: Escape From the Pit,0,4.541372378632043,0.0,0.02012067811608745,6.99
1462,F1 2012™,0,3.1041158001369986,1.5144918032786887,0.04998987401435756,14.99
1463,Omerta - City of Gangsters,0,0.5716918856780073,0.14740983606557378,0.05123715911780181,10.99
1464,STAR WARS™ Knights of the Old Republic™ II - The Sith Lords™,0,3.106583707550365,0.4060327868852459,0.29294788284841844,7.19
1465,Lunar Flight,0,1.8263272347683452,0.2497049180327869,0.015098714410114561,10.99
1469,Batman™: Arkham Knight,18,0.9263288283531175,0.6798688524590164,1.5099370875958482,15.99
1470,Blades of Time,16,1.5184293843239605,0.05508196721311476,0.05238597434465835,6.99
1472,Game of Thrones,0,0.8669631003631388,0.7454426229508198,0.06216731541903692,10.99
1473,Apotheon,0,3.529516978051642,0.37560655737704923,0.07808661213404901,10.99
1474,The Witcher: Enhanced Edition Director's Cut,0,2.349024110883878,0.1757377049180328,1.0010119420983996,6.99
1475,Batman™: Arkham Origins,16,2.1690901752632348,0.23239344262295084,0.7806691815873147,0.0
1476,Drunken Robot Pornography,0,1.9792662427491594,0.08760655737704919,0.01716658181845634,10.99
1477,Guns of Icarus Online,0,3.8389457155360422,0.15475409836065576,0.4630710062997745,3.99
1478,Resident Evil: Operation Raccoon City,0,0.36317298465312675,0.12432786885245903,0.07057007822118763,22.99
1479,Street Fighter X Tekken,0,0.41914381710807647,0.10281967213114755,0.04775789014503628,22.99
1480,Call of Duty®: Ghosts,16,0.4780663569368537,0.16104918032786886,0.8386022923130804,39.99
1481,Stealth Bastard Deluxe,0,3.180073591884757,0.24393442622950823,0.02547087474401935,6.99
1482,The Witcher 2: Assassins of Kings Enhanced Edition,0,2.9168289349673806,0.1678688524590164,1.3469694418431986,14.99
1483,Sherlock Holmes and The Hound of The Baskervilles,0,1.7637103424529168,0.0,0.004431144446446666,6.99
1484,A Valley Without Wind,0,0.5080112977597677,0.044065573770491806,0.011750738606132637,0.0
1486,Analogue: A Hate Story,0,5.5905631337945625,0.08760655737704919,0.06265966480197543,7.19
1488,Mini Motor Racing EVO,0,0.6510653065370032,0.06347540983606557,0.017560461324807156,3.99
1489,Strike Suit Zero,0,1.318390546311297,0.040393442622950824,0.047593773684056775,14.99
1490,Roller Coaster Rampage,0,0.4244856462249604,0.0,0.0003282329219590125,6.99
1491,Magrunner: Dark Pulse,0,1.8744387021579263,0.0,0.006597481731376146,6.99
1492,Call of Duty®: Advanced Warfare - Gold Edition,18,0.5600767593768001,0.1400655737704918,0.7112150953007876,39.99
1493,Cortex Command,0,0.7702445735028672,0.12013114754098361,0.14681858599226616,14.99
1494,Fieldrunners,0,0.5492060054103092,0.06819672131147542,0.003380799096177826,3.99
1495,R.A.W. Realms of Ancient War,0,0.3008796113300448,0.01259016393442623,0.016411646097950615,11.99
1496,Cannon Fodder 3,0,0.3372830960937561,0.0,0.0004267027985467159,10.99
1497,Splice,0,2.9056704581733603,0.012065573770491804,0.014146838936433427,6.99
1498,Lone Survivor: The Director's Cut,16,2.5043852631556884,0.06714754098360656,0.03518656923400611,11.39
1500,Triple Town,0,4.240390861210327,0.08918032786885247,0.016707055727713725,6.99
1501,Dark Messiah of Might & Magic,0,5.277318110100446,0.3672131147540984,0.15105279068553742,4.29
1502,LEGO® Batman™: The Videogame,0,1.6128177713214884,0.37560655737704923,0.03912536429751426,14.99
1503,Watchmen: The End is Nigh,0,0.672898604195761,0.0,0.008107353172387602,3.99
1504,Spirits,0,0.9034009601840389,0.11016393442622952,0.003709032018136838,2.89
1506,Watchmen: The End is Nigh Part 2,16,0.6768524010044765,0.0,0.0015755180254032586,3.99
1507,Sanctum 2,0,3.4549845829883408,0.10649180327868853,0.4202037866919275,11.39
1508,Cloudberry Kingdom™,7,3.877545257121463,0.017311475409836068,0.0029869195898270117,8.59
1509,F.E.A.R.,18,5.5330849378557545,0.2612459016393443,0.22021146734230132,35.96
1510,Rune Classic,0,4.102120929837135,0.31055737704918035,0.0161162364681875,6.99
1511,The Witness,0,1.9152917267561371,0.35357377049180333,0.2545118076870181,29.99
1512,F.E.A.R. 3,18,0.9583909464586403,0.15632786885245903,0.238920743893965,12.99
1513,Alien Shooter 2 Conscription,0,1.616268033209704,0.024655737704918034,0.004792200660601579,7.19
1514,Viking: Battle for Asgard,18,0.27089726887477744,0.01259016393442623,0.05806440389454926,9.99
1515,Unmechanical,0,5.035442966606182,0.05036065573770492,0.009814164366574465,6.99
1516,They Bleed Pixels,0,2.2543638805922726,0.20459016393442625,0.07194865649341547,6.99
1517,Primal Fears,0,0.4968604968673543,0.0,0.0063020721016130345,6.99
1518,LEGO® Harry Potter: Years 1-4,0,1.3424000532953644,0.5188196721311475,0.06669692974207128,9.99
1519,Magical Diary: Horse Hall,0,3.147034181520205,0.0,0.026127340587937375,10.99
1520,Offspring Fling!,0,1.862489448872055,0.09442622950819674,0.014409425274000636,4.99
1521,Deadlight,18,1.4474077768909182,0.2177049180327869,0.3669315834579798,9.99
1522,Adventures of Shuggy,0,2.408082273927092,0.04354098360655738,0.032954585364684826,3.99
1523,RaceRoom Racing Experience,0,0.5060637212227318,0.022032786885245903,0.2847420597994431,0.0
1524,Wanderlust: Rebirth,0,0.36396884794212,0.14845901639344264,0.012407204450050663,3.99
1525,Thief™ Gold,0,4.22575417932721,0.17049180327868854,0.05570112685644438,4.99
1526,Thief™ II: The Metal Age,0,6.310071827447743,0.8309508196721312,0.026127340587937375,4.99
1527,Conflict Desert Storm™,0,1.4991936017828245,0.0,0.012111794820287552,4.99
1528,Dead Hungry Diner,7,1.1946115395730648,0.12537704918032788,0.0006236425517221235,3.99
1529,Starbound,0,3.5907085251497537,1.078032786885246,2.687505518416,11.99
1530,Conquest of Elysium 3,0,1.6565983387026033,0.0,0.006203602225025331,6.99
1531,Test Drive: Ferrari Racing Legends,3,0.4584521825970231,0.7081967213114755,0.004989140413776986,14.99
1532,Galaxy on Fire 2™ Full HD,0,0.9980454284716341,0.18937704918032788,0.04358933203615682,5.59
1533,Kung Fu Strike - The Warrior's Rise,0,1.408041627245401,0.0519344262295082,0.03000048906705372,6.99
1534,Resonance,0,4.465719638390964,0.11488524590163936,0.009288991691440046,6.99
1535,Star Conflict,0,1.1341692710877334,0.059278688524590166,0.3723146033781076,0.0
1536,Sugar Cube: Bittersweet Factory,0,1.1065924859088616,0.14059016393442625,0.003052566174218814,4.99
1537,Vindictus,0,0.9054968999733551,0.13062295081967215,0.16431340073268152,0.0
1538,Continent of the Ninth Seal,0,0.9720963058418294,0.02518032786885246,0.03695902701258478,0.0
1539,The Lord of the Rings Online™,0,1.549024025979995,0.15737704918032788,0.2758469476143539,0.0
1540,Tom Clancy's Ghost Recon: Future Soldier™,0,0.6718687194320018,0.17049180327868854,0.10605205708495685,12.49
1541,FTL: Faster Than Light,0,10.0001714597848,0.33206557377049184,1.449804816292957,6.99
1542,Party of Sin,0,0.3692643370437537,0.18727868852459018,0.0028556264210434063,4.79
1543,New Star Soccer 5,0,0.6413489175285723,0.0,0.006400541978200738,9.99
1544,Super Crate Box,0,3.2022940069430454,0.020459016393442626,0.21509103375974073,0.0
1546,Penny Arcade's On the Rain-Slick Precipice of Darkness 3,0,2.4672250512548097,0.0,0.014343778689608835,1.69
1547,LEGO® Batman™ 2: DC Super Heroes,0,2.8314309791257615,0.5408524590163934,0.03275764561150942,14.99
1550,Sonic Adventure 2,0,1.9134527992744257,0.6232131147540985,0.18016705086330181,5.99
1551,Dwarfs - F2P,0,2.2115783497272963,0.025704918032786888,0.04765942026844858,0.0
1552,South Park™: The Stick of Truth™,0,15.08031332427564,0.3294426229508197,1.2048445866349462,25.99
1553,Magic 2014 — Duels of the Planeswalkers,0,1.7425386879244358,0.8393442622950821,0.14074627693602446,6.99
1556,Aerofly FS 1 Flight Simulator,0,0.5840642795213636,0.0,0.0013457549800319503,15.49
1557,Galactic Civilizations® I: Ultimate Edition,0,0.3388658562507762,0.01678688524590164,0.0027571565444557034,6.99
1558,Divine Divinity,0,2.7961188404943877,0.03095081967213115,0.05005552059874936,4.79
1559,I Am Alive,18,0.69204340473797,0.2140327868852459,0.0643992992883582,12.49
1560,Deponia,0,3.242140483669247,0.10124590163934427,0.260879526373023,6.99
1561,Tower Wars,0,0.9894863046330736,0.1300983606557377,0.049530347923614944,5.59
1562,Gear Up,0,1.0481852358651664,0.020459016393442626,0.27926057000272764,0.0
1563,Alien: Isolation,18,4.758954105876234,0.37770491803278694,0.866272327634225,29.99
1564,Eets Munchies,0,1.429154114533915,0.08131147540983608,0.016181883052579303,4.99
1565,ETHER VAPOR Remaster,0,1.2592073407760611,0.03724590163934426,0.004693730784013875,5.59
1566,Fairy Bloom Freesia,0,2.3834732097005165,0.11855737704918033,0.03023025211242503,5.59
1567,Cherry Tree High Comedy Club,0,2.1681893793074054,0.11645901639344264,0.014310955397412934,5.59
1568,Call of Duty: Black Ops - Mac Edition,18,0.5608743541126008,0.0,0.005678429549890911,15.49
1569,Thirty Flights of Loving,0,0.5287011557054597,0.0,0.047593773684056775,3.99
1570,Space Rangers HD: A War Apart,0,7.431443983248419,0.0,0.11104119749873384,11.99
1571,Guacamelee! Gold Edition,0,5.4928200816667045,0.16629508196721313,0.16802243275081835,9.99
1572,The Basement Collection,0,1.9847433640008112,0.2512786885245902,0.028392147749454557,2.99
1573,Half Minute Hero: Super Mega Neo Climax Ultimate Boy,0,2.5076399575893027,0.24236065573770493,0.04001159318680359,6.99
1574,Painkiller Hell & Damnation,0,1.2134197346420894,0.09127868852459017,0.09252886070024555,17.99
1575,Air Conflicts: Pacific Carriers,0,0.2805675222001901,0.0,0.009485931444615453,7.19
1576,Total War™: ROME II - Emperor Edition,0,0.8580916988776529,0.6751475409836066,1.4831861044561887,29.99
1577,Intrusion 2,0,1.8924945693781001,0.07501639344262295,0.03535068569498562,6.49
1579,WAKFU,0,1.2159734673541085,0.5697049180327869,0.1853859543224501,0.0
1580,The Book of Unwritten Tales,0,3.9190221898334285,0.03252459016393443,0.046609074918179734,17.99
1581,Secret World Legends,0,0.7524417487069356,0.2140327868852459,0.21092247565086125,0.0
1583,Primal Carnage,0,1.2373600225462622,0.24655737704918035,0.18610806675075994,5.59
1584,Rocketbirds: Hardboiled Chicken,0,1.409355047946351,0.07921311475409837,0.08685043115035464,3.99
1585,The Incredible Adventures of Van Helsing,0,1.7487164494200924,0.37770491803278694,0.1955283516109836,10.99
1586,Zombie Playground™,0,0.30070374926107957,0.002622950819672131,0.007319594159685973,6.99
1587,Demonicon,0,0.7504643308301273,0.3430819672131148,0.020580204206830068,6.99
1588,Home,0,0.738976228505875,0.011016393442622952,0.048808235495305115,1.99
1589,Zeno Clash 2,0,1.0925894547924977,0.09967213114754099,0.03019742882022913,10.99
1590,Fieldrunners 2,0,1.8884975947106484,0.0,0.00725394757529417,6.99
1592,Dream Pinball 3D,0,0.11254089145682164,0.14898360655737705,0.014540718442784243,4.99
1593,Closers,0,1.024809114630484,0.14845901639344264,0.08845877246795379,0.0
1594,Dungeon-Party,0,0.20239675438420415,0.0005245901639344263,0.009354638275831849,0.0
1595,Jagged Alliance 2 - Wildfire,0,0.9150843634091919,0.22032786885245903,0.017527638032611256,4.99
1596,Go Home Dinosaurs!,0,6.398938123202939,0.24026229508196723,0.008402762802150713,6.99
1597,Tiny Troopers,0,1.4553893019043218,0.018360655737704918,0.026324280341112782,3.99
1598,Gemini Wars,0,0.05821020233266135,0.0,0.0010831686424647405,10.99
1599,MapleStory,0,0.7609747126426466,0.055606557377049184,0.1719940511065224,0.0
1601,Don Bradman Cricket 14,0,3.225820467153694,0.0,0.012998023709576886,15.49
1602,Gateways,0,5.419526109309493,0.004721311475409836,0.002724333252259802,3.99
1603,Flock!,0,1.1889632581982807,0.0,0.0014442248566196541,3.49
1604,Street Fighter® IV,0,0.8455836042350648,0.0,0.010536276794884293,13.99
1606,Bionic Commando,0,0.9555314455407985,0.015737704918032787,0.026127340587937375,6.49
1607,Bionic Commando: Rearmed,18,0.5525770877904904,0.00839344262295082,0.021006907005376784,6.49
1608,Blood Bowl: Chaos Edition,0,1.4826738966005486,0.17940983606557379,0.04217793047173307,11.99
1609,Resident Evil™ 5/ Biohazard 5®,18,2.1421194901832066,0.2790819672131148,0.3534412103654644,13.99
1610,Of Orcs And Men,0,0.9336541492376285,0.038819672131147544,0.03574456520133643,10.99
1613,Rise of the Triad,18,0.7658708843278048,0.1799344262295082,0.06594199402156556,10.99
1614,Worms Armageddon,0,5.794048740843341,0.24655737704918035,0.11973936993064767,10.99
1615,Karateka,0,0.8332242189036687,0.0,0.0026915099600639003,2.89
1616,Din's Curse,0,2.4254234288650784,0.0,0.0021006907005376783,6.99
1617,Anna - Extended Edition,0,0.63596300104407,0.14111475409836066,0.041587111212206845,7.99
1618,Age of Conan: Unchained,0,0.7919047180310653,0.07081967213114755,0.03843607516140033,0.0
1619,Dogfight 1942,0,0.9100408474443311,0.0,0.015722356961836687,6.99
1620,Driver® Parallel Lines,0,3.0106568340437594,0.0,0.010273690457317082,8.59
1621,Alien Rage - Unlimited,0,0.8278174578429288,0.18622950819672132,0.07480428291445888,14.99
1622,Tom Clancy's EndWar™,0,0.9278871350886909,0.3436065573770492,0.009321814983635946,8.59
1625,BIT.TRIP Presents... Runner2: Future Legend of Rhythm Alien,0,4.491035525831976,0.04721311475409837,0.08980452744798574,10.99
1626,Unity of Command: Stalingrad Campaign,0,1.615116359522225,4.389770491803279,0.01706811194186864,14.99
1627,PlanetSide 2,0,1.7281938316449783,0.07868852459016394,1.4317848288774073,0.0
1628,Defender's Quest: Valley of the Forgotten (DX edition),0,10.068061792140888,0.7160655737704918,0.0882946560069743,10.99
1629,Planets Under Attack,0,0.9357073267461685,0.15895081967213115,0.019135979350210414,6.99
1630,PAYDAY 2,18,2.0437167406902734,0.4668852459016394,11.983127514879618,7.49
1631,Lucius,18,1.5306842894384625,0.09967213114754099,0.23222479228600115,6.99
1632,iBomber Attack,0,1.380251725084971,0.0,0.001378578272227852,4.99
1633,Scribblenauts Unlimited,0,4.297324002072743,0.20459016393442625,0.23465371590849785,14.99
1635,Pid,0,2.0442657349233775,0.03409836065573771,0.0751981624208097,6.99
1636,Mercenary Kings: Reloaded Edition,16,0.8574082467383672,0.2114098360655738,0.0672221024172057,14.99
1638,Hotline Miami,18,14.475213897215543,0.12432786885245903,1.5400688698316856,6.99
1639,Ultratron,0,3.435096538547689,0.044065573770491806,0.01657576255893012,7.19
1640,Droid Assault,0,1.8667570393038604,0.00419672131147541,0.0075493572050572815,7.19
1641,The Banner Saga: Factions,0,1.0282388910602005,99.92865573770493,0.022024429063449723,0.0
1642,Chivalry: Medieval Warfare,0,1.7545411397982371,0.1537049180327869,2.04613838890809,18.99
1643,Proteus,0,1.022823214277469,0.02518032786885246,0.07897284102333835,6.99
1644,Dogs of War Online,0,0.6330819849408234,0.015213114754098362,0.019595505440953034,0.0
1645,Beyond Divinity,0,0.3861311838679845,0.006819672131147541,0.005941015887458122,4.79
1646,Divinity II: Developer's Cut,0,1.689085925677622,0.036721311475409836,0.07687215032280066,14.99
1647,Call of Juarez®: Bound in Blood,0,1.8021913386967574,0.006819672131147541,0.04112758512146423,8.59
1648,King Arthur's Gold,0,1.8141920057361947,0.19829508196721313,0.12046148235895748,0.0
1649,Antichamber,0,7.622983485340848,0.09495081967213116,0.4183000357445652,14.99
1650,Edna & Harvey: Harvey's New Eyes,0,3.9152004669268283,0.14059016393442625,0.056981235252084525,15.99
1651,NiGHTS Into Dreams,0,2.6349233247104835,0.00839344262295082,0.017461991448219454,5.59
1652,Grim Dawn,0,3.898490515761893,0.807344262295082,0.9620506942618648,19.99
1653,Half-Life 2,0,10.727661522513626,0.21088524590163937,2.30488440128838,7.19
1654,Quake III Arena,0,7.872420725070522,0.054032786885245904,0.04358933203615682,12.99
1655,World of Goo,0,5.545528068675586,0.14531147540983608,0.11790126556767719,6.99
1656,The Journey Down: Chapter One,0,2.631945936001402,0.1715409836065574,0.030558485034384044,5.99
1657,Trials Evolution: Gold Edition,0,1.2011945249157654,0.26649180327868854,0.05596371319401158,16.99
1658,Kerbal Space Program,0,3.6123733040251516,0.18413114754098361,1.785455802288243,29.99
1659,Far Cry 3,0,3.1115772001426367,0.41652459016393445,1.7019861702340662,16.99
1660,Farming Simulator 2013 Titanium Edition,0,3.9404027729167965,0.7118688524590164,0.1392692287872089,11.39
1662,DmC: Devil May Cry,16,5.900433558827325,0.29272131147540986,0.5145379284629475,23.99
1663,Cargo Commander,0,1.7048934293292146,0.3640655737704918,0.022352661985408737,2.09
1664,StarDrive,0,0.23453539875141186,0.0,0.038600191622379834,22.99
1665,RPG Maker VX Ace,0,6.113619217139894,0.24393442622950823,0.11429070342612806,52.99
1666,Chaos on Deponia,0,4.495028462249266,0.21927868852459018,0.04772506685284038,15.99
1667,Thomas Was Alone,0,6.484523773178817,0.042491803278688525,0.25582473937485417,5.99
1668,Zombie Driver HD,0,2.0129304138920436,0.12222950819672132,0.07651109410864575,6.99
1669,McPixel,0,1.9295589302580525,0.08708196721311476,0.11425788013393216,2.99
1670,Jack Lumber,0,0.6161823266618776,0.07344262295081967,0.007976060003603997,3.99
1671,Quake IV,18,1.9476166483748907,0.01678688524590164,0.031576007092456976,12.99
1672,Mount & Blade,0,4.17653538871472,0.31318032786885247,0.11146790029728056,7.99
1673,Towns,0,0.07559614290141972,2.472393442622951,0.07910413419212195,9.99
1674,Resident Evil 6 / Biohazard 6,18,1.3869482569271492,0.6531147540983607,0.6054912711377899,19.99
1675,DayZ,18,0.5358123179749296,1.4678032786885247,6.417084917467474,33.99
1676,Eufloria HD,0,3.798146557062263,0.0,0.00938746156802775,10.99
1677,Penumbra: Black Plague Gold Edition,0,6.733430784209573,0.09914754098360656,0.04513202676936418,0.0
1678,Little Inferno,0,5.304259327553599,0.12904918032786886,0.22195110182868408,6.99
1679,Hearts of Iron 2 Complete,0,1.706722396382786,0.0,0.005514313088911406,9.99
1680,Age of Empires II HD,0,6.483489591676941,0.32472131147540984,1.8764419682552813,14.99
1681,DG2: Defense Grid 2,0,1.6595257389906615,1.889049180327869,0.06016509459508694,10.99
1682,Super Hexagon,0,12.290000377898558,0.06819672131147542,0.6667395343753415,1.99
1683,Rocksmith® 2014 Edition - Remastered,0,3.951710271665687,3.718819672131148,0.29268529651085123,25.99
1684,Penumbra Overture,0,3.8340121606545217,0.02255737704918033,0.05658735574573371,0.0
1685,The Cave,0,2.403895870605908,0.1138360655737705,0.061313909821943485,9.99
1686,The Book of Unwritten Tales: The Critter Chronicles,0,1.9896636449689202,0.0,0.007089831114314665,17.99
1687,The Stanley Parable,0,4.202565554423968,0.06924590163934427,1.1253137496442776,9.99
1688,Zeno Clash,0,2.0825340858397587,0.16104918032786886,0.07339288135003513,6.99
1689,Puddle,0,0.9856251237129737,0.1295737704918033,0.011192742638802317,5.59
1691,Rock of Ages,0,4.045326996453044,0.12118032786885247,0.09019840695433656,6.99
1692,THE KING OF FIGHTERS '98 ULTIMATE MATCH FINAL EDITION,0,2.019919028673587,0.0,0.030952364540734852,10.99
1693,THE KING OF FIGHTERS 2002 UNLIMITED MATCH,0,4.392842324035955,0.0,0.028917320424588982,10.99
1694,Resident Evil Revelations / Biohazard Revelations,16,1.9010290734872137,0.40078688524590167,0.19158955654747545,23.99
1696,Champions of Regnum,0,0.5594429883920231,0.02255737704918033,0.024157943056183302,0.0
1697,Aarklash: Legacy,0,1.212491272025242,0.1500327868852459,0.01716658181845634,12.39
1698,Reus,0,1.441207995524607,0.10229508196721313,0.14396295957122276,6.99
1699,Wargame: Airland Battle,0,2.9810609038113727,0.6578360655737705,0.11796691215206899,14.99
1700,Insurgency,0,3.6529242560655386,0.12852459016393444,3.342231727847642,6.99
1701,THE KING OF FIGHTERS XIII STEAM EDITION,0,3.0218674220863324,0.23659016393442625,0.1554839351319841,14.99
1702,Dead Pixels,0,2.4385312969889843,0.04459016393442623,0.0726707689217253,1.99
1703,Fallout 3,0,1.3529448174626522,0.323672131147541,0.4112758512146424,7.99
1704,7 Wonders: Ancient Alien Makeover,0,2.490892146196742,0.0,0.002724333252259802,6.99
1705,Rogue Warrior,0,0.6921027613309265,0.015213114754098362,0.019890915070716143,3.99
1706,Homefront®: The Revolution,18,0.4278379507802949,0.2539016393442623,0.37411988444888217,24.99
1707,The Elder Scrolls III: Morrowind® Game of the Year Edition,0,6.7538593976355115,0.6205901639344262,0.32859397817316716,12.99
1708,Giana Sisters: Twisted Dreams,0,1.394311210277982,0.1138360655737705,0.04775789014503628,10.99
1710,The Elder Scrolls IV: Oblivion® Game of the Year Edition,0,6.375781536595045,0.33049180327868855,0.47767737132695054,12.99
1711,Sea Dogs: To Each His Own - Pirate Open World RPG,0,1.18394256330151,0.0,0.036630794090625765,10.99
1712,Perpetuum,0,0.8471548822265339,0.14111475409836066,0.018019987415549773,3.99
1713,Miner Wars 2081,0,0.1456297490692482,0.0,0.007286770867490071,3.99
1714,Dyad,0,1.1964943001593538,0.0,0.0038403251869204434,11.99
1715,POSTAL 2,18,7.386516007423125,0.09022950819672132,1.248433918671103,6.99
1716,Blockscape,0,0.2151995256796201,0.0,0.0240594731795956,6.99
1717,BRINK,0,0.5218893382353342,0.0519344262295082,0.1878805245293386,0.0
1718,Miasmata,0,1.2483479426117674,0.08970491803278689,0.02812956141188735,11.99
1719,Fallout 3: Game of the Year Edition,0,1.4623375699039736,0.5644590163934426,0.7266092193406654,14.99
1720,Cry of Fear,0,2.2517188394106555,0.038819672131147544,0.8004616267814432,0.0
1721,Fly'N,0,2.3660651248181654,0.0519344262295082,0.011094272762214613,7.49
1722,DCS World Steam Edition,0,1.2190236037149167,1.8119344262295083,0.21390939524068828,0.0
1723,Fallout: New Vegas,18,8.088562435505429,0.750688524590164,2.291229911734885,7.99
1724,Ys I & II Chronicles+,0,3.027541648277406,0.06504918032786886,0.036696440675017566,9.99
1725,Xenonauts,0,2.7922036620934216,0.46163934426229514,0.08973888086359394,18.99
1726,Project Eagle: A 3D Interactive Mars Base,0,1.081707978376912,0.0,0.008534055970934318,0.0
1727,LocoCycle,0,1.3739711203347749,0.0,0.004923493829385183,6.99
1728,No More Room in Hell,0,3.166972376080883,0.09442622950819674,1.7671075819507343,0.0
1729,Legacy of Kain: Defiance,16,2.647516214540736,0.042491803278688525,0.012801083956401478,4.99
1730,Contrast,0,3.674261563733052,0.04773770491803279,0.142551558006799,8.49
1731,Octodad: Dadliest Catch,0,4.777476676748021,0.13114754098360656,0.23560559138217899,11.99
1732,Hunted: The Demon’s Forge™,0,0.8443385326656916,0.014688524590163936,0.02005503153169565,3.99
1733,Gnomoria,0,1.326949642495871,0.13691803278688525,0.1019819688526651,10.99
1734,Defiance,18,1.1978943016504984,0.1699672131147541,0.38921859885899673,0.0
1736,Clockwork Empires,0,0.2600993858507022,0.24655737704918035,0.022122898940037425,22.99
1737,FEZ,0,4.350467103431082,0.1038688524590164,0.3764503381947912,6.99
1738,Super House of Dead Ninjas,0,8.903708903667784,0.494688524590164,0.04142299475122734,4.99
1739,Arma Tactics,0,0.12493251480680062,0.0398688524590164,0.0214336098039235,5.99
1740,Iron Sky: Invasion,0,0.4860201941646663,0.22032786885245903,0.018348220337508787,14.99
1741,Legacy of Kain: Soul Reaver,16,0.9612365174490628,0.06714754098360656,0.03282329219590122,4.99
1742,Legacy of Kain: Soul Reaver 2,16,0.9801352051950903,0.04878688524590164,0.009682871197790861,4.99
1743,Tomb Raider I,12,1.6921737924459537,0.015213114754098362,0.06479317879470901,4.99
1744,Tomb Raider IV: The Last Revelation,12,2.4788895479872632,0.010491803278688525,0.012669790787617872,4.99
1745,Spectromancer,0,2.4732041065684225,0.0,0.0014442248566196541,5.99
1746,Tomb Raider V: Chronicles,12,1.1035788466646057,0.005245901639344262,0.006860068068943355,4.99
1747,Tomb Raider VI: The Angel of Darkness,12,0.45796352744155494,1.0465573770491805,0.016772702312105526,4.99
1748,Brothers - A Tale of Two Sons,0,7.0723429121088,0.08131147540983608,1.0929171602469232,10.99
1749,Shadow Warrior Classic Redux,0,4.496836307802654,0.0797377049180328,0.06039485764045825,6.99
1750,Brutal Legend,0,5.3854679080386765,0.1615737704918033,0.44708606300037057,10.99
1751,Full Mojo Rampage,0,2.1795433110196667,0.20459016393442625,0.03407057729934547,10.99
1752,Tomb Raider II,12,2.6349233247104835,0.0015737704918032788,0.026915099600639005,4.99
1753,Tomb Raider III,12,1.7994434988142454,0.017836065573770495,0.015262830871094068,4.99
1754,DARK,0,0.31198847764085463,0.03934426229508197,0.02875320396360947,6.99
1755,Cities in Motion 2,0,0.4434936182998308,0.10859016393442623,0.06246272504880003,14.99
1756,Just Cause™ 3,18,0.9801395564730139,0.22977049180327871,1.6960123310544122,11.99
1757,Blade Symphony,0,0.728251640452005,0.1940983606557377,0.14987115216648497,0.0
1758,Sacred 2 Gold,0,0.8596056874116393,0.05245901639344263,0.05159821533195672,10.99
1759,Sven Co-op,18,3.9446697618744,0.029377049180327873,0.4360246135303519,0.0
1760,Worms Reloaded,0,2.159732087816553,0.22032786885245903,0.09216780448609063,14.99
1761,Alien Breed: Impact,0,0.917183406206218,0.003672131147540984,0.032265296228570904,6.99
1762,PixelJunk™ Nom Nom Galaxy,0,0.9914517721469799,0.0,0.019923738362912044,6.99
1763,Weird Worlds: Return to Infinite Space,0,0.5764777317849227,0.0,0.013359079923731797,3.99
1764,Alien Breed 2: Assault,0,0.7586941675157045,0.05036065573770492,0.019825268486324342,6.99
1765,Escape Dead Island,16,0.49689392477551325,0.0,0.02730897910698982,10.99
1766,F1 2014,0,1.2948729906842282,0.7910819672131149,0.04365497862054862,19.99
1767,Desktop Dungeons,0,3.8462624671415564,0.0,0.03479268972765529,11.99
1768,Alien Breed 3: Descent,0,0.9790982206544382,0.0005245901639344263,0.007615003789449083,6.99
1769,LOST PLANET® 3,0,0.5584977916567311,0.08131147540983608,0.08202540719755716,19.99
1770,Monster Loves You!,0,1.2323201073608643,0.10859016393442623,0.03196988659880779,6.99
1773,Age of Wonders III,0,1.4660483895712848,0.451672131147541,0.18088916329161164,22.99
1774,Galactic Civilizations III,0,1.1753667602683944,0.13849180327868854,0.2574002574002574,23.79
1775,Ironclad Tactics,0,0.8071394281216996,0.07449180327868853,0.014803304780351452,10.99
1776,Wolfenstein 3D,0,7.7736908892210135,0.05770491803278689,0.05776899426478615,2.99
1777,Primordia,0,14.549339179894986,0.20668852459016396,0.05947580545897302,6.99
1778,Hegemony Rome: The Rise of Caesar,0,0.5324422253770071,0.0,0.009485931444615453,10.99
1779,Papo & Yo,0,5.719591064546456,0.08288524590163936,0.08090941526289651,10.99
1780,Sniper Elite: Nazi Zombie Army,0,2.7055395078050815,0.2360655737704918,0.11652268729544935,10.99
1781,Kinetic Void,0,0.046918457906118434,0.017311475409836068,0.043851918373724035,14.99
1782,Waking Mars,0,3.0699909554478415,0.12013114754098361,0.030591308326579945,6.99
1783,Sang-Froid - Tales of Werewolves,0,2.666164537306109,0.16,0.05215621129928704,0.0
1784,Euro Truck Simulator 2,0,11.601962450660652,0.7412459016393443,5.990053885998798,14.99
1785,Dragon's Lair,0,1.2488841576305472,0.0,0.009978280827553972,6.99
1786,Scourge: Outbreak,16,0.6890563186977018,0.19986885245901642,0.012702614079813773,5.59
1787,"10,000,000",0,3.1771583497485802,0.21718032786885247,0.05448666504519603,3.99
1788,Castle of Illusion,0,3.3267817008512046,0.07711475409836066,0.045296143230343686,9.99
1789,March of the Eagles,0,0.7913242397345878,0.0,0.003544915557157332,14.99
1790,Serious Sam Classics: Revolution,0,3.063234223182043,0.017836065573770495,0.046083902243045316,7.99
1791,Retrovirus,0,0.9938408057824929,0.05508196721311476,0.0021006907005376783,7.19
1792,Castle Story,0,0.38736182543368647,0.14268852459016396,0.1631974087980209,18.99
1794,Risk,0,0.21146066333389393,0.00839344262295082,0.0029869195898270117,6.99
1795,Heroes & Generals,0,0.681295400671222,0.0398688524590164,3.2879748258478174,0.0
1796,Ultimate Doom,0,5.483415425675303,0.09390163934426231,0.12676355446057053,3.99
1797,Company of Heroes,0,3.3268082890067587,0.24393442622950823,0.08904959172748002,0.0
1798,Fallen Enchantress: Legendary Heroes,0,0.9278871350886909,1.5076721311475412,0.05448666504519603,19.49
1799,Baldur's Gate: Enhanced Edition,0,2.262005389474185,0.3687868852459017,0.1554511118397882,14.99
1800,Remember Me,16,1.8678151196111252,0.12485245901639346,0.35432743925475374,22.99
1801,A Valley Without Wind 2,0,0.3185456084268042,0.0,0.0029869195898270117,0.0
1802,Full Throttle Remastered,0,4.8507876094486475,0.014688524590163936,0.03784525590187411,10.99
1803,Wreckfest,0,1.3111806189820967,0.5954098360655738,0.36827733843801175,38.99
1804,Cubemen 2,0,0.8208690968951566,0.23081967213114757,0.003709032018136838,5.59
1805,TrackMania² Canyon,0,1.5256793450232076,2.977049180327869,0.040175709647783095,16.99
1806,Skulls of the Shogun,0,3.361937844882336,0.2156065573770492,0.014901774656939154,7.19
1807,Final DOOM,0,2.6302393839270737,0.05980327868852459,0.01821692716872518,3.99
1808,Dungeons & Dragons: Chronicles of Mystara,0,1.6213705869785129,0.0,0.028392147749454557,11.99
1809,Dungeon Hearts,0,0.6346701038258504,0.10701639344262295,0.013030847001772787,1.99
1811,Dream,0,0.49833516181694143,0.030426229508196723,0.02727615581479392,5.99
1812,Bientôt l'été,0,0.25960062661999883,0.0,0.005120433582560591,6.99
1813,A Fistful of Gun,0,0.748397300210796,0.23291803278688528,0.010503453502688392,9.99
1814,ShootMania Storm,0,2.410557924456615,0.26596721311475413,0.021302316635139897,16.99
1817,DOOM II,0,5.258084568684448,0.04091803278688525,0.08530773641714728,3.99
1818,DLC Quest,0,2.85317669814632,0.07291803278688525,0.19864656436959421,1.99
1819,The Age of Decadence,0,1.7164188653031038,0.15580327868852462,0.06538399805423524,11.39
1820,Incredipede,0,0.8879645142635312,0.0,0.00725394757529417,6.99
1821,War for the Overworld,0,1.960099954291449,0.30478688524590164,0.15101996739334153,22.99
1822,N++ (NPLUSPLUS),0,7.350353715350537,0.2591475409836066,0.051959271546111636,10.99
1823,Universe Sandbox ²,0,5.975529756833381,0.07868852459016394,0.20334029515360807,19.49
1824,Akaneiro: Demon Hunters,0,0.15786537551448568,0.0,0.00725394757529417,0.0
1825,Warframe,16,4.239344050670635,0.20668852459016396,8.097801594358595,0.0
1826,Lords of Football,0,0.29371063878635095,0.0,0.0052189034591482945,10.99
1827,La-Mulana,0,1.615315222026108,0.45901639344262296,0.05514313088911405,10.99
1829,The Night of the Rabbit,0,3.594058323562582,0.058754098360655746,0.058392636816508275,16.99
1830,Daylight,16,0.3269191463634756,0.09652459016393443,0.046838837963551046,6.99
1831,Starseed Pilgrim,0,0.4584521825970231,0.03252459016393443,0.011422505684173625,4.49
1832,QUAKE,0,7.339941822826052,0.09914754098360656,0.08711301748792184,3.99
1834,Beatbuddy: Tale of the Guardians,0,1.271102673781778,0.05298360655737706,0.031182127586106164,6.99
1835,Cities XL Platinum,0,0.4534099951757529,0.014688524590163936,0.04119323170585604,7.49
1836,The Swapper,0,8.991340624461813,0.09652459016393443,0.19172084971625905,11.99
1837,Kentucky Route Zero,0,1.8122420125480245,0.0,0.0563247694081665,18.99
1838,MirrorMoon EP,0,0.5462015150265125,0.13219672131147542,0.011685092021740836,10.99
1839,Deadfall Adventures,0,0.93609403970615,0.0,0.06387412661322378,17.99
1840,Company of Heroes 2,18,0.9848143387938865,0.14531147540983608,1.460176976626862,14.99
1842,Bad Hotel,0,0.14567561512590038,0.17783606557377052,0.008534055970934318,3.99
1843,Knights of Pen and Paper +1 Edition,0,2.0353115120534975,0.6163934426229508,0.08484821032640466,7.99
1844,QUAKE II,0,4.8604518150008955,0.18308196721311476,0.04516485006156008,3.99
1845,Euro Truck Simulator,0,1.4353049579465982,0.2234754098360656,0.1524641922499612,3.99
1846,Eador. Masters of the Broken World,0,0.7184672310871674,0.14321311475409837,0.06380848002883198,14.99
1847,Killing Floor 2,18,2.7470586831333312,0.502032786885246,2.2704199444826836,19.99
1848,Gone Home,0,1.197478224382008,0.06767213114754099,0.5069229246734984,10.99
1849,Mars: War Logs,0,0.97275780033193,0.1815081967213115,0.06000097813410743,11.99
1850,POSTAL,18,1.720621819535073,0.09442622950819674,0.08931217806504722,1.49
1851,Broken Age,0,1.8656730794744398,0.14216393442622952,0.20596615852928019,11.39
1852,Stronghold Crusader 2,0,0.5363900877170847,0.12222950819672132,0.22864705343664793,24.99
1853,TrackMania² Stadium,0,1.9071160384961015,5.016131147540984,0.11113966737532154,8.59
1854,Bridge Project,0,0.32474276535300095,0.0010491803278688525,0.018742099843859602,15.99
1855,Thunder Wolves,0,2.3201010766496832,0.0,0.011094272762214613,7.99
1857,Yosumin!™,0,0.558473834470705,0.0,0.0021663372849294806,3.99
1858,Defense Technica,0,0.17679121140928897,0.0,0.001706811194186864,11.99
1859,Shadow Warrior,18,4.987365237848022,0.11908196721311476,0.6578444221902523,29.99
1860,LUFTRAUSERS,0,3.990660510734797,0.1820327868852459,0.11100837420653793,6.99
1861,Final Exam,0,1.9903082601571485,0.10281967213114755,0.026389926925504584,6.99
1862,Air Conflicts: Vietnam,0,0.0895202487727895,0.0,0.004332674569858962,11.39
1863,Kairo,0,1.0544995769422854,0.0,0.046707544794767436,3.99
1864,Far Cry 3 - Blood Dragon,0,2.7825065847854056,0.10544262295081969,0.3426423472330129,12.49
1865,Murdered: Soul Suspect,16,1.9654013436783204,0.1799344262295082,0.33496169685917204,19.99
1866,Avadon 2: The Corruption,0,1.8842153637976093,0.002098360655737705,0.0010831686424647405,6.99
1867,Sudeki,0,2.212431867736841,0.1138360655737705,0.01257132091103017,4.99
1868,Tomb Raider - The Final Hours Digital Book,0,3.2285063632592004,0.0,0.00016411646097950648,1.59
1869,Prison Architect,0,5.270244450477196,0.37613114754098365,1.1118233765517622,23.79
1870,Evoland,0,1.827331286099926,0.14845901639344264,0.17209252098311012,6.99
1871,Lunnye Devitsy,0,0.7071213969998039,0.04301639344262295,0.0018052810707745678,0.0
1872,Another World – 20th Anniversary Edition,0,1.8618328963797515,0.05350819672131148,0.04270310314686749,6.99
1873,Distance,0,5.43776661681886,0.6856393442622951,0.1368074818725163,19.49
1874,Surgeon Simulator,0,1.722764861744678,0.13534426229508198,0.45128744440144597,6.99
1875,Organ Trail: Director's Cut,0,2.897289978702051,0.15632786885245903,0.07765990933550229,3.99
1876,Gyromancer,0,0.36781309310012544,0.03829508196721312,0.004496791030838467,3.99
1877,Worms Clan Wars,0,1.141420168949849,0.2549508196721312,0.07175171674024007,18.99
1878,Kenshi,0,3.066237870119258,1.0628196721311476,0.34736890130922266,22.99
1879,UnEpic,16,4.992458160732028,0.17940983606557379,0.20507992963999083,9.99
1881,Imperium Romanum Gold Edition,0,1.5765608868684322,0.05350819672131148,0.0044639677386425665,7.99
1882,Castlevania: Lords of Shadow – Ultimate Edition,16,1.4887192765434927,0.47632786885245904,0.15361300747681772,19.99
1883,Mad Max,18,3.596894880121645,0.366688524590164,1.3107325272589236,15.99
1884,Strike Suit Infinity,0,2.0962701369227985,0.08813114754098361,0.014475071858392438,4.99
1885,Receiver,0,1.398120341402832,0.058754098360655746,0.10575664745519374,3.99
1886,Europa Universalis: Rome - Gold Edition,0,0.854845682418565,2.609836065573771,0.002461746914692592,7.99
1887,Ken Follett's The Pillars of the Earth,0,5.067449895036764,0.09075409836065575,0.04329392240639371,26.99
1888,Zack Zero,0,0.6354316700265328,0.034622950819672135,0.009190521814852342,1.99
1889,MARVEL Puzzle Quest,0,0.8018490680663534,0.0,0.10805427790890683,0.0
1892,Teleglitch: Die More Edition,0,2.2423286441495764,0.06609836065573771,0.07939954382188506,8.99
1893,Rush Bros.,0,0.5692092963024281,0.064,0.026061694003545573,7.19
1894,Grand Ages: Rome,0,0.9315980830397719,0.16734426229508198,0.01286673054079328,6.99
1895,Ceville,0,1.6241782124748518,0.0,6.564658439180268e-05,4.79
1896,Project CARS,0,1.1632635772132554,0.1479344262295082,0.368868157697538,23.39
1897,Shadowrun Returns,0,2.890073963655039,0.1259016393442623,0.31864852063780913,10.99
1898,NARUTO SHIPPUDEN: Ultimate Ninja STORM 3 Full Burst HD,0,3.5211015508551777,1.2611147540983607,0.2951142201333479,14.99
1899,Driver Fusion - The Best Driver & Device Solution,0,0.7494242605655067,0.0,0.00564560625769501,0.0
1900,Tropico 3,0,2.8662461264611374,0.22295081967213118,0.04641213516500433,7.99
1901,Anodyne,0,2.081245027916634,0.06714754098360656,0.029869195898270116,6.99
1902,Dyscourse,0,1.3115064090580655,0.13534426229508198,0.01047063021049249,10.99
1903,The 39 Steps,0,1.1361509350036842,0.1374426229508197,0.039355127342885564,3.99
1904,QUAKE III: Team Arena,0,1.2844374359495705,0.0,0.001280108395640148,12.99
1905,Puzzle Quest: Galactrix,0,0.28523821634009167,0.0,0.005120433582560591,6.99
1906,Bad Bots,0,0.44999752245978136,0.04354098360655738,0.004759377368405678,3.99
1907,STRIDER™ / ストライダー飛竜®,0,1.9836102645741134,0.21927868852459018,0.07969495345164818,11.99
1908,Super Sanctum TD,0,2.8349192806084305,0.07501639344262295,0.04398321154250764,3.99
1909,Earth Defense Force: Insect Armageddon,0,2.901760034337618,0.19934426229508198,0.02382971013422429,6.99
1910,Original War,0,5.317685882135749,0.1217049180327869,0.029179906762156187,3.99
1911,Prime World,0,0.4909701071472346,0.017311475409836068,0.10608488037715276,0.0
1912,Prime World: Defenders,0,1.1598998000944483,0.387672131147541,0.025799107665978364,6.99
1913,Blitzkrieg 3,0,0.49787658997362544,0.11593442622950821,0.14783610805033912,7.19
1914,King’s Bounty: Legions,0,0.3570506828428609,0.0099672131147541,0.035908681662315936,0.0
1915,METAL GEAR RISING: REVENGEANCE,18,4.501560758987374,0.45639344262295084,0.4850954353632242,19.99
1916,The White Laboratory,0,1.301928888382544,0.0,0.0017724577785786662,7.19
1917,Warhammer: End Times - Vermintide,16,1.4465312411627147,0.3189508196721312,0.5699764689818247,22.99
1918,Tom Clancy’s Splinter Cell Blacklist,0,1.8872983173743794,0.4301639344262295,0.39053153054683276,16.99
1919,Small World 2,0,1.09417600508197,1.4205901639344263,0.019497035564365328,6.99
1920,Eador: Genesis,0,1.957724099316728,0.0,0.004496791030838467,3.99
1921,Cubetractor,0,1.1657120799780858,0.019409836065573772,0.010831686424647404,3.99
1922,Audiosurf 2,0,1.5945892794691592,0.26596721311475413,0.1499039754586809,10.99
1923,Element4l,0,1.9094329440059967,0.0,0.01657576255893012,6.99
1924,RPG Maker XP,0,3.6290208704856335,0.0,0.008534055970934318,18.99
1925,Tetrobot and Co.,0,15.779101986027353,0.5807213114754098,0.009190521814852342,6.99
1926,HeXen: Beyond Heretic,0,3.6246760386293317,0.026229508196721315,0.005744076134282714,2.99
1929,Dust: An Elysian Tail,0,9.203666864479601,0.1295737704918033,0.5116823020419041,11.99
1930,Dungeon Defenders II,0,1.0339370947937068,0.1138360655737705,0.4748873914902989,0.0
1931,Horizon,0,0.473641911558566,0.044065573770491806,0.010503453502688392,22.99
1932,Starpoint Gemini 2,0,0.8345762311265481,0.15318032786885247,0.11914855067112144,26.99
1934,Interstellar Marines,0,0.5403273401444284,0.08340983606557378,0.24295800883406085,6.95
1935,War Thunder,0,1.3992935805906077,0.15580327868852462,3.4765774628054658,0.0
1936,DARK SOULS™ II,16,2.9801836387092813,1.5952786885245902,1.1063747100472425,29.99
1937,PAC-MAN™ Championship Edition DX+,0,7.849742901556757,0.03829508196721312,0.20281512247847366,7.99
1938,PAC-MAN MUSEUM™,0,0.5224660398422695,0.0,0.003282329219590122,14.99
1940,Takedown: Red Sabre,0,0.18920739841257642,0.04668852459016394,0.17770530394860923,3.99
1941,Blood Bowl 2,0,0.9141600465857866,0.7517377049180328,0.12206982367655664,14.99
1942,Anomaly 2,0,1.5683783995686045,0.06032786885245902,0.017461991448219454,11.49
1943,Agricultural Simulator 2013 - Steam Edition,0,0.06093403279383983,0.002622950819672131,0.01742916815602355,6.99
1944,Europa Universalis IV,0,1.823760574201826,2.398426229508197,1.5919296715012095,34.99
1945,Blackwell Epiphany,0,24.095568923258025,0.0,0.013490373092515403,6.99
1948,Puzzle Kingdoms,0,0.46974874573067443,0.0918032786885246,0.004628084199622072,10.99
1949,Elsword,0,1.155021235548718,0.02832786885245902,0.20238841967992693,0.0
1950,Frozen Cortex,0,0.9928287290336452,0.0,0.005153256874756491,18.99
1951,Expeditions: Conquistador,0,1.6412753931915958,0.0,0.03242941268955041,17.99
1952,Battle Worlds: Kronos,0,0.7498836900664805,0.017836065573770495,0.004431144446446666,14.99
1953,Realms of Arkania: Blade of Destiny,0,0.4105569229060491,0.0005245901639344263,0.0067944214845515535,10.99
1954,Penny Arcade's On the Rain-Slick Precipice of Darkness 4,0,1.6511314152424734,0.17940983606557379,0.006892891361139257,1.69
1955,DuckTales: Remastered,0,2.2949032575189876,0.16419672131147542,0.11885314104135833,11.99
1956,Angry Video Game Nerd Adventures,0,3.060250294689291,0.09757377049180328,0.0858000858000858,3.99
1957,Intake,0,5.101918895121441,0.03934426229508197,0.009026405353872837,6.99
1958,Dreamfall Chapters,0,1.8797420565141563,0.1757377049180328,0.10802145461671092,18.99
1959,Planet Explorers,0,0.8009207648440102,0.4013114754098361,0.1797403480647551,7.19
1960,Agarest: Generations of War,0,0.97657776452182,0.14268852459016396,0.05074480973486329,10.99
1961,Transistor,0,7.270363938604621,0.18465573770491805,0.7621568447888264,15.49
1962,UFO: Afterlight,0,0.5224660398422695,1.2485245901639346,0.008205823048975306,4.99
1964,The Banner Saga,0,3.2574029007496295,0.09862295081967214,0.3538679131640111,18.74
1965,Deus Ex: Human Revolution - Director's Cut,16,4.009585862300757,0.45901639344262296,0.46533581346129166,12.99
1966,The Apogee Throwback Pack,16,3.748764438550088,0.019409836065573772,0.003873148479116345,6.99
1967,Sniper Elite 3,0,1.4301347709771908,0.1736393442622951,0.52300633784949,22.99
1968,System Shock 2,0,5.87159477169415,0.21193442622950823,0.14445530895416128,6.99
1969,Edge of Space,0,0.1786101842354042,0.0,0.0834696320541768,10.99
1970,Pinball Arcade,0,0.9751354581929225,0.0031475409836065576,0.09476084456956683,0.0
1971,Outlast,0,8.986159931666204,0.08708196721311476,1.5695770095158006,15.49
1972,Magicka 2,0,1.3006373853861324,0.08708196721311476,0.20202736346577202,10.99
1973,Contagion,0,0.9198876346001255,0.19619672131147542,0.4126544294868702,6.99
1974,BattleBlock Theater®,0,14.041894924051114,0.1516065573770492,1.5929800168514783,10.99
1975,Super Puzzle Platformer Deluxe,0,4.217811427891145,0.0,0.009846987658770366,5.59
1976,Fist Puncher,0,1.0808638396777122,0.0,0.005153256874756491,6.99
1977,Might & Magic X - Legacy,0,0.7199241682952199,0.1437377049180328,0.07388523073297365,20.99
1978,Citadels,0,0.013610124815706372,0.0,0.010372160333904786,10.99
1979,Skyward Collapse,0,0.2414295939899012,0.049836065573770495,0.006236425517221231,3.99
1980,Bionic Dues,0,1.0883938561367943,0.1495081967213115,0.02619298717232918,6.99
1981,7 Grand Steps: What Ancients Begat,0,0.4036443320054399,0.09337704918032788,0.01821692716872518,14.99
1982,Path of Exile,0,4.441627321544997,0.2580983606557377,2.5474157073238937,0.0
1983,Heretic: Shadow of the Serpent Riders,0,5.469192033001144,0.0,0.011356859099781824,2.99
1984,"Papers, Please",0,8.856164872647486,0.11226229508196722,0.8727713394890135,6.99
1985,Hammerwatch,0,3.401732425830628,0.14636065573770493,0.182431858024819,6.99
1986,Samurai Gunn,0,6.109961282648669,0.0,0.008468409386542515,11.99
1987,FINAL FANTASY III,12,1.5272275411541327,0.07239344262295083,0.03869866149896754,10.99
1988,Dying Light,18,4.809072720714202,0.6814426229508197,2.765953186764204,24.99
1989,Thief,16,0.8773389758750004,0.10072131147540984,0.4828962747860988,19.99
1990,Amnesia: A Machine for Pigs,0,0.7234689538130215,0.06452459016393443,0.2093797809176539,14.99
1991,Castlevania: Lords of Shadow 2,16,1.8627478208339852,0.384,0.09088769609045048,24.99
1992,Q.U.B.E: Director's Cut,0,2.059683594676527,0.0398688524590164,0.0430313360688265,6.99
1993,Hate Plus,0,2.357529943954555,0.0,0.01391707589106212,7.19
1994,PAC-MAN™ and the Ghostly Adventures,0,1.412840597857386,0.0,0.0019365742395581723,29.99
1995,Bleed,0,5.179474145119924,0.08970491803278689,0.05432254858421652,3.99
1996,Game Dev Tycoon,0,7.267725633089078,0.2580983606557377,0.9423238956521282,6.99
1997,Dead State: Reanimated,0,0.9722668306914438,0.6630819672131149,0.06009944801069514,14.99
1998,Counter-Strike: Source,0,8.363879803473651,0.20983606557377052,2.627077837483346,7.19
1999,The Ship: Murder Party,0,2.2833320641839756,0.12537704918032788,0.18088916329161164,0.0
2000,Train Simulator 2019,0,0.5634224319685096,0.2019672131147541,0.45325684193320004,34.99
2001,Panzar,0,0.6593657803374382,0.8482622950819673,0.1475735217127719,0.0
2004,Quadrilateral Cowboy,0,3.5413595414902987,0.1657704918032787,0.013720136137886712,14.99
2005,MotoGP™13,0,0.8926666594356562,0.0,0.015591063793053082,6.99
2006,Wanderlust Adventures,0,0.5581947043512442,0.10544262295081969,0.004037264940095851,6.99
2007,Getting Over It with Bennett Foddy,0,1.3919601298182152,0.10911475409836066,0.45220649658293116,5.79
2008,Wasteland 2: Director's Cut,18,1.7716898594796509,0.327344262295082,0.2438770610155461,23.79
2009,Half Minute Hero: The Second Coming,0,4.89286664856294,0.33416393442622955,0.011750738606132637,6.99
2010,Jon Shafer's At the Gates,0,0.35529316101507935,0.0,0.006137955640633529,24.99
2011,Contraption Maker,0,3.949990606608783,0.07868852459016394,0.031214950878302065,7.19
2012,Sherlock Holmes: Crimes and Punishments,0,4.464431785336658,0.2434098360655738,0.06751751204696882,19.99
2014,Ittle Dew,0,5.178778342403102,0.19829508196721313,0.029836372606074215,7.19
2015,CastleStorm,0,3.2333784540835606,0.7984262295081967,0.037188790057956084,6.99
2016,The Crew™,0,0.7316571389862713,0.38032786885245906,0.46001844012555565,25.99
2017,Rogue Legacy,0,5.631264251973501,0.3378360655737705,0.482174162357789,10.99
2018,Inquisitor,18,0.7191915519773356,0.0,0.012932377125185081,6.99
2019,Guncraft,0,0.31291124353652966,0.09337704918032788,0.0375170229799151,10.99
2020,Kill to Collect,16,1.0985907538972368,0.0,0.001969397531754074,6.99
2021,Goodbye Deponia,0,3.0661332335805254,0.13062295081967215,0.045525906275715,16.99
2022,DC Universe™ Online,0,1.4134984097583143,2.0201967213114758,0.41659322455037834,0.0
2023,Assassin’s Creed® IV Black Flag™,0,2.677193034219308,0.9238032786885246,0.8916775557938527,16.99
2024,Joe Danger 2: The Movie,0,0.459311429206641,0.22242622950819674,0.008140176464583503,9.99
2025,Vector Thrust,0,0.37928310165160817,0.0,0.016477292682342416,18.99
2026,PAYDAY™ The Heist,18,5.199622209623271,0.1300983606557377,1.2170220280396256,10.99
2027,The Chaos Engine,0,0.6433811033570312,0.0,0.00669595160796385,6.99
2028,Space Hulk,0,0.8388510745844202,0.04563934426229509,0.05737511475843534,18.99
2029,Styx: Master of Shadows,0,1.7453835721741993,0.1300983606557377,0.17619543250759775,24.99
2030,Nuclear Throne,0,9.139679561206508,0.2575737704918033,0.3282000986668164,9.29
2031,Injustice: Gods Among Us Ultimate Edition,16,2.2391064811740664,0.1678688524590164,0.33368158846353185,14.99
2032,GunZ 2: The Second Duel,0,0.7164145659455396,0.13324590163934427,0.3344365241840376,0.0
2033,The Forest,18,4.723486235357488,0.5912131147540984,3.9138821847314578,15.49
2034,Cognition: An Erica Reed Thriller,0,1.859151432593712,0.05822950819672132,0.016542939266734218,10.99
2035,140,0,5.3617542672129295,0.1437377049180328,0.11616163108129443,3.99
2036,In Verbis Virtus,0,1.5375429170416048,0.1500327868852459,0.04161993450440275,14.99
2037,Verdun,0,1.8631057283264303,2.838032786885246,0.8654189220371317,15.49
2038,"Sir, You Are Being Hunted",0,1.373083551818297,0.06295081967213115,0.11169766334265187,14.99
2039,Banished,0,3.304072431298297,0.4327868852459017,0.8984719772784042,14.99
2040,Omikron: The Nomad Soul,16,0.8728924123007737,0.0,0.007582180497253182,6.99
2041,Betrayer,0,1.6747154679522045,0.06452459016393443,0.10106291667117986,3.99
2042,Mushroom 11,0,1.8492987148101112,0.23868852459016396,0.01391707589106212,10.99
2043,Memoria,0,3.7645796269371994,0.13114754098360656,0.0455587295679109,26.99
2044,FRACT OSC,0,2.336191991411445,0.0,0.013785782722278513,10.99
2045,Poöf,0,1.363791018914246,0.1138360655737705,0.0031838593430024193,4.99
2046,TrackMania² Valley,0,1.3002344038164755,0.4102295081967213,0.008599702555326121,16.99
2047,Urban Trial Freestyle,0,1.6281171456500283,0.1038688524590164,0.04473814726301337,4.99
2048,Watch_Dogs™,0,0.7349525082087808,0.7045245901639345,0.7366203234604153,25.99
2049,PixelJunk™ Monsters Ultimate,0,1.229386635102403,0.1180327868852459,0.023074774413718562,6.99
2050,Gas Guzzlers Extreme,0,2.2702757146683332,0.09232786885245903,0.09275862374561686,18.99
2051,Bound By Flame,0,0.6969937455891593,0.3834754098360656,0.08816336283819068,14.99
2052,Divinity: Dragon Commander,0,1.0816590143056306,0.3598688524590164,0.052681383974421465,29.99
2053,"Invisible, Inc.",0,4.990444295669476,0.21245901639344264,0.12243087989071155,14.99
2054,King Arthur - The Role-playing Wargame,0,0.9898238461168768,0.0031475409836065576,0.010503453502688392,7.99
2055,Take On Mars,0,0.440993858103274,0.006819672131147541,0.04628084199622072,20.99
2056,Rise of Flight United,0,0.369522752407079,0.019409836065573772,0.04280157302345519,0.0
2057,Sid Meier’s Ace Patrol,0,0.7718017817606528,0.0918032786885246,0.015426947332073575,3.99
2058,Sid Meier’s Ace Patrol: Pacific Skies,0,0.5928812825431823,0.10124590163934427,0.007286770867490071,3.99
2060,Homeworld Remastered Collection,0,2.443578397601816,0.21980327868852462,0.20035337556378108,26.99
2061,Aquaria,0,2.8572872492717343,0.03357377049180328,0.03416904717593317,6.99
2062,Assetto Corsa,0,2.4570979245017384,2.7630163934426233,0.574867139519014,15.49
2063,Supreme Ruler 1936,0,1.0104405243173062,0.0,0.004267027985467159,9.99
2064,realMyst: Masterpiece Edition,0,1.908177770281804,0.0,0.01716658181845634,12.99
2065,Men of War: Assault Squad 2,0,2.1065007886779883,3.395672131147541,0.4370093122962289,19.99
2066,Epigenesis,0,0.6878606947602864,0.08288524590163936,0.03692620372038888,0.0
2068,Face Noir,0,0.755476479876973,0.042491803278688525,0.004365497862054863,6.99
2069,Shelter,0,2.170655809921088,0.04563934426229509,0.10349184029367656,6.99
2070,Divekick,0,1.9785424315373215,0.14268852459016396,0.05205774142269934,3.99
2071,Aztez,0,1.7858974302328297,0.0,0.0003282329219590125,14.99
2072,StarMade,0,0.867742854821044,1.57272131147541,0.08284598950245468,10.99
2073,King Arthur II: The Role-Playing Wargame,0,0.3736054137191693,0.024131147540983607,0.008435586094346614,7.99
2074,Foul Play,0,1.7159954320742645,0.0,0.016411646097950615,9.99
2076,Space Engineers,0,2.3534462210366582,0.6017049180327869,2.2887681648201923,15.49
2077,Electronic Super Joy,0,3.752027890079355,0.22190163934426232,0.10628182013032816,5.49
2078,Velocity®Ultra,0,1.2857081823247842,0.0,0.002461746914692592,6.49
2079,Homesick,0,1.3346785571785684,0.06819672131147542,0.029737902729486513,10.99
2080,SNOW,0,0.6865761521185869,0.03357377049180328,0.3574128287211685,0.0
2081,Where is my Heart?,0,1.3779239484858046,0.0,0.0018381043629704685,5.59
2082,Bloody Good Time,0,1.1927287789867758,0.10124590163934427,0.02514264182206034,4.29
2083,SpellForce 2 - Demons of the Past,0,0.28694335806112076,0.0,0.003282329219590122,17.99
2084,Skullgirls,0,6.499588073260697,0.14478688524590166,0.49353102145757083,6.99
2085,ENSLAVED™: Odyssey to the West™ Premium Edition,0,2.11907011923235,0.1374426229508197,0.13874405611207447,14.99
2086,Disney Epic Mickey 2:  The Power of Two,0,0.4618213330389967,0.0,0.0025602167912802958,15.49
2087,Etherium,0,0.18856271831429716,0.30268852459016393,0.023961003303007895,7.49
2088,"I Have No Mouth, and I Must Scream",0,2.9755253569843023,0.08288524590163936,0.02763721202894883,4.79
2089,Wizardry 6: Bane of the Cosmic Forge,0,0.8211973731413081,0.0,0.0005908192595262224,0.0
2091,Wizardry 8,0,4.255566829241033,0.0,0.01316214017055639,6.99
2092,Democracy 3,0,1.0273572888912617,0.6137704918032787,0.19654587366905651,18.99
2093,Trials Fusion™,0,0.6589248475124508,0.2518032786885246,0.05435537187641242,16.99
2094,Tropico 5,0,1.1654416474213916,0.19095081967213115,0.3367669779299466,14.99
2095,Hack 'n' Slash,0,0.4010604487667188,0.024131147540983607,0.02166337284929481,9.99
2096,Spacebase DF-9,0,0.03715358147358628,0.11960655737704919,0.1239079280395271,6.99
2097,MASSIVE CHALICE,0,0.8821697401213718,0.03514754098360656,0.047364010638685464,14.99
2099,Kingdom Rush,0,10.71122105598819,0.13272131147540986,0.17012312345135605,6.99
2101,The Typing of The Dead: Overkill,18,2.4700000154729427,0.09704918032786886,0.08294445937904239,14.99
2102,Plague Inc: Evolved,0,5.381699739380996,0.2518032786885246,0.7024184529922861,11.99
2103,Secrets of Rætikon,0,0.6061764683998674,0.0031475409836065576,0.010634746671471997,6.99
2104,Trainz™ Simulator 12,0,0.47181771328129435,0.016262295081967214,0.025011348653276734,7.19
2105,Strike Vector,0,0.7388938422876821,0.0619016393442623,0.0727364155061171,8.99
2107,Huntsman: The Orphanage (Halloween Edition),0,0.10577206441285897,0.0015737704918032788,0.004102911524487654,6.19
2108,Legends of Eisenwald,0,1.2519662370340847,0.35357377049180333,0.03974900684923638,14.99
2111,FATE,0,4.166331752599622,0.005770491803278689,0.027407448983577522,5.59
2113,Viscera Cleanup Detail,0,4.418261088914907,0.3042622950819672,0.23741087245295356,9.99
2114,Bombernauts,0,4.286480838334724,0.0,0.0007549357205057284,6.99
2115,Lords of the Black Sun,0,0.046308171301018865,0.0,0.008796642308501528,22.99
2116,Giana Sisters: Twisted Dreams - Rise of the Owlverlord,0,1.9184605394308765,0.0519344262295082,0.007188300990902367,3.99
2117,InFlux,0,0.8260156205021421,0.0,0.0034136223883737275,7.19
2118,Talisman: Digital Edition,0,1.1052128769280958,0.2785573770491804,0.12673073116837463,5.19
2119,"Cook, Serve, Delicious!",0,6.863106687036363,0.26281967213114754,0.14333931701950064,6.99
2120,Crypt of the NecroDancer,0,10.151567342684421,0.1521311475409836,0.4790559495991784,10.99
2121,Soundodger+,0,3.471880620899583,0.06819672131147542,0.019103156058014513,5.59
2122,SPORE™ Galactic Adventures,0,1.5937442977074612,1.1992131147540985,0.0753622788817892,9.99
2123,Volgarr the Viking,0,1.6315433316705268,0.16104918032786886,0.06515423500886393,6.99
2124,Mutant Mudds Deluxe,0,1.0514226484777747,0.0,0.011225565930998218,6.99
2125,Burnout Paradise: The Ultimate Box,0,2.4618663605038784,0.3021639344262295,0.36519194897159707,9.99
2126,Hitman: Contracts,16,1.9159984677767807,0.00839344262295082,0.03594150495451184,8.29
2127,Deadly Premonition: The Director's Cut,18,0.8008843879454816,0.19304918032786886,0.09367767592710209,19.99
2128,Nether: Resurrected,0,0.22800985265861942,0.15265573770491805,0.5751625491487771,6.99
2129,SimCity™ 4 Deluxe Edition,0,1.19190813887833,0.1516065573770492,0.13027564672553196,9.99
2130,Redshirt,0,0.21050710702900097,0.14740983606557378,0.008960758769481034,6.99
2131,Command & Conquer 3: Tiberium Wars,0,2.9304720479160475,0.3635409836065574,0.08163152769120634,9.99
2132,Sacred 3,16,0.07441378942066787,0.16052459016393444,0.12193853050777304,10.99
2133,Command & Conquer: Red Alert 3 - Uprising,0,1.4837348997805295,0.10754098360655738,0.056160652947186994,9.99
2134,Command & Conquer 3: Kane's Wrath,0,5.35382767684326,0.0,0.034333163636912675,9.99
2135,Clickteam Fusion 2.5,0,3.278668310357328,0.0,0.01926727251899402,69.99
2136,Knytt Underground,16,2.5225087462927194,0.11960655737704919,0.007089831114314665,4.99
2138,Freedom Planet,0,8.308985948216586,0.12118032786885247,0.11855773141159522,10.99
2139,Dino Run DX,0,4.571015901374809,0.0,0.017691754493590763,4.79
2140,Omegalodon,0,0.6320008619494949,0.05036065573770492,0.009059228646068737,7.19
2141,Bridge It +,0,0.7637490396668456,0.0,0.0007221124283098269,4.99
2142,Craft The World,0,2.6575623715742442,1.5790163934426231,0.2570063778939066,13.99
2143,Medal of Honor: Airborne,0,1.383528790441232,0.014688524590163936,0.06846938752064995,9.99
2144,Doorways: Prelude,0,0.6899916660048824,0.06819672131147542,0.014836128072547352,6.99
2145,Dominions 3: The Awakening,0,1.8027431820586137,0.0,0.00016411646097950648,14.99
2146,Depth Hunter 2: Deep Dive,0,1.0613668368140599,0.19462295081967215,0.025799107665978364,10.99
2147,Megabyte Punch,0,3.0261191183895266,0.030426229508196723,0.02868755737921767,11.99
2148,Toribash,0,2.684561709256718,0.022032786885245903,0.41377042142153087,0.0
2149,Door Kickers,0,6.366802800002666,0.2533770491803279,0.19966408642766714,14.99
2150,Kingdoms Rise,0,0.26936509707664913,0.011540983606557378,0.03206835647539549,11.99
2151,Draw a Stickman: EPIC,0,1.1589909257178788,0.05665573770491804,0.030558485034384044,2.79
2152,Need for Speed: Shift,0,0.9653185308128912,0.23921311475409837,0.04647778174939613,9.99
2153,Dysfunctional Systems: Learning to Manage Chaos,0,1.249253201997798,0.0,0.022812188076151353,3.99
2154,Risk of Rain,0,5.4332433645157785,0.32,0.7939626149266547,6.99
2155,NEO Scavenger,0,3.49459531178605,0.6567868852459017,0.10391854309222327,11.39
2156,Dungeon of the Endless™,0,2.672009746557986,0.15475409836065576,0.27469813238749735,8.99
2157,LEGO® Marvel™ Super Heroes,0,4.836036559128128,1.843409836065574,0.3081450671351207,14.99
2158,Ancient Space,0,0.25726577482526053,0.0,0.00669595160796385,14.99
2159,Risen 3 - Titan Lords,16,0.8716325331739999,0.30898360655737706,0.12472851034442464,10.99
2160,Unholy Heights,0,3.3604137054149708,0.04511475409836066,0.0376154928565028,2.79
2161,Zafehouse: Diaries,0,0.7467588675863243,0.18675409836065576,0.009978280827553972,1.69
2162,NEStalgia,0,0.8320840834578797,0.0,0.007352417451881874,6.99
2163,The Castle Doctrine,0,0.3021236051621197,0.0199344262295082,0.008730995724109725,12.49
2164,Teslagrad,0,2.299967095707012,0.34885245901639345,0.05707970512867223,6.99
2165,Battlefield: Bad Company™ 2,0,2.2340978422630617,0.35200000000000004,0.8819618613038659,14.99
2167,Blackguards,0,0.5568506261338437,0.1217049180327869,0.0859642022610653,26.99
2168,Marlow Briggs and the Mask of Death,0,4.636052162596443,0.051409836065573776,0.05655453245353781,3.99
2169,Mass Effect 2,0,7.5110784999869935,0.3860983606557377,0.3648965393418339,19.99
2170,Scribblenauts Unmasked: A DC Comics Adventure,0,1.6646784520974918,0.06504918032786886,0.0482830628201707,14.99
2172,FORCED: Slightly Better Edition,0,1.0620997627029574,0.2135081967213115,0.07631415435547034,10.99
2173,Shadowgrounds,0,1.4532481720446846,0.13534426229508198,0.03679491055160527,3.99
2174,Overgrowth,0,0.8809923194204217,0.7160655737704918,0.1449148350449039,22.99
2175,Life Goes On: Done to Death,0,9.18872298176054,0.13429508196721313,0.04854564915773791,6.99
2177,Lugaru HD,0,1.2044095788963876,0.006819672131147541,0.01047063021049249,7.99
2178,Assault Android Cactus,0,6.881476381294859,0.19881967213114757,0.04112758512146423,10.99
2179,METAL SLUG 3,0,3.5781148398833134,0.12695081967213115,0.18650194625711075,5.99
2180,Jazzpunk: Director's Cut,0,3.98849877673497,0.21088524590163937,0.14537436113564653,10.99
2181,The Wolf Among Us,16,15.641746656478555,0.3231475409836066,0.7071450070684959,11.99
2182,Blockland,0,0.9320837957342839,0.5529180327868853,0.16575762558930118,7.19
2183,Knock-knock,0,2.69893718195573,0.299016393442623,0.032101179767591394,6.99
2184,How to Survive,0,1.7564605353869265,0.13429508196721313,0.5125685309311935,10.99
2185,8BitMMO,0,0.4959775473347508,0.016262295081967214,0.15407253356756034,0.0
2186,Bridge Constructor,0,1.0744176889476806,0.15632786885245903,0.033676697792994655,6.99
2187,Super Amazing Wagon Adventure,0,6.930046640991481,0.13691803278688525,0.05527442405789766,2.09
2188,UnderRail,0,2.2096884167724005,0.015213114754098362,0.0537317293246903,9.99
2190,Fight The Dragon,0,1.4526674010768523,0.15737704918032788,0.038075018947245416,6.99
2191,Paranautical Activity: Deluxe Atonement Edition,0,0.8047224889254533,0.20511475409836066,0.042374870224908476,6.99
2192,The Plan,0,4.496464979677036,0.005770491803278689,0.6899456019578437,0.0
2193,Among the Sleep - Enhanced Edition,0,2.4081373902421532,0.04354098360655738,0.14458660212294489,13.49
2194,Croixleur Sigma,0,1.60657168450741,0.21822950819672132,0.0075493572050572815,5.59
2195,Bunny Must Die! Chelsea and the 7 Devils,0,0.7951650711616208,0.22295081967213118,0.00725394757529417,6.99
2196,BELOW,0,0.8595460008912632,0.03777049180327869,0.01257132091103017,19.99
2197,Super Time Force Ultra,0,3.5471207886308487,0.09652459016393443,0.021236670050748092,10.99
2199,Shovel Knight: Treasure Trove,0,10.744630644917512,0.3205245901639345,0.3139876131459911,18.99
2200,The Binding of Isaac: Rebirth,16,15.148936588281872,1.6975737704918035,2.447632899048354,10.99
2202,Wargame: Red Dragon,0,2.6315452846641723,1.2002622950819672,0.2949501036723684,24.99
2203,INFRA,0,2.913187642414645,0.0,0.024781585607905426,23.79
2204,Chroma Squad,0,5.124639940279421,0.13062295081967215,0.09036252341531607,11.39
2205,The Legend of Heroes: Trails in the Sky,0,4.068592162597213,1.9698360655737706,0.11918137396331734,12.99
2206,Damned,0,0.9471657778518042,0.4574426229508197,0.11199307297241497,15.49
2207,Hive,0,3.220192875569641,0.0,0.003282329219590122,6.99
2208,Livelock,0,1.3016691970950187,0.13219672131147542,0.00965004790559496,7.19
2209,Corpse Party,18,4.466704466745336,0.0,0.013063670293968687,10.99
2210,The Legend of Heroes: Trails in the Sky SC,0,16.31419217622686,0.0,0.03393928413056186,22.99
2211,Eleusis,0,0.450692927266468,0.10911475409836066,0.004234204693271258,9.99
2212,Escape Goat,0,14.439078576997566,0.0,0.01578800354622849,3.99
2213,Dark Matter,0,0.2263271682789442,0.0,0.002789979836651604,6.99
2214,The Inner World,0,4.239035273557472,0.0,0.01710093523406454,11.99
2215,Heroes of Havoc: Idle Adventures,0,0.20239675438420415,0.0,0.00295409629763111,0.0
2216,TowerFall Ascension,0,5.802841085727398,0.17836065573770493,0.06338177723028526,10.99
2217,Gravity Ghost,0,12.092970713779533,0.0,0.005284550043540098,10.99
2219,Anomaly Korea,0,1.4180935451419674,0.15055737704918035,0.014639188319371945,3.99
2220,7 Days to Die,0,1.325859826934857,0.3011147540983607,2.5445600809028504,18.99
2221,The Impossible Game,0,2.223582668629254,0.0,0.03196988659880779,3.99
2222,Speedball 2 HD,0,0.6587536067318586,0.06347540983606557,0.014146838936433427,6.99
2223,Chainsaw Warrior,0,0.4030888467672244,0.11698360655737707,0.007352417451881874,3.99
2224,Legend of Grimrock 2,0,3.653190261295847,0.6247868852459016,0.07188300990902367,17.99
2225,Shadow Man,16,2.8025232413868078,0.02518032786885246,0.011947678359308045,3.99
2226,Leadwerks Game Engine,0,0.9988288985498618,0.0,0.00617077893282943,78.99
2227,Stick it to The Man!,0,7.713355989257809,0.0,0.015525417208661277,5.99
2228,Master Reboot,0,1.1369990681675681,0.09075409836065575,0.016903995480889132,11.99
2229,Go! Go! Nippon! ~My First Trip to Japan~,16,2.7919924693684086,0.11855737704918033,0.0831085758400219,6.99
2230,World of Diving,0,0.45408760156960665,0.7092459016393443,0.01683834889649733,14.99
2231,Solar Flux,0,1.1542549773883644,0.10544262295081969,0.006105132348437627,6.99
2232,WWII Online,0,0.21372228276397923,0.005245901639344262,0.06909303007237208,0.0
2233,Long Live The Queen,0,7.068879867165429,0.20826229508196722,0.19237731556017706,6.99
2235,Oniken: Unstoppable Edition,0,1.7855687326474705,0.15475409836065576,0.02008785482389155,3.99
2236,Valdis Story: Abyssal City,0,2.099433493696496,1.234360655737705,0.07152195369486876,10.99
2237,Construction Machines 2014,0,0.0,0.05665573770491804,0.006892891361139257,4.99
2238,Gimbal,0,1.1706063431541078,0.0,0.0033151525117860237,7.19
2240,Lovers in a Dangerous Spacetime,0,6.78667920078156,0.13062295081967215,0.0615436728673148,10.99
2241,Divide By Sheep,0,5.535142973631967,0.07344262295081967,0.021729019433686613,3.99
2242,Anomaly Warzone Earth Mobile Campaign,0,1.543639474911065,0.0797377049180328,0.007385240744077775,3.99
2243,YAIBA: NINJA GAIDEN Z,0,0.7369124610569242,0.03567213114754099,0.008763819016305626,22.99
2244,Maia,0,0.3295949153487582,0.0099672131147541,0.027079216061618512,17.98
2245,Zombie Tycoon 2: Brainhov's Revenge,0,0.6627211199177663,0.0697704918032787,0.00508761029036469,3.99
2246,Elegy for a Dead World,0,0.6929299066555604,0.0015737704918032788,0.005317373335735998,10.99
2247,Syder Arcade,0,2.171518663455499,0.09075409836065575,0.017232228402848142,6.99
2248,Slender: The Arrival,0,2.9153438890186125,0.024131147540983607,0.16234400320092746,6.99
2249,Double Dragon: Neon,0,1.2465782453483623,0.1038688524590164,0.06134673311413938,6.99
2250,DwarfCorp,0,0.5537286212876223,0.0,0.00036105621415491364,14.99
2251,SteamWorld Dig,0,5.003641870252191,0.13114754098360656,0.14133709619555065,6.99
2252,Dusty Revenge:Co-Op Edition,0,0.2151995256796201,0.0,0.002297630453713086,10.99
2253,StarDrive 2,0,0.43632602115787106,0.43698360655737706,0.053337849818339486,22.99
2254,Space Pirates And Zombies 2,0,1.4114822843664674,0.6525901639344263,0.06577787756058605,14.99
2255,Rust,18,1.5222485695932368,1.1719344262295084,8.99289277254082,27.79
2256,OMSI 2: Steam Edition,0,1.2459103155452056,4.196196721311476,0.11225565930998219,27.11
2257,Qbeh-1: The Atlas Cube,0,2.8986221987365037,0.0,0.015820826838424392,7.19
2258,Depths of Fear :: Knossos,0,0.6541516888239882,0.0,0.009781341074378565,4.79
2259,Death Road to Canada,0,5.3743881329532615,0.9421639344262296,0.11294494844609611,10.99
2260,Eldritch Reanimated,0,2.7922145166671175,0.15895081967213115,0.054683604798371435,9.99
2261,Nihilumbra,0,3.148916942106494,0.13639344262295083,0.08008883295799898,4.99
2262,Fantasy Grounds,0,1.394334773778787,45.19239344262296,0.012374381157854763,29.99
2263,The Last Express Gold Edition,0,1.6960534204953142,0.0005245901639344263,0.003282329219590122,4.99
2264,YOU DON'T KNOW JACK Vol. 1 XL,0,0.9888527130151242,0.0,0.0009846987658770367,1.99
2265,MouseCraft,0,3.17263972449512,0.0,0.004431144446446666,6.99
2266,Claire,0,0.8330013465943691,0.0,0.006925714653335158,6.99
2267,PULSAR: Lost Colony,0,3.5498383581527184,0.7585573770491804,0.06896173690358846,19.49
2268,Dracula: Love Kills,0,1.616268033209704,0.0,0.0007549357205057284,6.99
2269,Skyscraper Simulator,0,0.0156743858114956,0.023081967213114757,0.010240867165121181,2.09
2270,Rocket League®,0,4.2167662973311195,0.7669508196721312,8.674441191656188,14.99
2271,McDROID,0,1.1853192056240816,0.0,0.0010175220580729383,6.99
2272,Race The Sun,0,5.834123145949334,0.11488524590163936,0.18056093036965262,6.99
2273,The Cat Lady,18,5.3266279506945775,0.12013114754098361,0.11790126556767719,7.19
2274,Halfway,0,1.2859483844654824,0.2255737704918033,0.014836128072547352,9.99
2275,A Hat in Time,0,18.38627823538415,0.19724590163934427,0.4664518053959523,22.99
2276,Stonehearth,0,1.1175826486358371,0.6604590163934426,0.2252006077560783,15.49
2277,FOTONICA,0,2.7473379031282477,0.22662295081967215,0.01903750947362271,10.99
2278,Neverending Nightmares,0,1.0644170119672653,0.1300983606557377,0.06308636760052215,10.99
2279,Tiny Barbarian DX,0,2.077383278937566,0.0,0.003380799096177826,22.99
2280,Axis Game Factory's AGFPRO v3,0,0.645492671489424,0.20091803278688528,0.008566879263130218,7.19
2281,Hot Tin Roof: The Cat That Wore A Fedora,0,0.6689384246933799,0.1295737704918033,0.002297630453713086,10.99
2282,Ravensword: Shadowlands,0,0.30601240434876187,0.0,0.011717915313936737,4.99
2283,CastleMiner Z,0,0.8856773786539436,0.1379672131147541,0.2037998212443507,2.79
2284,CABAL Online,0,0.6326992883382652,0.0015737704918032788,0.022057252355645623,0.0
2285,WARMACHINE: Tactics,0,0.261152330198183,0.14321311475409837,0.03016460552803323,0.0
2286,Gentlemen!,0,0.17771671312918946,0.00419672131147541,0.0010831686424647405,3.99
2287,Wrack,0,0.9864496903033876,0.04091803278688525,0.013391903215927698,6.99
2289,Tiny Brains,0,1.3233202522956444,0.06924590163934427,0.010864509716843305,7.19
2290,theHunter Classic,0,0.23160466116492653,0.015213114754098362,0.8777933031949864,0.0
2291,Ikaruga,0,7.617030375611692,0.25285245901639347,0.04490226372399287,6.99
2292,Bus-Simulator 2012,0,0.16412760073405408,0.024655737704918034,0.025109818529864436,7.19
2293,rymdkapsel,0,1.738729325197451,0.259672131147541,0.0034136223883737275,5.59
2294,Shantae: Half-Genie Hero,0,4.036826795577571,0.21822950819672132,0.05790028743356976,14.99
2295,Earth 2140,0,0.43196369008950447,0.1400655737704918,0.0031838593430024193,3.99
2296,Earth 2150 Trilogy,0,0.9968251348739628,0.17416393442622952,0.011061449470018712,4.99
2297,Knights and Merchants,0,1.6922415919545528,0.13481967213114754,0.09046099329190377,4.99
2298,Jack Orlando: Director's Cut,0,0.6176217734917777,0.14321311475409837,0.00672877490015975,3.99
2299,Enclave,0,1.3208126952112906,0.11908196721311476,0.16789113958203475,3.99
2300,KnightShift,0,0.5139578688575032,0.15265573770491805,0.022418308569800538,4.99
2301,World War III: Black Gold,0,0.43036447004940387,0.15895081967213115,0.01125838922319412,3.99
2302,FortressCraft Evolved!,0,1.0423985255485884,1.522360655737705,0.07539510217398511,9.99
2303,Dofus,0,0.9404388715624519,0.128,0.008730995724109725,0.0
2304,Duskers,0,2.92455979311078,0.0,0.03177294684563238,14.99
2305,Pool Nation,0,3.4304156834882464,0.5492459016393443,0.08035141929556619,5.19
2306,Obscure,0,4.729922285084949,0.0,0.021006907005376784,4.99
2307,Obscure II (Obscure: The Aftermath),0,1.4768544551026324,0.0,0.007516533912861381,6.99
2308,Theme Park Studio,0,0.29579402136139965,0.0,0.012013324943699848,22.99
2309,resident evil 4 / biohazard 4,16,1.9374905832276255,0.49206557377049187,0.43760013155575517,14.99
2311,Ground Control II: Operation Exodus,0,2.0587986106555163,0.0,0.0005579959673303208,3.99
2313,MoonBase Commander,0,3.8255810670907495,0.0,0.00036105621415491364,4.79
2315,Silent Storm Gold Edition,0,3.326272981576445,0.020459016393442626,0.017626107909198958,8.99
2316,Cricket Revolution,0,0.4302860855934747,0.0,0.0004267027985467159,1.99
2317,Abyss Odyssey,16,0.5813023057632832,0.13429508196721313,0.06778009838453602,10.99
2318,GRID Autosport,0,1.131750727192117,0.21875409836065576,0.21266211013724404,24.99
2319,Pro Cycling Manager 2014,0,0.6864039664934636,0.0,0.004595260907426171,6.99
2320,1954 Alcatraz,0,0.976989140996727,0.224,0.02803109153529965,6.99
2321,Journey of a Roach,0,2.710658029062382,0.2554754098360656,0.0349239828964389,5.99
2322,Edna & Harvey: The Breakout,0,1.7648090445456037,0.11593442622950821,0.027210509230402115,11.99
2323,Escape Goat 2,0,12.749112749102995,0.0,0.006860068068943355,6.99
2324,KickBeat Steam Edition,0,0.6716616828706758,0.10544262295081969,0.020514557622438267,6.99
2325,Max: The Curse of Brotherhood,0,6.961293818782396,0.0,0.03023025211242503,10.99
2326,Magic 2015 - Duels of the Planeswalkers,0,0.25153638046790155,1.0418360655737706,0.12778107651864345,6.99
2327,Cities: Skylines,0,4.267068809257397,0.23291803278688528,2.411133398126512,22.99
2328,PixelJunk™ Shooter,0,3.5174973545886963,0.12432786885245903,0.01260414420322607,6.99
2329,The 11th Hour,0,0.27333102822409217,0.0005245901639344263,0.0012144618112483459,4.79
2331,Eschalon: Book I,0,2.5120167190454237,0.0,0.0030197428820229123,0.0
2332,Jagged Alliance Flashback,0,0.2708607725263915,0.14111475409836066,0.019365742395581722,14.99
2333,Shadows: Heretic Kingdoms,0,0.5921700174072009,0.0,0.008599702555326121,29.99
2334,Truck Racer,0,1.0303093062201854,0.0,0.002363277038104888,6.99
2335,Enemy Front,0,0.5966672592157746,0.064,0.11225565930998219,15.99
2337,Child of Light,0,5.077733245687714,0.4291147540983607,0.3488131261658423,12.49
2338,WRC 4 FIA World Rally Championship,0,0.6254978669143432,0.0,0.025339581575235748,24.99
2339,MXGP - The Official Motocross Videogame,0,1.3042746227890476,0.0,0.023961003303007895,7.19
2340,MotoGP™14,0,0.3038749424831374,0.1620983606557377,0.01047063021049249,7.19
2341,Cosmic Star Heroine,0,3.4488137937539736,0.15842622950819674,0.010667569963667897,10.99
2342,Madballs in Babo:Invasion,0,1.9476166483748907,0.02832786885245902,0.0044639677386425665,3.99
2343,Project Nimbus,0,2.6318990478995077,0.09809836065573771,0.03003331235924962,15.49
2344,Darkout,0,0.3512124735062594,0.14845901639344264,0.022877834660543155,9.99
2345,Not The Robots,0,1.4684485950331696,0.06504918032786886,0.014310955397412934,6.99
2346,Rebuild 3: Gangs of Deadsville,0,2.1330232671664717,3.516852459016394,0.03252788256613811,10.99
2347,Secret Files: Sam Peters,0,0.7046593253457081,0.0,0.0005251726751344197,7.99
2349,Baldur's Gate II: Enhanced Edition,0,2.3071360563441283,0.8865573770491804,0.09594248308861927,14.99
2350,The Talos Principle,0,8.380024294761155,0.09757377049180328,0.5882590427349417,29.99
2351,Blast Em!,0,0.2849409382921382,0.0,0.006105132348437627,0.79
2352,Elder Sign: Omens,0,1.2977449762246238,0.0,0.0047265540762097755,4.79
2353,J.U.L.I.A.: Among the Stars,0,2.2395436188735207,0.0005245901639344263,0.02005503153169565,14.99
2354,Max Gentlemen,0,2.5889646579309136,0.033049180327868855,0.026980746185030807,0.0
2355,Infinity Wars: Animated Trading Card Game,0,1.4041873413858792,0.08918032786885247,0.10532994465664702,0.0
2356,Bloody Trapland,0,1.8698482518204478,0.1500327868852459,0.09472802127737093,6.99
2358,Riptide GP2,0,2.7601678279496036,0.0,0.009288991691440046,4.99
2359,Violett Remastered,0,0.6092184099627428,0.058754098360655746,0.019890915070716143,6.99
2360,Hyper Light Drifter,0,5.82052276071396,0.1857049180327869,0.3823257074978575,14.99
2362,Loren The Amazon Princess,18,1.5661702318372397,0.2056393442622951,0.012472851034442465,14.99
2363,Oozi: Earth Adventure,0,2.173247627933454,0.1017704918032787,0.018807746428251403,3.99
2364,Europa Universalis III Complete,0,1.8134557052928053,0.5586885245901639,0.043851918373724035,9.99
2365,Ring Runner: Flight of the Sages,0,1.979924393795503,0.21088524590163937,0.019858091778520243,3.99
2366,Survivor Squad,0,0.7145076111939254,0.09862295081967214,0.023107597705914463,2.99
2368,99 Spirits,0,0.5054827716562382,0.19934426229508198,0.008566879263130218,6.99
2369,Deus Ex: The Fall,18,0.1273229111693041,0.042491803278688525,0.09817446695794056,7.99
2370,Talisman: Prologue,0,0.448603897132889,0.12852459016393444,0.0075493572050572815,4.99
2371,Blood Knights,0,0.5522775474928264,0.4055081967213115,0.020153501408283352,6.99
2372,Knights of Honor,0,4.339561991691143,0.018360655737704918,0.03305305524127253,7.49
2373,Elven Legacy,0,0.9529040445297597,0.01416393442622951,0.00016411646097950648,3.99
2374,The Vanishing of Ethan Carter,0,3.0755558112754486,0.1138360655737705,0.2516233579737788,14.99
2375,Adventure Time: Finn and Jake's Epic Quest,0,1.0878220677214205,0.0,0.010667569963667897,6.99
2376,Scania Truck Driving Simulator,0,1.2063769322585243,0.17311475409836066,0.032265296228570904,6.99
2377,Professional Farmer 2014,0,0.26320991851753406,0.5072786885245902,0.015886473422816193,14.99
2378,Type:Rider,0,1.4813070526230308,0.0,0.04280157302345519,3.99
2379,Hearts of Iron III,0,1.2232629029665136,0.7155409836065575,0.13752959430082612,7.99
2380,Citizens of Earth,0,1.28784911399752,0.3037377049180328,0.006892891361139257,9.99
2381,Montague's Mount,0,0.4973177390148303,0.06557377049180328,0.010142397288533478,3.99
2382,Gauntlet™ Slayer Edition,0,1.3104233898482616,0.10281967213114755,0.20691803400296133,14.99
2383,Alpha Prime,0,0.394315928040359,0.0,0.03390646083836596,2.99
2384,King's Bounty: The Legend,0,3.5108539452859855,0.19304918032786886,0.04362215532835272,4.99
2385,Dragon's Prophet,0,0.8008184297314682,0.096,0.024978525361080833,0.0
2386,Dominions 4: Thrones of Ascension,0,4.052292090367011,0.038819672131147544,0.04007723977119539,26.99
2387,Just Cause 2: Multiplayer Mod,0,4.231367178824505,0.11698360655737707,0.43523685451765026,0.0
2388,Supreme Ruler 2020 Gold,0,1.4186600393553024,0.20983606557377052,0.0024289236224966904,6.99
2389,Wasteland 1 - The Original Classic,0,1.382221382177798,0.08131147540983608,0.006827244776747454,4.49
2390,Alone in the Dark,0,0.19776417243046987,0.04511475409836066,0.013227786754948194,6.99
2391,Alone in the Dark: The New Nightmare,0,0.5019567459113758,0.0031475409836065576,0.004989140413776986,4.99
2393,Heli Heroes,0,0.2686179858450424,0.14321311475409837,0.007221124283098269,3.99
2394,Chicken Shoot Gold,0,0.44067055573382036,0.1579016393442623,0.004825023952797479,4.99
2395,Ballpoint Universe - Infinite,0,1.234620200399354,0.26439344262295084,0.017297874987239947,2.79
2396,Sneaky Sneaky,0,3.1561790183243947,0.04301639344262295,0.005317373335735998,3.99
2397,Drifter,0,0.6291558017896524,0.0,0.002461746914692592,8.99
2399,Shufflepuck Cantina Deluxe,0,2.071601381950932,0.18465573770491805,0.012801083956401478,7.19
2400,Hero of the Kingdom,0,4.704434604167703,0.24918032786885247,0.10086597691800446,4.79
2401,EDEN STAR,0,1.120538361996843,0.10229508196721313,0.02468311573131772,14.99
2402,Finding Teddy,0,1.798823966559735,0.07291803278688525,0.024814408900101326,5.99
2403,3079 -- Block Action RPG,0,0.33042446849061363,0.10701639344262295,0.011882031774916244,3.99
2404,Guise Of The Wolf,0,0.13693897574044528,0.0,0.0032495059273942215,1.99
2405,Void Destroyer,0,0.6184868255180974,0.004721311475409836,0.006827244776747454,7.19
2406,Tales of Maj'Eyal,0,7.882134379406977,5.574819672131148,0.0912815755968013,4.99
2407,Fading Hearts,0,0.7201558925687094,0.0,0.003446445680569629,11.39
2408,Nightmares from the Deep: The Cursed Heart,0,4.971429109360936,0.032,0.03554762544816102,6.99
2409,Majesty 2,0,0.8474594682244435,0.0,0.01099580288562691,7.99
2410,Home Sheep Home 2,0,7.935270694016186,0.006819672131147541,0.0002954096297631114,6.99
2411,Wooden Sen'SeY,0,0.44244871857377394,0.06347540983606557,0.0003282329219590125,6.99
2412,OMG Zombies!,0,1.5117711044742135,0.22137704918032788,0.007713473666036787,3.99
2413,Agricultural Simulator: Historical Farming,0,0.0730284357083367,0.10019672131147542,0.0050547869981687876,6.99
2414,Majesty Gold HD,0,6.206896551851283,0.03777049180327869,0.008074529880191701,7.99
2415,Farming Giant,0,0.05129427759037356,0.010491803278688525,0.0039059717713122457,1.69
2419,Vampire: The Masquerade - Bloodlines,0,6.4831817740034685,0.10596721311475411,0.21082400577427357,14.99
2420,The Maw,0,1.6640464916806497,0.007344262295081968,0.0031838593430024193,8.99
2426,Agarest: Generations of War Zero,0,1.1369990681675681,0.494688524590164,0.007483710620665478,14.99
2427,The Last Tinker™: City of Colors,0,1.6782071328509542,0.0,0.016608585851126022,7.99
2428,Marc Eckō's Getting Up: Contents Under Pressure,0,4.155027030387771,0.0,0.024584645854730018,11.99
2429,Assassin’s Creed® Liberation HD,0,0.4701911134902829,0.48996721311475416,0.05087610290364689,16.99
2430,Valiant Hearts: The Great War™ / Soldats Inconnus : Mémoires de la Grande Guerre™,0,8.424340173797498,0.29849180327868857,0.5336739078131579,12.49
2431,Blood of the Werewolf,0,0.5402320003381645,0.10754098360655738,0.015689533669640786,1.59
2432,Shadows: Price For Our Sins Bonus Edition,0,0.4750791587443078,0.0,0.002724333252259802,6.99
2433,Flockers™,16,1.1478321823701572,0.0,0.0020022208239499745,14.99
2435,Get Off My Lawn!,0,1.0444127789191975,0.00419672131147541,0.04700295442453055,0.0
2436,The Four Kings Casino and Slots,0,0.7793317701816654,0.2035409836065574,0.09531884053689715,0.0
2439,Gray Matter,0,3.3704016830703556,0.0,0.012013324943699848,6.99
2440,Cold War,0,0.6071902623844462,0.0,0.002789979836651604,4.49
2441,Dark Fall: The Journal,0,1.0674488774929751,0.0,0.0014770481488155548,4.49
2443,Desperados: Wanted Dead or Alive,0,1.2653390449416606,0.0,0.02655404338648409,4.49
2444,Neighbours from Hell Compilation,0,12.289719186404872,0.08918032786885247,0.05218903459148294,8.99
2445,1001 Spikes,0,1.6430192862131416,0.11278688524590165,0.01503306782572276,9.99
2446,Emergency 2014,0,0.4057348884854281,0.0,0.004070088232291751,7.19
2447,GUN™,0,3.213255412981043,0.46636065573770497,0.023862533426420193,9.99
2448,Killer is Dead - Nightmare Edition,0,1.1329396527195237,0.14688524590163934,0.21134917844940798,14.99
2449,Lethal League,0,5.714248867477921,0.1238032786885246,0.17862435613009445,9.99
2451,Distant Worlds: Universe,0,1.219425900080247,0.10963934426229509,0.034530103390088086,44.98
2452,Bedlam,0,1.1382515133651152,0.07868852459016394,0.0214992563883153,9.99
2453,Tesla Effect: A Tex Murphy Adventure,0,2.6920596601505484,0.04301639344262295,0.029081436885568485,14.99
2454,Lifeless Planet Premier Edition,0,1.234078350880871,0.0,0.08744125040988086,14.99
2455,Borderlands: The Pre-Sequel,18,1.2257861367884197,0.46478688524590167,0.7183377497072982,29.99
2456,Journal,0,1.343977206222584,0.0,0.007680650373840886,7.19
2457,Eryi's Action,0,2.6905143058507965,0.08340983606557378,0.037352906518935594,3.99
2458,Holy Avatar vs. Maidens of the Dead,0,0.43000157946226547,0.0,0.0007221124283098269,6.99
2460,Lichdom: Battlemage,0,0.465372599575748,0.192,0.07667521056962526,7.19
2461,Corporate Lifestyle Simulator,0,1.899444966350612,0.0,0.015492593916465376,3.99
2463,Catzilla 4K - Advanced,0,0.213529599005613,0.0,0.0005579959673303208,10.99
2465,Cube & Star: An Arbitrary Love,0,0.6120854396783478,0.0,0.0007549357205057284,3.99
2466,Call of Duty®,0,5.0510360858018455,0.4453770491803279,0.05159821533195672,14.99
2467,Gabriel Knight: Sins of the Fathers 20th Anniversary Edition,0,3.2634230126307817,0.16,0.017593284617003057,12.99
2468,Darkest Dungeon®,0,2.313401121090371,0.32472131147540984,1.5815903344595006,18.99
2471,Toy Soldiers: Complete,0,1.1290363689894038,0.029901639344262296,0.018676453259467797,10.99
2472,Vanguard Princess,0,0.9276663022608792,0.1337704918032787,0.08691607773474644,3.99
2473,Zombeer,0,1.3759841346531658,0.0,0.002297630453713086,3.99
2474,Last Knight: Rogue Rider Edition,0,1.6960534204953142,0.05508196721311476,0.003282329219590122,4.99
2475,SUGURI,0,2.4732041065684225,0.1615737704918033,0.0014442248566196541,4.79
2476,Jets'n'Guns Gold,0,2.8092379818426148,0.002622950819672131,0.03279046890370532,4.99
2477,Dungeons 2,0,1.4314302753517831,0.15527868852459017,0.12243087989071155,14.99
2479,Cloudbuilt,0,2.159541730065699,0.11488524590163936,0.023796886842028388,14.99
2480,World of Guns: Gun Disassembly,0,1.8129853993253968,0.02255737704918033,0.4391100029967666,0.0
2481,Dead Man's Draw,0,2.280385039167741,0.0,0.008796642308501528,5.19
2482,Rollers of the Realm,0,3.4831069313856027,0.09022950819672132,0.012801083956401478,6.99
2483,Manga Maker Comipo,0,1.1990432683199874,0.06767213114754099,0.014901774656939154,29.99
2485,Gunman Clive,0,2.8877375451851615,0.019409836065573772,0.019168802642406318,1.59
2486,Chuck's Challenge 3D,0,2.3844343186163273,0.0,0.0022648071615171844,2.89
2489,Little Racers STREET,0,1.8255132120283648,0.0,0.025536521328411152,4.79
2490,GoD Factory: Wingmen,0,0.8177557677189625,0.4249180327868853,0.00669595160796385,15.49
2491,Freedom Fall,0,4.865560038220973,0.03934426229508197,0.008501232678738417,6.99
2492,Our Darker Purpose,0,1.563063391745742,0.0,0.018774923136055503,10.99
2493,Super Turbo Demon Busters!,0,0.44376047773104854,0.0,0.0013129316878360488,11.99
2494,Crimsonland,0,3.351592429084106,0.31265573770491806,0.054683604798371435,10.59
2495,The Journey Down: Chapter Two,0,9.383812832046923,0.1479344262295082,0.008468409386542515,14.99
2497,Smooth Operators,0,0.9723168440778708,0.0,0.005514313088911406,2.09
2499,Broken Sword 5 - the Serpent's Curse,0,2.6778063938736327,0.10911475409836066,0.05156539203976082,18.99
2500,Castle In The Darkness,0,1.3897793691076643,0.4521967213114754,0.03029589869681683,4.79
2501,C-RUSH,0,0.06605555220415232,0.0,3.2823292195901556e-05,1.59
2502,Call of Duty® 2,0,3.9076056026380983,0.5460983606557378,0.08435586094346614,14.99
2504,STARWHAL,0,3.2343258051411996,0.2135081967213115,0.01742916815602355,9.29
2506,Blockstorm,0,1.5332734476750656,0.1437377049180328,0.21535362009730794,3.99
2507,Pixel Boy and the Ever Expanding Dungeon,0,0.746514539624507,0.007344262295081968,0.00400444164789995,0.79
2508,9.03m,0,1.8408373178545463,0.008918032786885247,0.028457794333846365,0.0
2510,Postmortem: One Must Die (Extended Cut),0,0.23040281661693188,0.0,0.002199160577125382,1.99
2512,Signs of Life,0,1.3375758203828345,0.0,0.017199405110652242,6.99
2513,Spintires®: The Original Game,0,2.1539450080119913,1.1908196721311477,0.6534132777438056,9.99
2514,BlazBlue: Calamity Trigger,0,2.298053059998579,0.09652459016393443,0.0670908092484221,6.99
2515,Saturday Morning RPG,0,1.4630778179539035,0.5025573770491804,0.012636967495421971,4.99
2516,Continue?9876543210,0,0.4637866707328006,0.0,0.0022648071615171844,6.99
2517,3089 -- Futuristic Action RPG,0,0.9223334211289708,0.08918032786885247,0.013687312845690811,4.99
2518,Driftmoon,0,3.4579586305581635,0.0,0.003709032018136838,11.39
2519,War of the Human Tanks,0,2.6039488778297892,0.26229508196721313,0.012833907248597379,6.99
2520,Probably Archery,0,0.2788312105957981,0.0,0.009026405353872837,3.99
2521,Girls Like Robots,0,0.9396597984680418,0.18727868852459018,0.003544915557157332,4.99
2522,Final Rush,0,0.3061154089182215,0.0,0.0017396344863827647,3.99
2523,Dragons and Titans,0,1.263507809493048,0.03567213114754099,0.09965151510675611,0.0
2524,Enola,0,0.7721200825994221,0.0,0.0008534055970934322,11.39
2525,Villagers and Heroes,0,0.444864335755843,0.06819672131147542,0.09266015386902915,0.0
2526,Paper Sorcerer,0,1.5881084848237388,0.2518032786885246,0.014376601981804736,3.99
2528,Mitsurugi Kamui Hikae,0,1.7085205384596567,0.14531147540983608,0.09466237469297913,6.99
2530,Unearthed: Trail of Ibn Battuta - Episode 1 - Gold Edition,0,0.38079602819570507,0.0,0.022319838693212832,3.99
2531,Muffin Knight,0,1.2107948178808177,0.002622950819672131,0.009256168399244145,3.99
2532,Brawlout,0,0.92620698104876,0.0,0.011520975560761329,14.99
2533,FootLOL: Epic Fail League,0,2.061325473294955,0.002622950819672131,0.029179906762156187,9.99
2534,Turbo Dismount™,0,4.164595494382787,0.20511475409836066,0.13280304022461634,6.99
2536,EvilQuest,0,2.8965451754260485,0.042491803278688525,0.01637882280575471,1.59
2537,SPACECOM,0,0.979802152875059,0.0739672131147541,0.008468409386542515,7.99
2538,Aqua Kitty - Milk Mine Defender,0,2.7446613655925964,0.019409836065573772,0.010043927411945774,4.99
2539,Zombie Grinder,0,0.9268829958020703,0.0,0.006630305023572047,6.19
2542,Out There Somewhere,0,5.117656842084056,0.06347540983606557,0.2146315076689981,0.79
2543,Call of Duty: United Offensive,0,1.886555139538237,0.0,0.0159849432994039,14.99
2544,Son of Nor,0,0.6344902899254299,0.08236065573770493,0.0033151525117860237,14.99
2546,Full Bore,0,2.0587986106555163,0.0,0.0026915099600639003,10.99
2547,Vangers,0,2.1301283372672977,0.0,0.004398321154250763,4.99
2548,Victory: The Age of Racing,0,0.27384376270402594,0.06714754098360656,0.03180577013782828,0.0
2549,WazHack,0,2.7309441103863117,0.0,0.012965200417380982,6.99
2550,One Finger Death Punch,0,21.22244697686411,0.05613114754098361,0.4705875402126359,3.99
2551,Mr. Bree+,0,2.5800543042694275,0.0,0.003938795063508147,1.99
2552,CONSORTIUM,0,0.9414658319171625,0.07449180327868853,0.04339239228298142,6.99
2554,99 Levels To Hell,0,0.5852488610684263,0.08236065573770493,0.014901774656939154,3.99
2555,Guns n Zombies,0,0.8529404045739518,0.05298360655737706,0.027932621658711944,5.59
2556,Captain Morgane and the Golden Turtle,0,0.5478300210221612,0.0,0.0011816385190524443,3.99
2557,Major Mayhem,0,1.9307708965491068,0.13114754098360656,0.0052189034591482945,3.99
2558,Narcissu 1st & 2nd,0,6.4325738065150455,0.005245901639344262,0.09594248308861927,0.0
2562,BlackSoul: Extended Edition,0,0.16082931440007567,0.16839344262295083,0.0006564658439180246,3.99
2563,Moebius: Empire Rising,0,1.0711562438687503,0.0,0.003938795063508147,10.99
2564,Platformines,0,0.7104646306635573,0.35619672131147545,0.0060394857640458256,6.99
2565,Quest for Infamy,0,2.116411082061013,0.03934426229508197,0.0010831686424647405,6.99
2566,Lost Civilization,0,0.38762834072640834,0.0,3.2823292195901556e-05,3.99
2567,Subnautica,0,6.343351436880327,0.4915409836065574,3.1335740593582977,19.49
2568,Deadly 30,0,1.1219974827175616,0.09495081967213116,0.04483661713960107,3.99
2569,FORCED SHOWDOWN,0,2.330649666285072,0.4312131147540984,0.014934597949135058,14.99
2570,Meridian: New World,0,0.3253484798323698,0.08498360655737705,0.011520975560761329,4.99
2571,Acceleration of SUGURI X-Edition HD,0,1.7733314100910749,0.2780327868852459,0.003709032018136838,4.79
2572,Viscera Cleanup Detail: Santa's Rampage,0,3.490602224808168,0.096,0.12932377125185082,1.79
2574,Lords Of The Fallen™,16,0.5184804904960635,0.13901639344262295,0.40228226915296544,23.79
2575,Gomo,0,1.102356275069815,0.05665573770491804,0.03699185030478068,3.99
2576,Grimind,0,0.7489766112786028,0.14321311475409837,0.004628084199622072,6.99
2577,Even the Ocean,0,2.229502229464062,0.0,0.0008205823048975307,10.99
2578,Dead Rising 3 Apocalypse Edition,18,0.8564677531011575,0.2738360655737705,0.3351586366123474,24.99
2579,The Red Solstice,0,1.005980052324316,0.1495081967213115,0.06272531138636724,7.19
2580,Epic Battle Fantasy 4,0,10.412606964452545,0.2014426229508197,0.07089831114314664,8.99
2581,Fistful of Frags,0,3.7572338002377825,0.04511475409836066,0.8567535728974137,0.0
2582,Imagine Me,0,0.12936080985042758,0.04721311475409837,0.011159919346606416,1.99
2583,NaissanceE,0,1.2862248137122838,0.004721311475409836,0.041652757796598654,0.0
2585,Secret Ponchos,0,0.9267640848133387,0.0,0.04102911524487653,10.99
2586,Cannons Lasers Rockets,0,0.07373049782813582,0.0005245901639344263,0.01424530881302113,0.0
2588,The Sandbox,0,0.504217745815352,0.0,0.014507895150588342,3.99
2589,Monochroma,0,1.096047156755271,0.04668852459016394,0.016510115974538317,14.99
2590,Alpha Kimori™ 1,0,0.49120345839691665,0.07816393442622951,0.003544915557157332,6.99
2591,Hexcells,0,10.313608790067637,0.025704918032786888,0.1152425788998092,1.99
2592,Goat Simulator,0,2.9964094319482664,0.07816393442622951,1.6927300018348221,7.19
2593,Ether One,0,1.081891486773082,0.0,0.008665349139717922,14.99
2594,Worlds of Magic,0,0.29565150923171535,0.0,0.011947678359308045,18.99
2595,Rogue's Tale,0,0.7811342788997855,0.0,0.006925714653335158,3.99
2596,LYNE,0,9.964631663936334,0.12222950819672132,0.2305179810918143,1.99
2597,DRAKERZ-Confrontation,0,0.3457877941987461,0.006295081967213115,0.00508761029036469,0.0
2598,Into the Dark: Ultimate Trash Edition,18,0.2488492875593226,0.19252459016393444,0.0033479758039819253,3.99
2599,Starlite: Astronaut Rescue - Developed in Collaboration with NASA,0,0.19349047853344384,0.0,0.0029212730054352094,1.99
2600,Tower of Guns,0,1.7246684776615324,0.6824918032786886,0.02868755737921767,10.99
2601,Breach & Clear,0,1.735794592378115,0.03514754098360656,0.0615436728673148,10.99
2602,Lost Saga NA,0,0.5135815541804442,0.027803278688524592,0.01956268214875713,0.0
2603,Windforge,0,0.7435371509154257,1.0885245901639344,0.014081192352041626,6.99
2604,Astral Terra,0,0.4367859541918448,0.0,0.0015755180254032586,7.19
2605,One Way Heroics,0,6.410132506393638,0.37665573770491806,0.11317471149146742,2.29
2606,Last Dream,0,2.055932318379545,0.0,0.01099580288562691,6.99
2607,Procyon,0,2.90082703877152,0.0,0.0004267027985467159,2.79
2609,Helicopter Simulator 2014: Search and Rescue,0,0.10944512601866041,0.007868852459016393,0.006958537945531059,4.99
2610,GameGuru,0,1.026054928248489,0.04354098360655738,0.03712314347356428,14.99
2611,Ethan: Meteor Hunter,0,0.5914040396275414,0.0,0.0035777388493532336,6.99
2612,Calibre 10 Racing,0,0.2575811139989165,0.0,0.00016411646097950648,1.59
2613,Farm for your Life,0,1.5229111783085345,0.24498360655737708,0.014310955397412934,6.99
2614,iRacing,0,1.9956992373211389,0.002098360655737705,0.025831930958174265,7.99
2615,Anarchy Arcade,0,0.8125830500257277,0.013114754098360657,0.07162042357145647,0.0
2616,Lili: Child of Geos - Complete Edition,0,2.578635277987975,0.0,0.026619689970875896,10.99
2617,Hand of Fate,0,3.8379646043383255,0.15580327868852462,0.2868427504999808,14.99
2618,Age of Mythology: Extended Edition,0,2.2201524988983996,0.4506229508196722,0.35491825851427994,22.99
2620,Gravity Badgers,0,0.5752774719639748,0.2260983606557377,0.010569100087080193,3.99
2621,Star Swarm Stress Test,0,3.2466112928759396,0.0,0.0052189034591482945,0.0
2623,Beware Planet Earth,0,0.796125279018379,0.0,0.005153256874756491,6.99
2624,MURI,0,3.9644418957838314,0.07449180327868853,0.011389682391977725,3.99
2625,Batman™: Arkham Origins Blackgate - Deluxe Edition,0,0.19304249394195638,0.09914754098360656,0.04614954882743712,14.99
2626,The LEGO® Movie - Videogame,0,1.8205438267986276,0.299016393442623,0.06889609031919666,14.99
2627,Airport Simulator 2014,0,0.014739693750156525,0.0,0.027768505197732437,6.99
2628,Woodcutter Simulator 2013,0,0.09062126266191223,0.017836065573770495,0.014146838936433427,5.79
2631,Guilty Gear Isuka,0,0.3383710162044609,0.07711475409836066,0.006334895393808935,6.99
2632,Gun Metal,0,1.2047784462013094,0.1138360655737705,0.020580204206830068,2.09
2633,Glacier 3: The Meltdown,0,0.08412353263848066,0.002098360655737705,0.010766039840255601,2.09
2634,Hyper Fighters,0,0.06414318418472481,0.0,0.010142397288533478,2.09
2635,Hostile Waters: Antaeus Rising,0,1.002569968221409,0.10859016393442623,0.0070570078221187625,2.09
2636,Braid,0,6.442918628136653,0.131672131147541,0.22369073631506683,10.99
2637,The Evil Within,18,1.6661820930475308,0.4710819672131148,0.42158236496415535,14.99
2638,Heat Signature,0,5.615059345559899,0.41442622950819674,0.11051602482359942,10.99
2639,Antisquad,0,0.41542647532491905,0.08498360655737705,0.00561278296549911,4.99
2640,Meltdown,0,2.276445724982087,0.0,0.021072553589768585,3.49
2641,Mechanic Escape,0,2.4913770995588806,0.16262295081967215,0.0214992563883153,4.49
2642,Let's Sing,0,0.3186065255495695,0.0,0.0009190521814852345,12.99
2643,Grapple,0,4.468047414990131,0.22662295081967215,0.005941015887458122,5.19
2645,Krautscape,0,0.8105283968697533,0.0,0.004398321154250763,5.19
2646,Panzer Corps,0,4.29928360963014,0.0,0.034365986929108576,14.99
2647,Aura Kingdom,0,1.3659206385702625,0.048262295081967214,0.2330125512987028,0.0
2648,XCOM® 2,0,1.5210931564722807,1.041311475409836,1.1715289450561066,34.99
2650,The Whispered World Special Edition,0,1.064066426635853,0.07763934426229509,0.03098518783293076,16.99
2651,From the Depths,0,2.847083536724091,0.2575737704918033,0.14409425274000637,11.39
2652,The Memory of Eldurim,0,0.300624914275624,0.0,0.004037264940095851,0.79
2653,Magicite,0,2.198315991456818,0.3425573770491804,0.20757449984687934,7.19
2654,Treasure Adventure World,0,3.0190064674137953,0.0,0.0014442248566196541,6.99
2655,Paranormal State: Poison Spring,0,1.145146286264651,0.0,0.00564560625769501,6.99
2656,EVGA Precision XOC,0,1.1071576642533496,0.036196721311475416,0.06774727509234012,0.0
2657,Satellite Reign,0,0.7868245209738268,0.12852459016393444,0.12177441404679354,22.99
2658,Masters of the World - Geopolitical Simulator 3,0,0.24657533176277682,0.0,0.013326256631535896,26.99
2659,Cuphead,0,8.727549619644188,0.23134426229508198,1.3266846472661316,14.99
2662,The Dishwasher: Vampire Smile,0,6.742943024961911,0.0,0.010831686424647404,6.99
2663,Crayon Physics Deluxe,0,2.3001719618144985,0.013639344262295083,0.02222136881662513,15.99
2664,Science Girls,0,0.9117394954716664,0.03357377049180328,0.0009846987658770367,3.99
2665,The Yawhg,0,1.5101084066290353,0.0,0.03400493071495367,6.99
2666,Year Walk,0,3.9152004669268283,0.019409836065573772,0.05140127557878132,4.79
2667,Super Motherload,0,1.2626262626320819,0.0,0.010667569963667897,10.99
2668,Luxuria Superbia,0,0.9808878552896979,0.0,0.004234204693271258,4.99
2669,Sports Bar VR,0,3.5234738787943987,0.0,0.019398565687777626,14.99
2670,Edge Of Eternity,0,1.7227258607901184,0.0,0.012965200417380982,15.49
2671,Hero Siege,0,1.371640166983935,0.28852459016393445,0.6187847044771299,6.99
2672,Aces Wild: Manic Brawling Action!,0,1.5338849821662959,0.0,0.006827244776747454,6.99
2673,WORLD END ECONOMiCA episode.01,0,2.1596204356151354,0.384,0.014475071858392438,9.99
2674,LOVE,0,3.6343233387620533,0.15265573770491805,0.03082107137195125,2.09
2675,liteCam Game: 100 FPS Game Capture,0,0.3520832921568838,0.013639344262295083,0.014672011611567845,10.99
2676,Infectonator: Survivors,0,0.7349014063307273,0.22819672131147542,0.019365742395581722,6.99
2677,Chronology,0,2.6284134407600845,0.10072131147540984,0.012177441404679353,3.99
2678,Montas,0,0.2769445373545343,0.0,0.001542694733207358,6.99
2679,Reaper - Tale of a Pale Swordsman,0,0.7236524479981152,0.10019672131147542,0.009223345107048244,3.99
2681,MorphVOX Pro - Voice Changer,0,0.42709845668557417,0.0,0.007582180497253182,29.99
2682,Bardbarian,0,2.92238177744245,0.21193442622950823,0.042374870224908476,5.59
2685,Claustrophobia: The Downward Struggle,0,0.3018225323727163,0.0,0.0026586866678679996,3.49
2686,Arcane Worlds,0,0.40476314123473045,0.0,0.0034136223883737275,6.99
2688,Dex,0,2.559942950048776,0.0,0.06101850019218037,14.99
2689,BADLAND: Game of the Year Edition,0,1.9649307573302175,0.0,0.042506163393692085,6.99
2690,RymdResa,0,1.349990629295806,0.0,0.005120433582560591,9.29
2691,Tumblestone,0,1.3317840904836642,0.2601967213114754,0.026357103633308683,18.99
2692,The Golf Club,0,0.5997947791118419,0.0,0.029967665774857818,22.99
2693,Secrets of Grindea,0,5.453549222280726,2.3942295081967213,0.12459721717564104,10.99
2694,DreadOut,0,1.1372930093011777,0.09442622950819674,0.10224455519023232,10.99
2695,Spate,0,0.9140802245066544,0.0398688524590164,0.008501232678738417,1.59
2696,AR-K,0,0.4888316405201088,0.02832786885245902,0.0107332165480597,5.79
2697,X-Plane 11,0,1.7089621591775528,23.170622950819673,0.07798814225746131,54.99
2699,The Path,0,1.0356618773744044,0.03357377049180328,0.01900468618142681,6.99
2700,Time Rifters,0,2.8376338723336945,0.19619672131147542,0.0067944214845515535,6.99
2702,Quest of Dungeons,0,1.2619694040255138,0.0,0.016181883052579303,3.99
2704,//N.P.P.D. RUSH//- The milk of Ultraviolet,12,0.13838289713895782,0.12432786885245903,0.022024429063449723,2.99
2705,Block Story™,0,0.6680262118661339,0.0,0.01155379885295723,1.99
2706,The Gallery - Episode 1: Call of the Starseed,0,2.321592339752282,0.0,0.041521464627815044,14.99
2707,RUNNING WITH RIFLES,0,2.655029690459277,0.07081967213114755,0.1936246006636213,10.99
2708,Depression Quest,0,0.4801927380038112,0.009442622950819672,0.12144618112483453,0.0
2709,1HEART,0,0.5704764326801834,0.0,0.0022319838693212837,6.99
2710,The Graveyard,0,0.535011469286744,0.0,0.013260610047144095,3.99
2711,Melody's Escape,0,5.453725293290922,0.02098360655737705,0.14373319652585145,6.99
2713,Frozen State,0,0.7830065156079644,0.17731147540983608,0.013096493586164588,8.99
2714,Dominique Pamplemousse,0,0.9905673700119307,0.0,0.008435586094346614,0.79
2718,Robot Roller-Derby Disco Dodgeball,0,4.625037523403034,0.21298360655737705,0.10877639033721666,6.99
2719,The Forest of Doom (Standalone),0,1.5786946822763765,0.027278688524590165,0.004299851277663061,3.99
2722,Yet Another Zombie Defense,0,2.4332105951335308,0.11698360655737707,0.371855077287365,0.0
2723,Reversion - The Escape (1st Chapter),0,1.2464914268107024,0.09285245901639345,0.04493508701618877,0.79
2726,Haunt the House: Terrortown,0,1.8387060232119443,0.030426229508196723,0.031346244047085664,3.99
2729,Etherlords,0,0.21122625163065498,0.0099672131147541,0.001542694733207358,3.99
2730,Etherlords II,0,1.532771697973013,0.0,0.0044639677386425665,3.99
2731,Jones On Fire,0,0.6689384246933799,0.12904918032786886,0.002297630453713086,1.99
2733,Car Mechanic Simulator 2014,0,1.669287644156002,0.09232786885245903,0.13050540977090327,4.99
2734,American Truck Simulator,0,4.585391345267585,0.8886557377049181,0.8964697564544541,14.99
2735,Worms World Party Remastered,0,0.3620102532119693,0.0,0.017494814740415355,10.99
2736,Ski Region Simulator - Gold Edition,0,1.0876169496553925,0.0,0.005842546010870418,6.19
2737,Act of War: Direct Action,0,2.041340286161767,0.0,0.003709032018136838,1.99
2738,Offworld Trading Company - Free Multiplayer,0,1.0636018135487852,0.1337704918032787,0.1206584221121329,0.0
2739,Industry Giant 2,0,1.5709688717536385,0.0,0.011652268729544933,6.99
2740,Transport Giant,0,0.28278624914531403,0.0,0.004660907491817974,6.99
2741,Sniper Art of Victory,16,0.1069128589453209,0.003672131147540984,0.03279046890370532,1.99
2742,Tribloos 2,0,1.7749110703130504,0.14426229508196722,0.005415843212323702,3.99
2743,Space Farmers,0,1.0580246689810275,0.05245901639344263,0.0536004361559067,7.19
2744,Grand Theft Auto V,18,0.853588454617725,2.5358688524590165,15.37013021328247,24.99
2745,Humanity Asset,0,0.12737414478787557,0.14321311475409837,0.011882031774916244,1.69
2746,10 Second Ninja,0,2.274597902134791,0.07868852459016394,0.01920162593460222,1.59
2747,Light,0,0.480717872223924,0.12118032786885247,0.0075493572050572815,9.99
2748,Dungeon Lords Steam Edition,0,0.9928287290336452,0.0739672131147541,0.005153256874756491,13.99
2749,Card City Nights,0,3.474216117954001,0.5670819672131148,0.023796886842028388,3.99
2750,Super Killer Hornet: Resurrection,0,0.6481910971552115,0.13639344262295083,0.02251677844638824,3.99
2751,Hexcells Plus,0,5.483180337985733,0.0,0.041751227673186356,1.99
2752,Worlds Adrift Island Creator,0,2.2188332535765904,0.0031475409836065576,0.007615003789449083,0.0
2753,Hero and Daughter+,0,3.0190064674137953,0.2775081967213115,0.0023304537459089875,6.99
2758,KAMI,0,8.754066121030805,0.14426229508196722,0.03128059746269386,2.79
2759,Serena,0,1.2608673127831758,0.0031475409836065576,0.19152390996308363,0.0
2760,Torment: Tides of Numenera,0,0.7877046079347676,0.23868852459016396,0.0967302421013209,34.99
2761,Shadow Blade: Reload,0,2.600006675338902,0.0005245901639344263,0.005284550043540098,7.19
2762,The Incredible Adventures of Van Helsing II,0,0.7214223648667111,0.22085245901639347,0.05724382158965173,10.99
2763,NARUTO SHIPPUDEN: Ultimate Ninja STORM Revolution,0,1.5490681686555856,0.7522622950819673,0.16565915571271347,19.99
2764,Detective Grimoire,0,6.903202120310334,0.0,0.03561327203255282,5.19
2765,Serious Sam's Bogus Detour,0,2.1425090392131136,0.0,0.005317373335735998,10.99
2766,Vertiginous Golf,0,0.5050930858927323,0.018885245901639345,0.029672256145094705,7.19
2767,GAUGE,0,0.7546357007530227,0.0,0.003544915557157332,2.49
2768,Pro Rugby Manager 2015,0,0.047084445197484816,0.007868852459016393,0.0017724577785786662,6.99
2769,The Last Federation,0,1.1174183589919613,0.0,0.010273690457317082,14.99
2770,Counter-Strike Nexon: Zombies,0,0.6472368437394146,0.058754098360655746,1.1211451915353983,0.0
2771,Blacklight: Tango Down,0,0.1889201526163103,0.10124590163934427,0.007910413419212194,0.79
2772,Over 9000 Zombies!,0,2.2078992096216785,0.008918032786885247,0.033118701825664336,1.59
2773,Descent,0,10.0477279788844,0.0,0.005678429549890911,7.19
2776,Descent: FreeSpace – The Great War,0,1.5210822108708797,0.0,0.0017396344863827647,6.99
2777,Freespace 2,0,0.9663654097193825,0.0,0.004037264940095851,6.99
2778,Driving School Simulator,0,0.05930695597156522,0.032,0.0024945702068884935,10.99
2780,Formula Truck 2013,0,1.2083287947793497,0.0,0.0016411646097950617,6.99
2781,Towtruck Simulator 2015,0,0.01531952294612287,0.0031475409836065576,0.006203602225025331,6.99
2782,Game Tycoon 1.5,0,0.008833829704300487,0.1300983606557377,0.017593284617003057,0.79
2785,Mining & Tunneling Simulator,0,0.054886561902266796,0.0,0.0005908192595262224,6.99
2787,Stock Car Extreme,0,2.2508401820071717,0.0,0.011882031774916244,10.99
2791,Warehouse and Logistics Simulator,0,0.16512286270699747,0.0,0.004857847244993382,6.99
2792,Mechs & Mercs: Black Talons,0,0.2610761231095899,0.0,0.0010175220580729383,6.99
2793,Dangerous High School Girls in Trouble!™,0,0.6230592439201924,0.05508196721311476,0.0024289236224966904,14.99
2795,Hotline Miami 2: Wrong Number,0,4.285507218294623,0.1620983606557377,0.7769601495691778,11.99
2796,Broforce,0,11.201536951245792,0.24078688524590167,1.050082763931272,11.99
2797,RONIN,0,0.804053006658234,0.23134426229508198,0.051795155085132126,9.99
2798,OlliOlli,0,1.4137358968152767,0.00839344262295082,0.0214007865117276,9.99
2799,NOT A HERO,0,2.6001646690919027,0.17783606557377052,0.054092785538845216,9.99
2800,Gods Will Be Watching,16,0.8963497060509185,0.096,0.07185018661682778,6.99
2801,Always Sometimes Monsters,0,1.1223340755160023,0.2234754098360656,0.07004490554605321,6.99
2802,Dropsy,0,5.505944816417739,0.06452459016393443,0.037352906518935594,6.99
2803,Drox Operative,0,3.3292274674077267,0.0,0.00508761029036469,14.99
2804,Brigador: Up-Armored Edition,0,5.316521993836166,0.3378360655737705,0.05081045631925509,14.99
2805,Darkwood,0,6.169133755364564,0.21875409836065576,0.13109622903042947,11.99
2806,Revolution Ace,0,0.9874485845506115,0.1038688524590164,0.05858957656968368,3.99
2808,Jet Car Stunts,0,0.7312068783180803,0.0,0.0013129316878360488,1.99
2809,Murder Miners,0,1.9630125946484163,0.09022950819672132,0.16454316377805284,0.79
2810,FaceRig,0,1.8256576968090703,0.3735081967213115,0.14855822047864894,12.99
2811,Depth,0,2.4226377398933523,0.2549508196721312,0.8454295370898278,14.99
2813,Influent,0,1.062441752253636,0.11540983606557378,0.0294096698075275,6.99
2814,Alone in the Dark: Illumination™,0,0.05493027709331987,0.0,0.004759377368405678,14.99
2815,Post Master,0,0.23989058474366645,0.15108196721311476,0.004825023952797479,3.99
2816,Shelter 2,0,1.8070107724904192,0.08865573770491804,0.10030798095067414,10.99
2817,Costume Quest 2,0,2.592247420008347,0.0,0.015361300747681774,10.99
2818,Westerado: Double Barreled,0,4.129355916354649,0.19881967213114757,0.03965053697264868,10.99
2819,Graviteam Tactics: Operation Star,0,1.5968607767495084,0.0,0.009584401321203157,22.99
2823,Guacamelee! Super Turbo Championship Edition,0,5.38646977316901,0.1715409836065574,0.05744076134282714,11.49
2824,Chip,0,2.0898472478042214,0.22662295081967215,0.03279046890370532,3.99
2825,Canyon Capers,0,0.24827535365551365,0.12013114754098361,0.059213219121405807,4.99
2826,Z Steel Soldiers,0,0.35384417240766514,0.2397377049180328,0.0022648071615171844,9.99
2827,Z,0,0.9837087424087881,2.242098360655738,0.023928180010811994,4.99
2828,Summoner,0,1.8667570393038604,0.0,0.005579959673303207,4.49
2829,"Warhammer 40,000: Kill Team",0,0.4064512089237337,0.0,0.024781585607905426,6.99
2830,Space Run,0,2.3865937066363196,0.19619672131147542,0.052714207266617366,10.99
2833,No Man's Sky,0,0.37772092681470437,0.641049180327869,3.9332807504192355,39.99
2838,My Riding Stables: Life with Horses,0,1.7173913726543408,0.0,3.2823292195901556e-05,11.39
2846,Mordheim: City of the Damned,0,0.8020804716304188,0.7559344262295082,0.16772702312105525,29.99
2847,Dwelvers,0,0.8547284410392548,0.0,0.0036762087259409374,11.39
2848,FATE: Undiscovered Realms,0,0.9261452611922263,0.11540983606557378,0.0024289236224966904,5.59
2849,Return to Mysterious Island,0,1.525349801302685,0.0,0.0027571565444557034,5.59
2851,VIDEOBALL,0,2.0891209638651107,0.0,0.0008205823048975307,6.99
2852,Halo: Spartan Assault,0,1.5010165068521546,0.2575737704918033,0.11120531395971335,1.99
2853,Imperial Glory,0,1.286166242185271,0.03777049180327869,0.022057252355645623,3.99
2854,Praetorians,0,1.2671170307192854,0.0005245901639344263,0.01099580288562691,3.99
2855,The Book of Legends,0,0.8670112121539265,0.1416393442622951,0.004299851277663061,10.99
2856,Battle Group 2,0,1.877730843545705,0.002622950819672131,0.010569100087080193,5.59
2857,Farming World,0,0.18984501752636018,0.17521311475409837,0.004923493829385183,3.99
2859,Albedo: Eyes from Outer Space,0,0.41657395828122806,0.0,0.00452961432303437,10.99
2861,Where Angels Cry,0,0.3794563588686996,0.0,0.0,3.99
2862,Assassin's Creed Freedom Cry,18,1.0645082908624615,0.0,0.034333163636912675,12.49
2863,Panzer Tactics HD,0,0.9385561109761629,0.0,0.000951875473681136,6.99
2865,"About Love, Hate and the other ones",0,3.3177378007128344,0.08918032786885247,0.016936818773085033,4.99
2866,On Rusty Trails,0,3.759738242791932,0.0,0.0017396344863827647,9.99
2868,Diehard Dungeon,0,1.1201281262488698,0.04773770491803279,0.010962979593431009,3.99
2869,Shantae: Risky's Revenge - Director's Cut,0,2.4741443348041807,0.20616393442622952,0.028818850548001273,6.99
2870,Mars Colony:Challenger,0,0.5510679759601669,0.0,0.0006892891361139262,3.99
2871,ARMA: Combat Operations,0,0.6696147762876065,0.0,0.00400444164789995,5.99
2873,DYNASTY WARRIORS 8: Xtreme Legends Complete Edition / 真・三國無双７ with 猛将伝,0,1.5643487720727753,0.18675409836065576,0.18338373349850012,39.99
2875,"RIVE: Wreck, Hack, Die, Retry!",0,2.3600006540226133,0.08445901639344262,0.019431388979973527,10.99
2876,A Story About My Uncle,0,4.138976069874928,0.11540983606557378,0.6389382058854132,9.99
2878,0RBITALIS,0,0.96522855165505,0.013639344262295083,0.005350196627931899,6.99
2879,Skyborn,0,2.6369448149756676,0.18832786885245903,0.046641898210375635,10.99
2882,3 Stars of Destiny,0,0.46793571697527575,0.1940983606557377,0.0029869195898270117,10.99
2884,Labyrinthine Dreams,0,1.469197295216738,0.0,0.006006662471849923,1.59
2886,TinyKeep,0,0.732653271291616,0.11645901639344264,0.00942028486022365,7.19
2887,Terrian Saga: KR-17,0,1.0559148491951005,0.023081967213114757,0.004759377368405678,3.99
2888,LA Cops,0,0.4324465532711808,0.006295081967213115,0.0014770481488155548,10.99
2890,Angvik,0,2.9665360926729814,0.14216393442622952,0.04995705072216166,2.09
2891,GIGANTIC ARMY,0,1.2138156967082303,0.058754098360655746,0.006597481731376146,4.79
2892,Digger Online,0,0.264642272868121,0.01259016393442623,0.6268592343573215,6.99
2893,Twin Sector,0,0.17167010296793922,0.0,0.00452961432303437,3.99
2894,9th Dawn II,0,1.9476166483748907,0.0,0.0005908192595262224,1.49
2895,Making History: The Great War,0,1.064066426635853,0.0,0.008140176464583503,22.99
2896,Ultionus: A Tale of Petty Revenge,0,0.6590289351963728,0.14531147540983608,0.005153256874756491,4.99
2897,Booster Trooper,0,0.31816649570405053,0.005245901639344262,0.002789979836651604,1.69
2898,Richard & Alice,0,0.9705630397908275,0.17416393442622952,0.008632525847522022,4.79
2899,Dead Horde,0,0.14122095008594487,0.04301639344262295,0.016805525604301427,4.79
2901,Joe Dever's Lone Wolf HD Remastered,0,1.0956588214280947,0.0,0.013884252598866218,10.99
2903,Abalone,0,0.4139208037273046,0.0010491803278688525,6.564658439180268e-05,5.19
2906,Pretentious Game,0,1.3315592174852744,0.01416393442622951,0.005941015887458122,1.59
2908,Devil's Dare 悪魔の挑戦,0,0.8192575593086694,0.0,0.0014442248566196541,9.99
2909,The Troma Project,18,0.3107278971782621,0.163672131147541,0.0042013814010753575,4.99
2910,The I of the Dragon,0,0.5736771254080166,0.14426229508196722,0.014868951364743253,4.99
2912,Grim Legends 2: Song of the Dark Swan,0,10.771795829316924,0.0519344262295082,0.022582425030780045,6.99
2913,Soul Axiom,0,0.7796064487775024,0.0,0.0028556264210434063,14.99
2914,Infinity Runner,0,0.7145076111939254,0.0,0.0005579959673303208,4.99
2915,The Book of Unwritten Tales 2,0,4.538995074895708,0.0,0.016707055727713725,24.99
2916,Bridge Constructor Playground,0,0.7145076111939254,0.0,0.002527393499084394,6.99
2917,Half-Life: Source,0,1.3203595581444438,0.11226229508196722,0.15492593916465378,0.0
2918,X2: The Threat,0,1.5748538508493435,0.384,0.005317373335735998,4.99
2919,Kane & Lynch 2: Dog Days,18,0.511157703408045,0.1579016393442623,0.1523328990811776,7.99
2920,Gunjitsu,0,1.4998396234835212,0.0,0.026357103633308683,2.79
2921,A Wizard's Lizard,0,0.7819420560637823,0.0,0.010372160333904786,6.99
2922,Millennium - A New Hope,0,1.0985907538972368,0.14531147540983608,0.006827244776747454,4.79
2923,Aragami,0,3.145636499123076,0.1374426229508197,0.13697159833349581,14.99
2924,Hover,0,1.561749837767941,0.023606557377049184,0.04319545252980601,14.99
2926,Creeper World 3: Arc Eternal,0,10.307756681146182,0.4689836065573771,0.07660956398523346,11.39
2927,Adventurer Manager,0,0.5477593201495018,0.3399344262295082,0.01398272247545392,3.99
2929,Pulstar,0,0.5001356245241604,0.0,0.00016411646097950648,1.59
2931,Crea,0,1.5143508568987347,0.16891803278688525,0.029081436885568485,10.99
2932,GhostControl Inc.,0,0.9580725307790113,0.03409836065573771,0.0016083413175991602,10.99
2933,Danmaku Unlimited 2,0,6.62207213945839,0.09232786885245903,0.00938746156802775,3.99
2934,BloodLust Shadowhunter,0,1.4966405561955478,0.0,0.0058097227186745155,9.99
2935,Dark Shadows - Army of Evil,0,0.07544490325048375,0.10754098360655738,0.0019365742395581723,3.99
2936,Krita,0,1.1491280093745895,0.0,0.00187092765516637,6.99
2937,Imagine Earth,0,1.4826738966005486,0.0,0.005908192595262219,15.49
2938,Creativerse,0,1.4412232620613634,0.07239344262295083,0.7852972657869367,0.0
2939,Foosball - Street Edition,0,0.8843905395791338,0.0,0.0025930400834761965,3.99
2941,Battlepillars Gold Edition,0,2.4934190088361805,0.011540983606557378,0.006236425517221231,3.99
2942,X3: Reunion,0,0.9048496995214936,0.6462950819672132,0.009682871197790861,9.99
2943,Reversion - The Meeting (2nd Chapter),0,0.9428813718759281,0.20511475409836066,0.0010831686424647405,3.99
2944,A Boy and His Blob,0,0.7698416234280281,0.05665573770491804,0.00889511218508923,6.99
2945,BloodRayne Betrayal,0,0.5850882912697878,0.21875409836065576,0.020842790544397277,6.99
2948,Mashed,0,1.3693378873601139,0.0,0.006137955640633529,3.99
2950,Real Horror Stories Ultimate Edition,0,0.20357595684685328,0.04773770491803279,0.03837042857700853,1.59
2952,Ubersoldier II,0,0.969215379614038,0.0,0.008140176464583503,6.99
2953,Clans,0,0.5748410137076,0.0,0.0005251726751344197,1.99
2954,Disciples Sacred Lands Gold,0,1.5269911821493602,0.0,0.0010831686424647405,5.59
2957,Homeworld: Deserts of Kharak,0,1.3596432263191485,0.013639344262295083,0.11084425774555844,29.99
2958,The Banner Saga 2,0,3.6755206766139557,0.1736393442622951,0.05717817500525993,18.74
2959,Munin,0,1.8838274010310816,0.0015737704918032788,0.014573541734980143,3.99
2961,4PM,0,0.12971005204309,0.0,0.004234204693271258,1.99
2962,RefleX,0,2.7222149479473954,0.11908196721311476,0.0026586866678679996,5.59
2963,Splatter - Zombie Apocalypse,0,3.4791456779867542,0.11278688524590165,0.06433365270396639,0.79
2964,Woolfe - The Red Hood Diaries,0,0.5072246451686196,0.0,0.037418553103327395,6.99
2965,Stellaris,0,1.2983247040226404,0.8199344262295083,1.485680674663077,34.99
2966,X3: Terran Conflict,0,2.2522522525429096,0.6678032786885246,0.05924604241360171,15.99
2967,Carmageddon Max Pack,0,3.8091203609200246,0.006819672131147541,0.00942028486022365,5.99
2968,Carmageddon 2: Carpocalypse Now,0,3.7083864671869295,0.096,0.010536276794884293,5.99
2969,MX vs. ATV Supercross Encore,0,0.33316791945505403,0.0,0.015164360994506366,24.99
2970,This War of Mine,0,7.006240648096917,0.1820327868852459,1.632269497609972,14.99
2971,Fearless Fantasy,0,1.4365839194761512,0.448,0.012735437372009674,4.99
2972,SOMA,0,8.33249620434353,0.1820327868852459,0.5618362925172412,22.99
2973,Sid Meier's Starships,0,0.26228646933794825,0.0,0.06078873714680906,10.99
2974,SuperPower 2 Steam Edition,0,1.3524762210493115,0.0,0.05087610290364689,8.99
2975,Quake Live™,0,1.9545306407948875,0.6625573770491804,0.3966038396030745,6.99
2976,Castlevania: Lords of Shadow – Mirror of Fate HD,0,1.6726505048524303,0.0,0.03026307540462093,9.99
2977,RollerCoaster Tycoon World™,0,0.07297626991997788,2.5589508196721313,0.15318630467827102,10.99
2978,Star Ruler 2,0,1.4857713412502098,0.0,0.01710093523406454,19.49
2981,Easy™ eSports,0,0.822489843259073,0.034622950819672135,0.09095334267484229,0.0
2983,Circuits,0,3.3707657812148946,0.012065573770491804,0.06246272504880003,3.99
2984,Stick 'Em Up 2: Paper Adventures,0,0.7051397296271048,0.0,0.0007221124283098269,1.99
2985,100% Orange Juice,0,5.076318313732563,0.9668196721311476,0.37087037852148796,4.99
2986,Masterspace,0,0.11457609080161824,0.0,0.0024289236224966904,5.79
2987,FaeVerse Alchemy,0,0.7265102094034038,0.26072131147540983,0.006269248809417134,0.0
2988,Hyperdimension Neptunia Re;Birth1 / 超次次元ゲイム ネプテューヌRe;Birth1 / 超次次元遊戲戰機少女重生1,0,7.319769389015467,0.4296393442622951,0.31228080195180424,19.49
2989,Strategic War in Europe,0,0.23805004180825703,0.1295737704918033,0.001280108395640148,10.99
2992,Lucent Heart,0,0.30411740380088115,0.07501639344262295,0.0059738391796540224,0.0
2993,Super Chibi Knight,0,2.5883677923430697,0.0,0.005251726751344195,3.99
2994,Colonies Online,0,0.094827076776962,0.04668852459016394,0.0055471363811073066,10.99
2995,House of the Dying Sun,0,3.4345145945899382,0.0,0.033118701825664336,14.99
2996,The Samaritan Paradox,0,1.109887317030888,0.0,0.0012144618112483459,4.99
2997,Spoiler Alert,0,1.0705846912804262,0.1736393442622951,0.03384081425397416,1.99
2999,Nosferatu: The Wrath of Malachi,0,2.260688467855389,0.11698360655737707,0.06866632727382536,2.09
3000,Soulbringer,0,0.4216442148826502,0.0,0.0025930400834761965,2.09
3001,Desert Thunder,0,0.16739637181484832,0.0,0.0039059717713122457,2.09
3002,Eurofighter Typhoon,0,0.06571851886234703,0.0,0.0030853894664147155,2.09
3003,Marine Sharpshooter II: Jungle Warfare,0,0.12677598906475515,0.0,0.014278132105217034,2.09
3004,Incoming Forces,0,0.4226044227394084,0.1138360655737705,0.005908192595262219,2.09
3005,CT Special Forces: Fire for Effect,0,0.37263140729142624,0.0,0.0030197428820229123,2.09
3006,Litil Divil,0,0.2834623376425878,0.00419672131147541,0.010831686424647404,2.09
3010,Munich Bus Simulator,0,0.24870465106577597,0.0,0.0022319838693212837,13.5
3012,World of Subways 2 – Berlin Line 7,0,0.7560301130662744,0.0,0.0004923493829385186,8.99
3013,World of Subways 3 – London Underground Circle Line,0,0.9086141456453554,0.0,0.007418064036273677,13.5
3014,Salt and Sanctuary,16,4.291811960749922,0.4264918032786886,0.25296911295381075,13.59
3015,Rabbit Hole 3D: Steam Edition,0,0.5940747613762457,0.1259016393442623,0.007122654406510566,2.09
3016,Astebreed: Definitive Edition,0,3.2333784540835606,0.16262295081967215,0.037188790057956084,15.49
3017,KAMUI,0,4.555339038227042,0.005245901639344262,0.0005579959673303208,5.59
3019,Heroine's Quest: The Herald of Ragnarok,0,2.6349233247104835,16.70032786885246,0.029540962976311102,0.0
3020,Putt-Putt® Joins the Parade,0,4.632155666767704,0.0,0.00321668263519832,4.99
3021,Freddi Fish and the Case of the Missing Kelp Seeds,0,8.455260179581296,0.0,0.006597481731376146,4.99
3022,Pajama Sam: No Need to Hide When It's Dark Outside,0,15.85835723794625,0.0,0.016214706344775207,4.99
3023,"Spy Fox in ""Dry Cereal""",0,7.0244449557700825,0.0,0.00564560625769501,4.99
3024,X: Beyond the Frontier,0,1.0825872894899047,0.3399344262295082,0.00295409629763111,3.49
3027,Sanitarium,16,7.153548532849181,0.0,0.007746296958232689,6.99
3028,Unclaimed World,0,0.4840577255719382,0.0,0.0014442248566196541,13.99
3030,BeamNG.drive,0,3.7391623599825046,1.0439344262295083,0.5449979436207439,18.99
3031,Magicians & Looters,0,3.0190064674137953,0.21088524590163937,0.00026258633756720984,1.99
3034,Maize,0,1.2507275831099427,0.0,0.04116040841366013,14.99
3035,PANORAMICAL,0,3.211048038765451,0.0,0.0023304537459089875,6.99
3036,The Last Door - Collector's Edition,0,6.795824037201665,0.020459016393442626,0.04122605499805194,6.99
3038,DeadCore,0,2.2244053098108734,0.0,0.05291114701979277,7.99
3039,Abyss: The Wraiths of Eden,0,3.4222937672522726,0.0,0.029705079437290612,6.99
3040,Dark Arcana: The Carnival,0,3.4713710577941583,0.1358688524590164,0.011750738606132637,6.99
3041,Enigmatis: The Ghosts of Maple Creek,0,1.924082881366535,0.0,0.023764063549832487,6.99
3042,Enigmatis 2: The Mists of Ravenwood,0,15.170000436433442,0.0,0.026061694003545573,6.99
3043,Nightmares from the Deep 2: The Siren`s Call,0,8.924284786477212,0.0,0.015919296715012094,6.99
3044,Nightmares from the Deep 3: Davy Jones,0,10.276156374241202,0.14426229508196722,0.014114015644237527,6.99
3045,Clockwork Tales: Of Glass and Ink,0,4.037661758914576,0.08760655737704919,0.023107597705914463,6.99
3046,Grim Legends: The Forsaken Bride,0,8.593136179535923,0.07659016393442623,0.0268166297240513,6.99
3047,9 Clues: The Secret of Serpent Creek,0,3.532464984400306,0.16052459016393444,0.028950143716784883,6.99
3048,Left in the Dark: No One on Board,0,1.9641302305037058,0.0,0.01129121251539002,6.99
3050,Speed Kills,0,0.3345543946901618,0.1694426229508197,0.008993582061676934,6.99
3051,Pixel Puzzles: Japan,0,1.706722396382786,0.2140327868852459,0.07148913040267287,4.99
3052,Project Root,0,0.36177819440206255,0.0,6.564658439180268e-05,6.99
3053,Solarix,0,0.6365776980758971,6.385836065573771,0.00938746156802775,14.99
3055,Pixel Puzzles: UndeadZ,0,1.0808296835479148,0.1694426229508197,0.019168802642406318,4.99
3056,Robowars,0,0.25939539409719414,0.10754098360655738,0.005415843212323702,9.99
3057,GearCity,0,1.757522383933905,0.0,0.01716658181845634,15.99
3058,Battleplan: American Civil War,0,0.3243279106211537,0.16419672131147542,0.004923493829385183,6.99
3059,"Warhammer 40,000: Dawn of War III",0,0.25933038380037704,0.4285901639344263,0.4933012584121995,29.99
3060,RollerCoaster Tycoon®: Deluxe,0,5.128064786233835,0.1815081967213115,0.10421395272198639,4.79
3061,RollerCoaster Tycoon® 2: Triple Thrill Pack,0,2.3308575032756673,0.1374426229508197,0.07621568447888263,6.99
3063,On The Road,0,0.46401860509976917,0.0,0.00912487523046054,16.3
3065,Crimzon Clover WORLD IGNITION,0,6.801248940429652,0.17783606557377052,0.03321717170225204,6.99
3066,The Entente Gold,0,0.23851885945348786,0.1358688524590164,0.01289955383298918,1.59
3067,Hard Truck Apocalypse / Ex Machina,0,1.4704322027939059,0.0,0.0376483161486987,5.59
3070,Kitty Powers' Matchmaker,0,5.889522586746796,0.0,0.017265051695044047,6.99
3071,Braveland,0,1.7728432926520066,0.12695081967213115,0.056981235252084525,3.99
3072,Action Henk,0,3.0412721566566128,0.2822295081967213,0.017232228402848142,10.99
3073,Enemy Mind,0,2.3600402910188567,0.10072131147540984,0.02110537688196449,6.99
3074,Gang Beasts,0,0.824180331824125,0.0739672131147541,0.6308308527130256,14.99
3075,TerraTech,0,1.7386040534077931,2.8548196721311476,0.18679735588687385,19.99
3076,Kromaia,0,1.4278048761594921,0.1479344262295082,6.564658439180268e-05,14.99
3077,Tooth and Tail,0,1.2936806041836226,0.044065573770491806,0.08061400563313341,14.99
3078,Dead Effect,0,0.9163517686451471,0.15422950819672132,0.0964676557637537,3.99
3079,You Have to Win the Game,0,4.900815885626952,0.05980327868852459,0.17373368559290517,0.0
3080,QuestRun,0,0.3996676265576778,0.2549508196721312,0.022122898940037425,2.09
3081,Eidolon,0,0.5773350602833259,0.096,0.007647827081644985,11.0
3082,Tabletop Simulator,0,6.492561478801671,0.23711475409836066,0.4569002273669451,14.99
3083,ReignMaker,0,0.6877111128121943,0.09285245901639345,0.004989140413776986,10.99
3084,Pier Solar and the Great Architects,0,0.5224660398422695,0.0,0.0,10.99
3085,Dog Sled Saga,0,4.185481197091109,0.0,0.007385240744077775,5.79
3086,fault - milestone one,0,5.651381177320137,0.3215737704918033,0.08205823048975305,10.99
3087,Steel Armor: Blaze of War,0,1.5657189003452467,0.0,0.003052566174218814,22.99
3089,Oknytt,0,4.663362422112349,0.17468852459016396,0.010667569963667897,3.99
3090,FarSky,0,0.9259819605624433,0.10806557377049181,0.11419223354954036,3.99
3091,Shadows on the Vatican Act I: Greed,0,1.0704871091967751,0.09232786885245903,0.017855870954570266,4.99
3092,Strata,0,3.0980824085811878,0.0,0.006991361237726961,5.79
3094,Black Mirror II,0,3.6394484670175746,0.0,0.005776899426478615,6.99
3095,Black Mirror III,0,3.2459646881370325,0.0,0.003643385433745036,6.99
3097,Nearwood - Collector's Edition,0,3.860331446485772,0.03934426229508197,0.004431144446446666,6.99
3098,F1 2015,0,0.48772910873440617,0.19514754098360657,0.2118415278323465,29.99
3099,Avoid - Sensory Overload,0,2.221295324846603,0.09862295081967214,0.002625863375672098,3.99
3100,Metro 2033 Redux,0,1.4263192936465738,0.1836065573770492,1.1616819573973363,14.99
3103,Shadow Ops: Red Mercury,0,1.7740473153355034,0.0,0.002199160577125382,4.99
3105,Hard Truck Apocalypse: Rise Of Clans / Ex Machina: Meridian 113,0,0.961008732716368,0.0,0.012735437372009674,4.79
3106,Hard Truck Apocalypse: Arcade / Ex Machina: Arcade,0,0.10825872891058214,0.09652459016393443,0.0014770481488155548,3.99
3109,S.K.I.L.L. - Special Force 2 (Shooter),0,0.7402356686256168,0.15580327868852462,0.3543930858391455,0.0
3110,X Rebirth,0,0.21611400920640586,1.7762622950819673,0.22201674841307587,24.99
3111,Harvester,0,4.007664927306832,0.0031475409836065576,0.017232228402848142,4.79
3112,Battle Academy,0,2.1005467782738614,0.10754098360655738,0.001706811194186864,10.99
3113,Chaos Domain,0,0.11390363035371043,0.11488524590163936,0.022976304537130857,6.99
3114,Ionball 2: Ionstorm,0,0.9744663235209473,0.11908196721311476,0.016510115974538317,2.99
3115,Wildlife Park 3,0,0.36063325484432457,0.0,0.00886228889289333,6.99
3116,Autocraft,0,0.46782006416384375,0.02255737704918033,0.006236425517221231,6.99
3117,Toybox Turbos,0,2.0804032874325777,0.11593442622950821,0.031149304293910263,11.99
3118,Resident Evil Revelations 2 / Biohazard Revelations 2,18,1.2222474777808277,0.1620983606557377,0.383146289802755,4.99
3119,Metro: Last Light Redux,0,1.4818238656818568,0.1720655737704918,0.960311059775482,14.99
3120,Rise of Nations: Extended Edition,0,4.1079187174956315,1.248,0.1804624604930649,14.99
3121,Pandora: First Contact,0,0.6372735007927196,0.0,0.013621666261299006,22.99
3122,Sunset,0,0.794524932462421,0.0,0.004299851277663061,14.99
3123,The Council,0,2.053513062777865,0.0,0.043129805945414205,25.99
3124,METAL GEAR SOLID V: THE PHANTOM PAIN,18,2.942329392794452,1.2999344262295083,1.4277147406451156,24.99
3125,Nostradamus: The Last Prophecy,0,0.9278871350886909,0.003672131147540984,0.0009190521814852345,3.99
3128,TY the Tasmanian Tiger 4,0,1.8771376647719475,0.0,0.004037264940095851,4.79
3129,8-Bit Commando,0,0.40860068337372946,0.13114754098360656,0.004890670537189282,2.89
3130,Pro Pinball Ultra,0,1.7438504336388003,0.0,0.001378578272227852,9.99
3131,Mortal Online,0,0.34085206502255466,0.0619016393442623,0.08494668020299237,0.0
3132,Yomi,0,1.8240811346017238,0.0,0.0001969397531754076,10.99
3133,Mini Metro,0,9.900496107642823,0.13429508196721313,0.2511638318830362,6.99
3135,Rex Rocket,0,1.2986340572605175,0.0,0.0038403251869204434,3.99
3136,Actual Sunlight,0,1.2652683440690011,0.0,0.012144618112483452,3.99
3137,Whispering Willows,0,1.7448623894014585,0.1117377049180328,0.02786697507432014,6.99
3139,Dungeonmans,0,4.384635419418497,0.0,0.015262830871094068,10.99
3140,Jack Nicklaus Perfect Golf,0,0.5428340852770184,0.0,0.018840569720447304,26.99
3141,The Room,0,13.946171877323014,0.11068852459016394,0.34090271274663014,3.99
3142,Backstage Pass,0,3.6052386324106,0.0,0.003282329219590122,23.79
3143,Conflicks - Revolutionary Space Battles,0,0.8326870398362007,0.0,0.002363277038104888,4.99
3145,Strike Suit Zero: Director's Cut,0,1.4008201121277855,0.0,0.0063020721016130345,14.99
3146,Fable Anniversary,0,1.331649246958007,0.5518688524590164,0.16592174205028068,26.99
3158,Realms of Arkania: Star Trail,0,1.1412666585993734,0.0,0.00036105621415491364,22.99
3159,Pineview Drive,0,0.6166976183673755,0.0,0.011225565930998218,14.99
3160,The Charnel House Trilogy,0,1.7755372929118238,0.0,0.011849208482720341,4.79
3163,Sid Meier’s Civilization® VI,0,0.7664243339253639,1.2537704918032788,1.882481454019327,49.99
3164,Ampu-Tea,0,0.6009127295312253,0.1217049180327869,0.06364436356785247,3.99
3165,Endless Legend™,0,1.7719667050725785,0.3813770491803279,0.39460161877912453,22.99
3166,A.I.M.2 Clan Wars,0,1.2404060680375175,0.0,0.0060394857640458256,1.99
3167,Ascension to the Throne,0,2.570909467465237,0.0,0.004431144446446666,1.99
3170,Dreamscapes: The Sandman - Premium Edition,0,1.7438504336388003,0.0,0.001378578272227852,4.99
3171,El Matador,0,0.6931696586508155,0.0,0.0036762087259409374,2.79
3172,Faces of War,0,2.3345506105647695,0.0,0.015197184286702267,3.99
3174,Freight Tycoon Inc.,0,0.559991404195914,0.0,0.004135734816683554,3.99
3177,Parkan 2,0,0.7300785495880978,0.13639344262295083,0.004102911524487654,2.79
3178,Planet Alcatraz,0,2.100954077706209,0.14216393442622952,0.00561278296549911,2.79
3179,Perimeter,0,1.5375429170416048,0.13481967213114754,0.00026258633756720984,2.79
3180,RC Cars,0,1.0247286111878564,0.0,0.00321668263519832,1.99
3182,UFO: Aftershock,0,0.8384053991007867,0.0,9.84698765877038e-05,2.79
3183,King's Bounty: Dark Side,0,0.8108725572583545,0.2717377049180328,0.02648839680209229,9.99
3185,Marauder,0,0.6993464345891279,0.0,0.011488152268565428,6.99
3186,Collapse,0,0.9414658319171625,0.05980327868852459,0.012275911281267057,14.99
3187,Assassin's Creed® Unity,0,0.5913544902135506,0.939016393442623,0.6434678202084476,25.99
3188,LARA CROFT AND THE TEMPLE OF OSIRIS™,12,0.4432221199124156,0.036721311475409836,0.037221613350151984,14.99
3189,ROCKETSROCKETSROCKETS,0,1.3492212792661535,0.17416393442622952,0.01473765819595965,4.99
3190,Dracula: The Resurrection,0,0.18710986314188535,0.0,0.003873148479116345,3.99
3191,Dracula 2: The Last Sanctuary,0,0.06683799793263837,0.0,0.001115991934660642,3.99
3192,Dracula 3: The Path of the Dragon,0,0.10756141021759544,0.0,0.0004923493829385186,5.59
3193,"7,62 High Calibre",0,1.2753909305752429,0.14531147540983608,0.005941015887458122,3.99
3194,TransOcean: The Shipping Company,0,0.767969733546927,0.11645901639344264,0.024847232192297227,17.99
3195,Construction Simulator 2015,0,1.0432862649820642,0.2077377049180328,0.10834968753866994,10.99
3197,DubWars,0,1.2743576159490193,0.002098360655737705,0.005350196627931899,6.99
3198,LogicBots,0,1.556536039309929,0.03934426229508197,0.0011488152268565427,14.99
3199,Retro Game Crunch,0,1.6043002252512917,0.0718688524590164,0.007188300990902367,6.99
3200,Glitchspace,0,1.087921777625682,0.0,0.006105132348437627,0.0
3201,Life is Feudal: Your Own,0,0.644026374559267,2.0128524590163934,0.3105739907576174,15.49
3202,Sokobond,0,4.571342502634375,0.014688524590163936,0.006991361237726961,6.99
3203,Volt,0,0.7419421212224121,0.0,0.006597481731376146,0.79
3204,Rebel Galaxy,0,2.1697511189781085,0.47842622950819674,0.1930337814040951,14.99
3206,Armello,0,1.470829923192674,0.8424918032786886,0.29291505955622255,14.99
3207,Micron,0,13.485272106079037,0.0,0.0014770481488155548,2.09
3210,Onigiri,0,0.5982719232503398,0.0,0.003446445680569629,0.0
3211,The Flock,0,0.21694535832103665,0.0,0.006564658439180245,12.99
3212,GNOG,0,9.855686407532742,0.0,0.001115991934660642,7.19
3213,Clandestine,0,1.3757140339443068,0.08813114754098361,0.008960758769481034,14.99
3214,Time Ramesside (A New Reckoning),18,0.02041450336352397,0.16839344262295083,0.007680650373840886,5.79
3215,My Lands: Black Gem Hunting,0,2.1628211283429684,0.002098360655737705,0.10339337041708885,0.0
3216,The Fall,0,2.859931160480745,0.06085245901639345,0.10014386448969463,6.99
3217,Grey Goo,0,0.7516436715627078,0.24865573770491806,0.11025343848603221,22.99
3220,You Must Build A Boat,0,1.6401756168183588,0.026229508196721315,0.0214007865117276,3.99
3221,1849,0,0.8562525805066197,0.0,0.006006662471849923,10.99
3222,Flower Shop: Summer In Fairbrook,0,0.8132718478341936,0.0,0.00045952609074261744,10.99
3223,Fleet Command,0,1.5198432331646485,0.0,0.0019037509473622716,22.99
3224,Always Remember Me,0,0.5007254844354815,0.0,0.0052189034591482945,13.59
3226,Slip,0,1.765682527965072,0.0,0.0002954096297631114,0.79
3227,Akane the Kunoichi,0,0.2970727109600875,0.04511475409836066,0.019135979350210414,2.09
3228,Royal Defense,0,1.006410799648442,0.18098360655737705,0.002888449713239308,3.99
3229,Heroes of Steel RPG,0,1.3953822733636367,0.0,0.003610562141549135,6.99
3231,Jumpdrive,0,0.2671637157103328,0.0,0.0018381043629704685,7.5
3234,Musaic Box,0,5.643574609091731,0.0,0.00295409629763111,3.99
3235,Final Slam 2,0,0.054097985438656924,0.1374426229508197,0.011849208482720341,2.79
3236,Three Dead Zed,0,0.6925600030943194,0.12118032786885247,9.84698765877038e-05,4.79
3237,Duelyst,0,1.624407348412043,15.132852459016394,0.1366433654115368,0.0
3239,Smugglers 5,0,0.4827333008889499,0.0,0.001280108395640148,6.99
3240,Warface,16,0.8193447961128716,0.05455737704918033,1.5446641307391116,0.0
3241,Brawlhalla,0,1.8885736193597489,0.07659016393442623,2.8771913240161133,0.0
3242,Blueberry Garden,0,1.263197815220406,0.004721311475409836,0.00078775901270163,3.99
3244,Mirror Mysteries,0,1.2586253968183112,0.0,0.0036762087259409374,3.99
3246,Pillars of Eternity,0,2.365541850712713,1.142032786885246,0.436320023160115,22.99
3248,The Lost Crown,0,1.368871484061518,0.0,0.0050547869981687876,6.99
3250,Osmos,0,3.081191357221387,0.01416393442622951,0.028293677872866855,6.99
3251,Pit People®,0,6.1546563043662506,0.2035409836065574,0.1719284045221306,15.49
3252,Firefighters 2014,0,0.40761764907171716,0.0,0.011455328976369528,17.99
3253,Industry Empire,0,0.14549554811468882,0.01416393442622951,0.003446445680569629,8.99
3254,Elminage Gothic,0,0.565141944544406,0.0,0.0013457549800319503,6.99
3256,The Witcher® 3: Wild Hunt,0,16.191024975142557,1.0502295081967215,6.8150345120505795,24.99
3257,Titanfall - The Final Hours,0,0.1250730853961986,0.0,0.006433365270396639,1.59
3259,FINAL FANTASY® XIII,16,0.9195184039525506,0.9426885245901641,0.31789358491730335,10.99
3260,FINAL FANTASY® XIII-2,16,0.5367210022303436,0.7391475409836066,0.0965661256403414,12.99
3261,UFO: Aftermath,0,1.146601146735151,0.0,0.001050345350268839,2.79
3262,Crazy Plant Shop,0,1.0490316387344925,0.006295081967213115,0.004595260907426171,3.99
3263,Game Character Hub,0,0.8216936043367664,0.0,0.0059738391796540224,10.99
3268,Starship Corporation,0,0.39443832573586,0.06032786885245902,0.008238646341171206,14.99
3269,DarkEnd,0,0.3973480462927766,0.14531147540983608,0.006137955640633529,1.69
3270,Racer 8,0,0.26021572194604503,0.12852459016393444,0.04109476182926833,3.99
3271,Realms of the Haunting,0,1.0827522739401854,0.01678688524590164,0.009321814983635946,2.09
3272,Unrest,0,0.8665405217192919,2.3265573770491805,0.0020678674083417776,7.19
3273,Street Racing Syndicate,0,1.671057533076895,0.10754098360655738,0.0724081825841581,2.09
3275,Magical Battle Festa,0,0.7252762973697418,0.14740983606557378,0.007352417451881874,6.99
3276,Kero Blaster,0,5.1602699879847584,0.16839344262295083,0.015853650130620293,6.99
3277,Chompy Chomp Chomp,0,0.7871086929527019,0.1217049180327869,0.013884252598866218,1.69
3278,Duet,0,6.111886511308047,0.16052459016393444,0.017987164123353872,3.99
3279,Pressured,0,0.3408858770138562,0.10649180327868853,0.013818606014474414,1.99
3280,Uriel's Chasm,0,0.024998875585269274,0.11645901639344264,0.08747407370207676,3.99
3283,Call of Duty®: Infinite Warfare,18,0.230533781671014,2.040655737704918,0.6003708375552292,39.99
3285,Pajama Sam 2: Thunder And Lightning Aren't So Frightening,0,11.56485639256248,0.0,0.0008205823048975307,4.99
3286,Pajama Sam 3: You Are What You Eat From Your Head To Your Feet,0,11.69928549250864,0.0,0.0019037509473622716,4.99
3291,Deponia: The Complete Journey,0,2.6766482341741225,0.1374426229508197,0.09226627436267834,25.99
3292,Black Mirror I,0,1.2778295539534767,0.0015737704918032788,0.016510115974538317,6.99
3293,NOBUNAGA'S AMBITION: Souzou (Traditional Chinese version),0,2.0899404870597778,0.0,0.012702614079813773,17.99
3294,AntharioN,0,0.7217544631242157,0.0,0.001969397531754074,10.99
3295,Overcast - Walden and the Werewolf,0,0.5334986130298622,0.11960655737704919,0.08195976061316536,0.79
3297,H-Hour: World's Elite,0,0.4281383157044663,0.0,0.026094517295741474,10.29
3298,Cosmochoria,0,3.4467354219276043,0.07291803278688525,0.011324035807585921,6.99
3299,Card Hunter,0,2.36783544775301,0.6216393442622952,0.11635857083446983,0.0
3300,Coma: Mortuary,0,0.39058206914573274,0.13324590163934427,0.026094517295741474,4.79
3301,The Good Life,0,0.38340145350565097,0.0,0.00078775901270163,6.99
3304,Elliot Quest,0,1.1193520048334114,0.08550819672131148,0.0016411646097950617,7.19
3305,I Shall Remain,0,0.8393346325725017,0.0,0.0010831686424647405,6.99
3306,FRONTIERS,0,0.15315532552720065,0.036196721311475416,0.004595260907426171,10.99
3307,Carnivores: Dinosaur Hunter Reborn,0,0.8500663672614079,0.0,0.013556019676907205,10.99
3308,Guns and Robots,0,0.6619021643979843,0.03252459016393443,0.0536660827402985,0.0
3310,TRI: Of Friendship and Madness,0,3.1013099978833387,0.0,0.00942028486022365,12.99
3311,Cinders,0,3.124768492277387,0.0,0.017724577785786663,14.99
3312,Dark Raid,0,0.06030006054949604,0.0,0.0005908192595262224,2.79
3313,Road Not Taken,0,1.8667570393038604,0.0,0.006564658439180245,10.99
3314,Automation - The Car Company Tycoon Game,0,1.9370637838941231,0.10963934426229509,0.05658735574573371,22.99
3315,Crawl,0,9.196343679097362,0.03357377049180328,0.12515521314297137,10.99
3316,Cult of the Wind,0,0.3449181719671112,0.017311475409836068,0.010897333009039206,7.19
3317,White Noise Online,0,0.5688836709981274,0.0,0.014868951364743253,3.99
3318,Dark Scavenger,0,2.413336896198259,0.15475409836065576,0.003052566174218814,3.99
3319,Pivvot,0,4.090396286452701,0.0,0.004070088232291751,3.99
3321,Kill The Bad Guy,0,0.6416642567022283,0.021508196721311476,0.007418064036273677,6.99
3324,Knight Squad,0,2.241695345202982,0.10072131147540984,0.006334895393808935,10.99
3325,Merchants of Kaidan,0,0.7496701525138811,0.20091803278688528,0.011127096054410514,10.99
3326,Loot Hero DX,0,1.053404501746715,0.17678688524590166,0.04004441647899949,2.09
3327,Aaru's Awakening,0,0.890088476374856,0.0,0.0006892891361139262,10.99
3328,RimWorld,0,17.22604920229244,1.1047868852459017,1.2903820860974649,27.79
3329,They Breathe,0,1.880312915064242,0.0,0.030394368573404534,1.59
3330,Galcon 2: Galactic Conquest,0,2.081583203905789,0.010491803278688525,0.022122898940037425,0.0
3332,Millie,0,1.7117143027116786,0.14268852459016396,0.016739879019909625,2.79
3334,Crowntakers,0,1.1321514169376614,0.1479344262295082,0.010536276794884293,6.99
3336,Shadowgate,0,2.8056269435190297,0.27016393442622955,0.014179662228629328,10.99
3337,Fenix Rage,0,1.9307708965491068,0.0,0.0015755180254032586,9.99
3338,Freddi Fish 2: The Case of the Haunted Schoolhouse,0,11.852918749589964,0.0,0.0009190521814852345,4.99
3339,Freddi Fish 3: The Case of the Stolen Conch Shell,0,5.563557287823236,0.0,0.0008205823048975307,4.99
3343,Wars and Warriors: Joan of Arc,0,4.7687185621218084,0.0,0.0007221124283098269,4.99
3345,Putt-Putt® Saves The Zoo,0,9.08203322019724,0.017836065573770495,0.008107353172387602,4.99
3346,Putt-Putt® Travels Through Time,0,3.567696671440276,0.0,0.0015098714410114564,4.99
3353,Anomaly Defenders,0,1.4552393865720619,0.11278688524590165,0.005776899426478615,7.99
3356,BlazBlue: Continuum Shift Extend,0,4.30219333057114,0.08760655737704919,0.032363766105158606,14.99
3357,RECYCLE,0,0.21550195351435106,0.0,0.003807501894724542,8.99
3358,Valkyria Chronicles™,0,4.0080893099892005,0.5602622950819672,0.31510360508065177,14.99
3359,Stranded,0,0.12273506529961614,0.0,0.00965004790559496,0.79
3360,Schrödinger’s Cat And The Raiders Of The Lost Quark,0,0.773597325515063,0.0,0.0007549357205057284,6.99
3361,Royal Quest,0,0.775204688117789,0.0010491803278688525,0.03672926396721347,0.0
3362,Hero Generations,0,0.4328466400061911,0.0,0.0034136223883737275,4.79
3363,Inescapable,0,0.2005935470188475,0.0,0.0005908192595262224,3.99
3366,Hive Jump,0,1.032892321431004,0.0,0.006269248809417134,14.99
3367,PARTICLE MACE,0,3.045313532103528,0.08813114754098361,0.040175709647783095,7.19
3368,Darkwind: War on Wheels,0,0.24560610793832674,0.014688524590163936,0.0107332165480597,0.0
3369,Sweezy Gunner,0,1.856376413835773,0.096,0.0039716183557040475,2.79
3370,The Floor is Jelly,0,1.6464740603101178,0.0,0.00882946560069743,6.99
3371,Rogue Shooter: The FPS Roguelike,0,1.1076280044041578,0.0,0.007943236711408097,3.99
3372,Never Alone (Kisima Ingitchuna),0,1.5702222598301172,0.16629508196721313,0.2067539175419818,11.99
3373,Vlad the Impaler,0,0.8471908784986679,0.0,0.008796642308501528,0.79
3376,Swipecart,0,0.26789930559990793,0.1038688524590164,0.014868951364743253,1.99
3377,新流星搜劍錄,18,0.7359116252694139,0.0,0.029114260177764386,15.49
3378,Evopollution,0,0.10346624776737648,0.0,0.00078775901270163,3.99
3381,Battlepaths,0,0.7989740282968072,0.2780327868852459,0.02218854552442923,1.99
3382,MIND: Path to Thalamus Enhanced Edition,0,0.7580434838138217,0.16262295081967215,0.037287259934543786,9.29
3386,Farm Frenzy 4,0,1.4826738966005486,0.0,0.006072309056241726,4.99
3387,The Promised Land,0,1.9516126175126751,0.0,0.014278132105217034,4.99
3389,Ballistic Overkill,0,1.1558777309707846,0.4716065573770492,0.19759621901932536,8.99
3390,Mount Your Friends,18,7.348989374058777,0.08708196721311476,0.21564902972707103,10.99
3391,GemCraft - Chasing Shadows,0,9.456763688721681,1.7489836065573772,0.07112807418851795,6.99
3394,Niko: Through The Dream,0,1.7323279393577014,0.0,0.0004267027985467159,6.99
3395,Lords of Xulima,0,1.7947414500469894,0.0,0.027243332522598016,14.99
3397,Kraven Manor,0,0.972714766120289,0.0010491803278688525,0.011061449470018712,0.0
3399,Monstrum,0,3.283494858907125,0.21927868852459018,0.04982575755337806,11.99
3400,Viktor,0,1.0449977571337747,0.0,0.0021663372849294806,5.59
3401,Real Boxing™,0,0.5667109115076053,0.23186885245901642,0.03174012355343648,3.99
3403,Lucius II,0,0.5041763662338896,0.1615737704918033,0.04066805903072161,14.99
3405,Dreaming Sarah,0,3.9191276974727294,0.13429508196721313,0.05740793805063124,4.79
3407,8BitBoy™,0,1.022415600281028,0.0031475409836065576,0.056488885869146,9.29
3408,Ascendant,0,1.3482447966543896,0.1495081967213115,0.0028228031288475056,6.99
3409,Renowned Explorers: International Society,0,5.100737100865745,0.5817704918032788,0.06771445180014422,14.99
3410,Heroes® of Might & Magic® III - HD Edition,0,0.7768922399831316,1.2023606557377051,0.22103204964719883,12.49
3411,The Culling Of The Cows,0,1.047654996796004,0.12327868852459017,0.10296666761854213,7.19
3412,Freaking Meatbags,0,2.9709960745758814,0.0,0.001378578272227852,7.99
3415,Beyond Space Remastered Edition,0,0.13838289713895782,0.03934426229508197,0.00213351399273358,3.99
3416,Cosmic DJ,0,2.7286759027780794,0.0,0.031083657709518462,1.99
3417,Heavy Bullets,0,1.920736291968364,0.15895081967213115,0.03400493071495367,6.99
3418,Titan Souls,0,1.3385937778286803,0.03514754098360656,0.14563694747321373,10.99
3419,Famaze,0,1.3648883993768386,0.007868852459016393,0.008271469633367109,0.0
3420,Detective Case and Clown Bot in: Murder in the Hotel Lisbon,0,1.6342856634166893,0.0,0.003446445680569629,4.99
3421,Pro Wrestling X,0,0.6066947993552735,0.0,0.0018052810707745678,6.99
3422,Arcadecraft,0,0.39780747579375025,0.0,0.00078775901270163,6.99
3423,The Old City: Leviathan,0,0.9713206000043316,0.0,0.01706811194186864,4.79
3424,Hero of Many,0,3.435096538547689,0.0,0.0006892891361139262,4.99
3426,Zombies on a Plane,0,0.4974171393480788,0.0,0.0022319838693212837,3.99
3427,Xsyon - Prelude,0,1.0617608634852447,0.0,0.006072309056241726,22.99
3428,Spy Chameleon - RGB Agent,0,2.9694473522510507,0.0,0.005744076134282714,3.99
3432,Corpse of Discovery,0,0.6656243022273447,0.0,0.0019037509473622716,5.59
3434,Close Combat - Gateway to Caen,0,0.6072411480236903,0.0005245901639344263,0.006630305023572047,29.99
3435,Qvadriga,0,1.597898839411542,0.3074098360655738,0.005415843212323702,14.99
3436,Split/Second,0,1.276716269376111,0.07501639344262295,0.02704639276942261,15.49
3437,Space Colony: Steam Edition,0,0.9639122491782804,0.21193442622950823,0.005941015887458122,11.99
3438,Caster,0,1.3963879370762509,0.0839344262295082,0.13277021693242044,0.99
3440,Total Annihilation,0,8.684232822287642,0.0,0.040372649400958506,3.99
3441,Master of Orion,0,0.8279461207026536,0.0,0.13624948590518599,22.99
3442,Far Cry® 4,0,1.330499182962979,0.5125245901639345,0.7129875530793663,25.99
3444,Eldevin,16,1.337207191209461,0.027278688524590165,0.042374870224908476,0.0
3445,The Desolate Hope,0,4.132290939156758,16.65626229508197,0.023665593673244785,0.0
3447,Red Crucible®: Firestorm,0,0.5105811143374704,0.024655737704918034,0.26124058258717786,0.0
3448,Only If,18,0.6206885187599256,0.0099672131147541,0.1900140385220722,0.0
3449,XenoRaptor,0,3.1962756103772083,0.0,0.0007549357205057284,6.99
3450,FLASHOUT 2,0,0.4937701727350757,0.0,0.003643385433745036,3.99
3451,Immortal Defense,0,5.515546894985322,0.1374426229508197,0.00078775901270163,6.99
3453,Knightmare Tower,0,5.26863630319261,0.224,0.010372160333904786,2.79
3455,Victory At Sea,0,1.0949673281241332,0.0,0.010601923379276096,17.49
3456,Orbital Gear,0,1.8641793002431728,0.04563934426229509,0.05534007064228946,5.99
3457,Captain Forever Remix,0,1.7178268411284572,0.0,0.005744076134282714,10.99
3458,Lovely Planet,0,4.385578533270905,0.15895081967213115,0.07132501394169335,4.79
3459,Ylands,0,0.8079209846977102,0.2397377049180328,0.08688325444255053,13.0
3460,The Escapists,0,3.0654075733924384,0.3095081967213115,0.4254226901510758,12.99
3466,Darkness Within 1: In Pursuit of Loath Nolder,0,1.1745141659788083,0.0,0.008566879263130218,5.59
3467,Darkness Within 2: The Dark Lineage,0,0.8216936043367664,0.0,0.0013457549800319503,6.99
3468,FlatOut 2™,0,6.035682812632672,0.18413114754098361,0.18646912296491486,5.99
3469,Dark Sector,0,1.2946331914467466,0.0,0.010930156301235108,6.99
3471,Blood: One Unit Whole Blood,0,3.5252978827256,0.0,0.03397210742275777,3.99
3472,Blood II: The Chosen + Expansion,0,0.3656614539575375,0.0,0.0042013814010753575,3.99
3473,Warrior Kings: Battles,0,4.469987228822769,0.0,0.0004923493829385186,6.99
3476,Theatre Of The Absurd,0,1.561749837767941,0.0,0.002527393499084394,3.99
3481,European Ship Simulator,0,0.21495643523368865,0.0,0.014343778689608835,14.99
3482,Commando Jack,0,0.3409267419239073,0.12013114754098361,0.013752959430082612,5.79
3483,Habitat,0,0.2664106112453673,0.011540983606557378,0.003938795063508147,10.99
3484,Block N Load,0,1.2509741783145514,0.04091803278688525,0.4579505727172139,0.0
3486,XING: The Land Beyond,0,2.838261459195791,0.0,0.0014770481488155548,14.99
3487,CubeGun,0,0.590933035012896,0.0,0.006827244776747454,0.0
3489,Woodle Tree Adventures,0,0.7284147751578705,0.10439344262295083,0.18387608288143864,1.99
3490,Rogue Stormers,0,0.850600063462938,0.06557377049180328,0.02468311573131772,14.99
3491,International Snooker,0,0.5130213723735597,0.0005245901639344263,0.011586622145153132,9.99
3492,Heroes Rise: The Prodigy,0,2.344901359741519,0.0,0.008369939509954813,2.89
3494,Dragon Fin Soup,0,0.541293644936994,0.0,0.005251726751344195,14.99
3495,6180 the moon,0,4.01964412870759,0.0,0.011192742638802317,2.79
3496,Tengami,0,1.500891278847975,0.0,0.03863301491457574,3.99
3497,Terrorhedron Tower Defense,0,1.956877106495695,0.19619672131147542,0.03334846487103564,0.79
3498,Miscreated,0,0.7849285241142738,0.35409836065573774,0.8224860558448929,19.49
3499,Noir Syndrome,0,0.6808161075423571,0.0,0.0021663372849294806,4.99
3504,GET EVEN,0,1.435894539397641,0.0,0.02169619614149071,24.99
3505,Day of Defeat,0,3.242894128539194,0.017836065573770495,0.12190570721557714,3.99
3506,Day of Defeat: Source,0,3.2758025519569247,0.07029508196721312,0.3807173661802583,7.19
3507,Divine Souls F2P MMO,0,0.31942649312843246,0.06295081967213115,0.026094517295741474,0.0
3508,ADR1FT,0,0.444179542398223,0.0,0.04201381401075356,14.99
3509,Total War Battles: KINGDOM,0,0.34115826224924806,0.17521311475409837,0.10628182013032816,0.0
3511,Victim of Xen,0,0.5707709749039115,0.1615737704918033,0.010766039840255601,2.99
3512,Planetoid Pioneers,0,0.7878718070084493,0.0,0.0060394857640458256,15.49
3514,Ichi,0,3.3699789941946463,0.18098360655737705,0.015591063793053082,3.99
3515,The Few,0,0.4182149012731205,0.0,0.0018381043629704685,5.59
3516,Lemma,0,2.5800543042694275,0.0,0.003938795063508147,10.99
3518,Road Redemption,0,1.687809211418537,0.008918032786885247,0.18853699037325664,14.99
3519,Unpossible,0,2.575833610389346,0.014688524590163936,6.564658439180268e-05,1.99
3521,Sweet Lily Dreams,0,0.30564491090924134,0.02098360655737705,0.0006564658439180246,10.99
3522,Shadowrun: Dragonfall - Director's Cut,0,3.312376505878195,0.22242622950819674,0.12426898425368202,10.99
3523,Infinifactory,0,6.254489462828653,0.9972459016393443,0.04933340817043954,18.99
3524,GALAK-Z,0,1.0121720467889919,0.2539016393442623,0.011586622145153132,15.49
3525,Pure Pool,0,0.33042446849061363,0.0,0.005186080166952394,7.99
3528,Epsilon,0,0.4755225447083276,0.35619672131147545,0.00022976304537130872,5.59
3529,Disney•Pixar Toy Story 3: The Video Game,0,0.3773679636245555,0.02832786885245902,0.0029869195898270117,15.49
3531,Hippocampal: The White Sofa,0,0.16497326846824484,0.0,6.564658439180268e-05,3.99
3533,Xpand Rally,0,1.315253039485353,0.4925901639344263,0.0025602167912802958,3.99
3534,Night Shift,0,0.7364552192935313,0.0,0.00022976304537130872,3.99
3535,Eastside Hockey Manager,0,1.97329104977563,0.022032786885245903,0.024945702068884933,14.99
3536,The Treasures of Montezuma 4,0,2.0521764876246573,0.0,0.009059228646068737,4.99
3537,Frederic: Resurrection of Music,0,2.10869917650029,0.16314754098360656,0.02435488280935871,1.99
3538,Frederic: Evil Strikes Back,0,2.0134069665876853,0.17678688524590166,0.019759621901932537,5.59
3539,Legends of Persia,0,0.005215384337308303,0.0,0.0019037509473622716,14.99
3542,Chicken Invaders 4,0,15.373680891165016,0.0,0.004825023952797479,3.99
3543,NoLimits 2 Roller Coaster Simulation,0,3.5370721016416784,0.004721311475409836,0.011324035807585921,27.99
3545,Date Warp,0,4.854070371526081,0.0,0.00078775901270163,6.99
3547,Electronic Super Joy: Groove City,0,1.6414775035025333,0.0,0.015197184286702267,2.99
3549,Robocraft,0,0.942401652798858,0.11068852459016394,3.6514927869174234,0.0
3550,Rhythm Destruction,0,0.28523821634009167,0.15685245901639344,0.0009190521814852345,3.99
3551,openCanvas 6,0,2.5004942247643247,0.07868852459016394,0.01178356189832854,29.99
3552,Zombie Army Trilogy,0,2.3929220663640636,0.19986885245901642,0.3184515808846337,29.99
3553,Battlezone 98 Redux,0,3.6093564830361413,0.0,0.015394124039877674,14.99
3556,Cobi Treasure Deluxe,0,0.35887507162537136,0.0,0.007746296958232689,1.99
3557,Numba Deluxe,0,0.6301966774766231,0.0005245901639344263,0.0042013814010753575,1.99
3558,RADical ROACH Remastered,0,0.3695368048570211,0.18727868852459018,0.030591308326579945,2.09
3561,City of Brass,0,1.6003767952080876,0.027278688524590165,0.007516533912861381,15.49
3562,Submerged,0,1.0466207411660808,0.16629508196721313,0.09515472407591764,14.99
3563,Saints Row: Gat out of Hell,0,1.0306520101655094,0.08445901639344262,0.2279905875927299,10.99
3566,Screencheat,0,4.435070579451188,0.08865573770491804,0.03794372577846181,11.39
3569,Call of Juarez™,0,1.4846137104331874,0.031475409836065574,0.02924555334654799,8.59
3570,The Blue Flamingo,0,0.283233365708899,0.12275409836065575,0.014770481488155551,3.99
3571,Trucks & Trailers,0,0.6609878291272917,0.0,0.008172999756779405,3.99
3572,Bus Driver,0,0.9920898233542993,0.057180327868852465,0.03814066553163722,5.59
3577,Amerzone: The Explorer’s Legacy,0,0.6607359712154618,0.005770491803278689,0.0014114015644237526,3.99
3579,Chernobyl Commando,0,0.0500001286451919,0.0,0.011389682391977725,6.99
3580,Manhunter,0,0.11613869965247325,0.05770491803278689,0.021236670050748092,3.99
3583,Dungeon of Elements,0,0.23244407487330457,0.22924590163934427,0.0023304537459089875,6.99
3590,Floating Point,0,8.959860832860851,0.012065573770491804,0.10834968753866994,0.0
3591,Necronomicon: The Dawning of Darkness,0,0.15859779940671545,0.0,0.0005908192595262224,3.99
3595,Ballad of Solar,0,3.070217552979542,0.0,0.0012144618112483459,4.99
3596,Ryse: Son of Rome,18,1.9021726676017028,0.1038688524590164,0.5844187175480212,11.99
3598,Of Guards And Thieves,0,2.149384257671689,0.04773770491803279,0.09046099329190377,0.0
3599,Boson X,0,4.65776120974262,0.2260983606557377,0.04244051680930028,1.99
3601,Call to Arms,16,0.9830433533156208,0.3819016393442623,0.2570392011861025,0.0
3602,Metal Dead,0,2.10535414302293,0.1537049180327869,0.011061449470018712,3.99
3603,BlazeRush,0,2.5396034208669573,0.10911475409836066,0.031576007092456976,6.99
3606,Momodora III,0,4.760183380874114,0.227672131147541,0.023370184043481672,1.59
3608,BLOCKADE 3D,0,0.47095320550078773,0.07554098360655738,0.896207170116887,0.0
3611,Heileen 1: Sail Away,0,0.4072410970312759,0.028852459016393446,0.0003282329219590125,4.79
3613,The Beginner's Guide,0,2.3593116000306913,0.06295081967213115,0.48338862416903733,6.99
3614,TRISTOY,0,0.34519689687885646,0.0,0.0001969397531754076,4.99
3615,OZMAFIA!!,0,2.7789545032242255,0.0,0.007713473666036787,26.99
3616,The House in Fata Morgana,0,14.835211386915413,0.0,0.018906216304839105,18.99
3618,Dead Bits,0,0.48261879725428086,0.1815081967213115,0.2696433453893286,0.79
3619,Roundabout,0,5.211997314325449,0.12013114754098361,0.011685092021740836,6.99
3620,Rush for Glory,0,0.7519791374612077,0.0,0.0008862288892893329,8.99
3621,Dungeons: The Eye of Draconus,0,0.288217529689801,0.0,0.002363277038104888,2.09
3623,Adventures of Pip,0,3.326272981576445,0.0,0.0031510360508065177,10.99
3624,Hidden in Plain Sight,0,28.752577028535676,0.0,0.00669595160796385,4.79
3625,Suicide Guy,0,2.071601381950932,0.0,0.0160177665915998,3.99
3626,FATE: The Traitor Soul,0,2.5196983818994902,0.0,0.0017724577785786662,5.59
3627,FATE: The Cursed King,0,1.4168310723017308,0.1940983606557377,0.0022648071615171844,5.59
3629,Faery - Legends of Avalon,0,0.951495082378896,0.0005245901639344263,0.013457549800319503,6.99
3630,The Witcher Adventure Game,0,1.3710218203940858,0.01416393442622951,0.02330453745908987,6.99
3632,Point Perfect,0,0.8696181111908909,0.028852459016393446,0.002527393499084394,4.49
3637,CAPSULE,0,1.3866531109247207,0.0,0.0010831686424647405,3.99
3638,ArcheAge,16,0.35093929513917793,0.5597377049180329,0.2011411345764827,0.0
3639,Trove,0,1.288362794090151,0.09652459016393443,2.0187965865089046,0.0
3641,Kick-Ass 2,0,0.03113890283257096,0.0,0.002888449713239308,14.99
3643,Resident Evil / biohazard HD REMASTER,0,3.6145968174144,0.5502950819672131,0.225627310554625,15.99
3644,Heroes Rise: The Hero Project,0,1.6884327231584895,0.0,0.0018052810707745678,2.89
3645,Wildlife Park 2,0,0.7785214684391717,0.0,0.008566879263130218,4.99
3646,FOR HONOR™,0,0.4618603278482259,0.3651147540983607,1.9894197399935734,12.49
3647,Hexcells Infinite,0,10.943545426356991,0.8902295081967214,0.06285660455515084,3.99
3648,INSIDE,0,8.031003622819465,0.2140327868852459,0.6726805502627996,14.99
3649,Qora,0,0.7960827921252164,0.002622950819672131,0.008632525847522022,7.99
3650,Rooms: The Main Building,0,1.8372121821432914,0.0005245901639344263,0.0017724577785786662,7.19
3651,Agents of Mayhem,0,0.4957260742742298,0.7716721311475411,0.09755082440621843,26.99
3653,CITYCONOMY: Service for your City,0,0.2151995256796201,0.0,0.006203602225025331,17.99
3654,SUNLESS SEA,0,1.802685145943502,0.3005901639344263,0.20790273276883836,13.99
3655,Aeon Command,0,1.4552393865720619,0.11278688524590165,0.008041706587995799,1.99
3656,Train Fever,0,0.6005931881039049,0.06819672131147542,0.09814164366574465,14.99
3660,Sky Gamblers: Storm Raiders,0,1.4346635037626347,0.0,0.003118212758610616,6.99
3661,Unturned,0,3.5157696145678,0.21665573770491806,10.633302446615376,0.0
3662,Castaway Paradise - Town Building Sim,0,1.4577334327637048,0.0,0.009190521814852342,9.99
3663,Xpand Rally Xtreme,0,0.7038386349223705,0.0,0.00022976304537130872,3.99
3665,FIST OF AWESOME,0,0.5555766557647303,0.002098360655737705,0.006564658439180245,0.0
3666,Battle Islands,0,1.179349162053246,0.11855737704918033,0.1071352257274216,0.0
3667,Blue Estate The Game,0,3.890579752690368,0.0,0.03518656923400611,9.99
3672,Trapped Dead: Lockdown,0,0.4517138820971594,0.0,0.001050345350268839,6.99
3673,The Long Dark,0,4.044181388974721,0.11908196721311476,1.6429370675736399,23.79
3674,Shattered Planet,0,0.7903758862199458,0.0,0.013720136137886712,11.39
3679,Redirection,0,45.26815216477808,0.0,0.0006236425517221235,2.89
3680,Echo of the Wilds,0,1.3216067721295874,0.0,0.001378578272227852,5.99
3683,Shallow Space,0,0.09073348484271357,0.0,0.002724333252259802,10.99
3686,Another Perspective,0,2.5622589464338725,0.0,0.006203602225025331,4.79
3687,Project AURA,0,0.8133360223660923,0.0,0.01500024453352686,11.99
3688,Dragon: The Game,0,0.28568751142326204,0.0,0.01847951350629239,13.59
3689,Heavy Fire: Afghanistan,0,0.3812590020159196,0.05036065573770492,0.006236425517221231,1.99
3691,Bloons TD 5,0,4.161294085068775,0.5912131147540984,0.13309844985437946,6.99
3692,The Howler,0,1.3593444472742735,0.08865573770491804,0.06367718686004838,0.0
3693,The Elder Scrolls® Online,18,1.055911192723582,1.6487868852459018,1.4865997268445623,14.99
3694,The Happy Hereafter,0,1.370097803155532,0.0,0.005678429549890911,2.79
3695,Slipstream 5000,0,1.003648853544348,0.11908196721311476,0.007680650373840886,2.09
3697,Crystals of Time,0,0.642996635747102,0.12013114754098361,0.027473095567969327,0.79
3698,Oblitus,0,0.3171802220448127,0.0,0.00045952609074261744,10.99
3700,Railroad Pioneer,0,0.4852967032781695,0.0,0.0016083413175991602,4.49
3701,Runers,0,1.7774353780314236,0.0,0.004857847244993382,6.99
3703,Civil War II,0,1.1547980429140774,0.0,0.002297630453713086,29.99
3704,Battle Academy 2: Eastern Front,0,2.954992610168549,0.0,0.0001969397531754076,29.99
3705,Ultimate General: Gettysburg,0,1.6638451902488105,0.08340983606557378,0.07286770867490071,10.99
3706,Overlord: Fellowship of Evil,0,0.07114145059156105,0.13114754098360656,0.012243087989071156,11.99
3707,Lexica,0,1.1395596225802844,0.004721311475409836,0.006827244776747454,3.99
3708,Iron Fisticle,0,3.0190064674137953,0.0,0.003807501894724542,5.99
3709,Obduction,0,1.4920835057281587,0.0,0.07076701797436304,23.99
3712,Northmark: Hour of the Wolf,0,1.9652398962497006,0.0,0.0047265540762097755,6.99
3714,Shan Gui (山桂),0,0.9431285293782578,0.17678688524590166,0.07106242760412615,0.79
3715,Memories of a Vagabond,0,1.749180567039906,0.10334426229508198,0.03334846487103564,3.99
3716,Fancy Skulls,0,1.1211838797804563,0.0,0.005776899426478615,5.99
3717,We Need To Go Deeper,0,2.1623271943487867,0.24288524590163937,0.05071198644266739,6.99
3718,Asteria,0,0.44921306951279155,1.5255081967213115,0.004070088232291751,3.99
3720,Borealis,0,0.5484716691681119,0.07659016393442623,0.01289955383298918,3.99
3721,Nicole,0,0.8260156205021421,0.15265573770491805,6.564658439180268e-05,13.99
3723,"I, Zombie",0,1.8557517917114552,0.05613114754098361,0.06512141171666802,1.59
3725,Velvet Sundown,18,0.516511262424107,0.027803278688524592,0.059836861673127933,0.0
3726,Platypus,0,3.787172752820419,0.1400655737704918,0.006827244776747454,4.99
3727,Nux,0,0.19395536662404161,0.10072131147540984,0.011455328976369528,4.99
3731,A Golden Wake,0,0.8527775425671175,0.0,0.0022319838693212837,6.99
3732,Technobabylon,0,7.034421141304819,0.06767213114754099,0.024814408900101326,10.99
3733,Penarium,0,1.9307708965491068,0.15580327868852462,0.006433365270396639,6.99
3736,Stick RPG 2: Director's Cut,0,1.2569755550040853,1.0024918032786887,0.010766039840255601,15.49
3737,Hard West,0,1.3383956662073413,0.22819672131147542,0.08520926654055958,14.99
3738,Sleeping Dogs: Definitive Edition,18,3.0789185963074983,0.3158032786885246,0.5689261236315559,19.99
3739,Zoo Park,0,0.45246957912333813,0.0005245901639344263,0.004857847244993382,3.99
3741,Mortal Kombat X,18,1.0997718875299276,0.23396721311475413,0.9367111126866291,15.99
3742,Savage Lands,0,0.41611925300290953,0.22872131147540986,0.18738817514640008,7.19
3746,Radiation Island,0,1.0065708344192628,0.0,0.008566879263130218,7.19
3747,IL-2 Sturmovik: Battle of Stalingrad,0,0.8703759617712509,0.747016393442623,0.0697166726240942,39.99
3750,Gold Rush! Classic,0,0.9131713055764401,0.15055737704918035,0.006761598192355651,2.09
3751,Back to Bed,0,1.6275473625327423,0.11645901639344264,0.05707970512867223,4.49
3752,Black The Fall,0,1.205729735647494,0.07711475409836066,0.023403007335677573,10.99
3753,Altitude0: Lower & Faster,0,0.9425569771740167,0.0,0.0004923493829385186,13.99
3754,Hegemony III: Clash of the Ancients,0,1.0437217334561806,0.0,0.008238646341171206,22.99
3756,Buzz Aldrin's Space Program Manager,0,1.5222118669922033,0.0,0.008107353172387602,22.99
3761,Ziggurat,0,2.4831867746584426,0.40183606557377055,0.09781341074378565,10.99
3763,War in a Box: Paper Tanks,0,0.8956789048421872,0.0199344262295082,0.0027571565444557034,3.99
3767,Orborun,0,1.3933522353281118,0.008918032786885247,0.01017522058072938,4.79
3768,Geneshift,0,1.8304657187243958,0.16052459016393444,0.021335139927335798,11.39
3770,Knights of Pen and Paper 2,0,2.1356152391961785,0.29009836065573774,0.03190424001441599,5.59
3771,The Nightmare Cooperative,0,0.33740779828811324,0.0,0.00036105621415491364,3.99
3772,Hatoful Boyfriend,0,6.076448801686247,0.12852459016393444,0.17931364526620838,6.99
3773,NS2: Combat,0,0.38981876880966104,0.0,0.0035777388493532336,0.0
3774,Higurashi When They Cry Hou - Ch.1 Onikakushi,0,10.570081052960903,0.15475409836065576,0.04375344849713633,4.79
3775,The Way of Life Free Edition,0,1.0538759672611318,0.007344262295081968,0.22884399318982332,0.0
3778,Grand Ages: Medieval,0,0.24653934739722008,0.35881967213114757,0.04946470133922314,14.99
3779,Crookz - The Big Heist,0,1.978265048612077,0.0,0.003118212758610616,6.99
3780,Deathtrap,0,1.5598412859986197,0.018360655737704918,0.03410340059154137,14.99
3781,DiRT Rally,0,2.659544038946944,0.131672131147541,0.6573848960995097,24.99
3783,Super Win the Game,0,3.0616823721159316,0.13639344262295083,0.01286673054079328,5.59
3784,NEON STRUCT,0,1.554131225618498,0.2019672131147541,0.004037264940095851,11.99
3785,Geometry Wars™ 3: Dimensions Evolved,0,3.441497924387438,0.0010491803278688525,0.029869195898270116,11.99
3788,Onikira - Demon Killer,0,0.20239675438420415,0.03934426229508197,0.007385240744077775,10.59
3791,Breach & Clear: Deadline Rebirth (2016),0,0.3725157717637357,0.005770491803278689,0.021991605771253822,6.99
3792,Street Fighter V,0,0.32147548489888356,0.6310819672131148,0.5480833330871586,15.99
3795,The Way,0,2.44907664265815,0.0,0.019661152025344835,10.99
3796,Rulers of Nations,0,0.27333102822409217,0.0,0.0012144618112483459,14.99
3798,Echelon,0,0.2189164591823969,0.34832786885245903,0.0001969397531754076,2.79
3800,The Stalin Subway: Red Veil,0,0.30073688257746795,0.1117377049180328,0.009781341074378565,1.99
3801,The Stalin Subway,0,0.39860490806238147,0.0,0.008796642308501528,2.79
3803,Super Panda Adventures,0,10.812693571563189,0.07081967213114755,0.019792445194128438,3.99
3804,Call of Duty®: Black Ops III,18,0.5476685417146406,1.3182950819672132,1.9468151067232935,44.99
3805,Zero Escape: Zero Time Dilemma,0,4.09323900716212,0.7596065573770493,0.04628084199622072,15.49
3806,Doorways: The Underworld,0,0.9888527130151242,0.11540983606557378,0.0078119435426244905,6.99
3807,The Guild 3,0,0.3109882367981324,0.0,0.08143458793803093,24.99
3808,SpellForce 3,0,0.915648409092492,0.0031475409836065576,0.08947629452602673,39.99
3809,Naval Action,0,0.5363793522091631,0.8057704918032788,0.16562633242051758,29.99
3810,METAL GEAR SOLID V: GROUND ZEROES,18,1.7516682962161008,0.1038688524590164,0.3132983240098772,16.99
3811,Vertical Drop Heroes HD,0,1.7231161891247222,0.3441311475409836,0.019431388979973527,4.99
3813,Assassin’s Creed® Rogue,0,1.612379393417566,0.7255081967213115,0.17051700295770686,16.99
3815,Enter the Gungeon,0,6.037709514522019,0.5560655737704918,0.8671913798157103,10.99
3816,Sproggiwood,0,1.6818281189279354,0.08813114754098361,0.011389682391977725,10.99
3817,DEAD OR ALIVE 5 Last Round: Core Fighters,16,0.6066525294690864,0.048262295081967214,0.23859251097200598,0.0
3818,LEGO® Pirates of the Caribbean: The Video Game,0,1.5843429636511608,0.07554098360655738,0.014343778689608835,15.49
3819,Black Ice,0,6.45746507813522,0.0,0.009092051938264638,10.99
3820,RC Mini Racers,0,0.6258730397122189,0.0031475409836065576,0.00026258633756720984,3.99
3822,Zombie Solitaire,0,0.8839560566623618,0.0,0.0005579959673303208,6.19
3823,Data Hacker: Initiation,0,0.7957559684815104,0.16524590163934427,0.002199160577125382,1.99
3824,Super Trench Attack!,0,4.708972295308367,0.10124590163934427,0.03190424001441599,3.99
3825,DIG IT! - A Digger Simulator,0,0.4813142746074979,0.0,0.001115991934660642,8.89
3829,Bird Assassin,0,2.9463420891371843,0.0,0.007418064036273677,1.59
3832,Wild Warfare,0,0.8284935762986877,0.002622950819672131,0.03026307540462093,0.0
3833,Chasm,0,0.7669594942518339,0.0,0.02008785482389155,15.49
3834,The Fifth Day,0,0.2664106112453673,0.022032786885245903,0.025241111698648042,10.99
3836,Spirits of Xanadu,0,1.4698711253051326,0.16104918032786886,0.006499011854788442,3.99
3838,Simply Chess,0,1.0876169496553925,0.023081967213114757,0.060591797393633656,0.0
3839,Heroes Rise: HeroFall,0,4.478522409686381,0.0,0.0009190521814852345,2.89
3841,Commander: The Great War,0,1.18089428436678,0.023081967213114757,0.002527393499084394,22.99
3842,To End All Wars,0,0.698163647862591,0.0,0.001280108395640148,29.99
3843,"Warhammer 40,000: Armageddon",0,1.320638820772589,0.0,0.015952120007207995,29.99
3847,Sovereignty: Crown of Kings,0,0.3491602316242548,0.0,0.004989140413776986,18.99
3849,Order of Battle: World War II,0,0.825343032538631,0.11121311475409837,0.034497280097892186,0.0
3851,Rain World,0,2.1325484155750694,0.4212459016393443,0.05448666504519603,14.99
3852,Duck Game,0,8.477056848767067,0.2140327868852459,0.5719130432213829,9.99
3853,Ys VI: The Ark of Napishtim,0,4.389249030737646,0.0,0.011980501651503946,13.99
3854,Xanadu Next,0,3.384799936508727,0.0,0.0035777388493532336,16.99
3855,Rime Berta,0,0.8242456520760382,0.09232786885245903,0.0004923493829385186,10.99
3856,METAL SLUG X,0,3.5623435959848906,0.299016393442623,0.05277985385100917,5.59
3857,OTTTD,0,1.1118350003430377,0.0,0.004398321154250763,5.79
3858,Power-Up,0,0.530467771853894,0.2575737704918033,0.004660907491817974,1.99
3859,Battlezone Gold Edition,0,1.2083287947793497,0.05613114754098361,0.003610562141549135,29.99
3860,Sniper Elite 4,0,2.135213058055791,0.3037377049180328,0.4166916944269661,39.99
3861,Strange Brigade,0,1.2619250800626796,0.2570491803278689,0.053075263480772274,39.99
3862,Puzzle Agent,0,2.7713266838336854,0.05770491803278689,0.055405717226681264,3.99
3863,Khet 2.0,0,4.209664209794062,0.19042622950819674,0.0006892891361139262,6.99
3864,FINAL FANTASY IV,12,1.7870020698668199,0.953704918032787,0.031510360508065174,10.99
3865,Way of the Samurai 4,0,1.382006943950229,0.0,0.035285039110593816,18.99
3866,Agarest: Generations of War 2,0,0.5951304181188803,0.0,0.0032495059273942215,14.99
3867,Fahrenheit: Indigo Prophecy Remastered,0,1.5819236999837345,0.017836065573770495,0.09423567189443241,6.99
3868,Zoo Rampage,0,0.7145076111939254,0.0,0.0006564658439180246,2.79
3869,Rugby League Live 3,0,1.0162872234276938,0.0,0.0001969397531754076,15.49
3870,My Ex-Boyfriend the Space Tyrant,0,0.8879645142635312,0.0,0.00022976304537130872,10.99
3871,Graviteam Tactics: Mius-Front,0,2.6854605801878364,0.0,0.006860068068943355,26.99
3872,The Expendabros,0,13.578129854154259,0.029377049180327873,0.5057741094466419,0.0
3873,Men of War: Red Tide,0,1.5828694989613945,0.0,0.008632525847522022,3.99
3875,Cities XXL,0,0.11807367979876113,0.02675409836065574,0.057801817556982056,7.49
3876,Soul Gambler,0,2.7322777323242353,0.14636065573770493,0.07473863633006708,1.99
3877,Pixel Hunter,0,0.2721261344400276,0.004721311475409836,0.0035120922649614313,1.99
3878,The Masterplan,16,0.5969739718820454,0.48577049180327875,0.01289955383298918,14.99
3879,Stranded Deep,0,1.0442041868211436,0.12904918032786886,0.6880746743026773,10.99
3880,Metrocide,0,0.4504504505853985,0.04563934426229509,0.0015755180254032586,10.29
3881,Blackbay Asylum,18,0.3196269503455239,0.11750819672131149,0.012833907248597379,14.99
3882,Farming Simulator 15,0,3.628279069971641,1.3954098360655738,0.3671285232111552,15.49
3885,Alpha Zylon,0,0.5638867708202133,0.0,0.0010831686424647405,3.99
3887,Mountain,0,2.717009695723392,0.30636065573770493,0.40543330520377197,0.79
3888,The Maker's Eden,0,1.1128160554646158,0.06662295081967214,0.0002954096297631114,5.99
3889,Vertical Strike Endless Challenge,0,1.6921737924459537,0.0,0.0007221124283098269,3.99
3890,REVOLVER360 RE:ACTOR,0,6.552571380284263,0.21036065573770493,0.005678429549890911,6.99
3892,Blitzkrieg Anthology,0,2.871282181610951,0.013114754098360657,0.015098714410114561,3.99
3893,Blitzkrieg 2 Anthology,0,2.104985824188736,0.06924590163934427,0.013884252598866218,3.99
3894,Boo Bunny Plague,0,1.1534597743382933,0.04459016393442623,0.005284550043540098,1.59
3895,The Terminal 2,0,0.07756973300562783,0.0,0.0020022208239499745,3.99
3896,The Solus Project,0,1.53269402675948,0.1395409836065574,0.06912585336456797,14.99
3897,Time Mysteries 2: The Ancient Spectres,0,0.542162611154621,0.0,0.009781341074378565,6.99
3899,LEGO® Batman™ 3: Beyond Gotham,0,2.270300394698834,0.35252459016393445,0.08350245534637271,19.99
3900,Sunrider: Mask of Arcadius,0,5.188855486112314,0.15108196721311476,0.0803842425877621,0.0
3901,Sakura Spirit,0,1.393699945797201,0.13062295081967215,0.24197331006818382,6.99
3902,Conarium,0,1.625010590548222,0.0,0.026685336555267697,14.99
3903,Legend of Kay Anniversary,0,0.8186657517117315,0.0,0.003052566174218814,17.99
3904,See No Evil,0,0.725586932677149,0.11698360655737707,0.0070570078221187625,0.79
3907,Proxy Blade Zero,0,1.0409782824917402,0.0,0.0017724577785786662,5.19
3908,Pool Nation FX Lite,0,0.621528207855917,0.011540983606557378,0.03672926396721347,0.0
3909,Boid,0,1.505951662976297,0.00419672131147541,0.018643629967271896,0.0
3910,Morphopolis,0,1.9185492922112428,0.09442622950819674,0.147540698420576,2.89
3911,Guilty Gear X2 #Reload,0,3.1334142118853845,0.17731147540983608,0.011061449470018712,7.99
3913,Super Mega Baseball: Extra Innings,0,3.078096181734933,0.18885245901639347,0.020153501408283352,15.49
3915,Double Dragon Trilogy,0,0.49002066014788553,0.0,0.014081192352041626,4.79
3916,Microsoft Flight Simulator X: Steam Edition,0,1.4373985394654185,0.6420983606557378,0.36240196913494543,19.99
3917,Deathsmiles,0,15.090190952539627,0.3609180327868853,0.006006662471849923,14.99
3918,Bionic Heart,0,1.084365452329858,0.028852459016393446,0.00022976304537130872,6.99
3920,Bombing Bastards,0,0.562660787414866,0.0,0.00039387950635081477,6.99
3921,Rodina,0,5.561030425183797,0.03829508196721312,0.03567891861694463,11.39
3922,RPG Tycoon,0,0.47768950761605994,0.07816393442622951,0.01181638519052444,6.99
3923,Jet Gunner,0,1.2471776631686895,0.05822950819672132,0.016444469390146516,0.79
3924,The Forgotten Ones,0,0.5234246499131541,0.01259016393442623,0.046083902243045316,0.0
3927,GamersGoMakers,0,1.4146085294905841,0.0,0.009223345107048244,6.19
3932,boxlife,0,1.2167701825395123,0.0,0.00039387950635081477,1.69
3933,Lantern Forge,0,0.4136424828710255,0.0,0.005448666504519603,6.99
3934,Rampage Knights,0,4.622401174407019,0.16524590163934427,0.07844766834820392,8.99
3936,Heroes of a Broken Land,0,2.0762569351492655,0.0,0.0014442248566196541,10.99
3937,Fall of the New Age Premium Edition,0,0.5111694767086182,0.0,0.0008534055970934322,4.99
3938,Euro Fishing,0,0.5490357144673288,0.0,0.04486944043179697,14.99
3941,Kyn,0,0.6322040807243823,0.0,0.0005579959673303208,14.99
3946,Oddworld: New 'n' Tasty,0,2.6782002984063777,0.17311475409836066,0.0723425359997663,14.99
3947,Mighty No. 9,0,0.32434107814353497,0.014688524590163936,0.08717866407231364,15.99
3950,Silence,0,2.2641609846731425,0.07659016393442623,0.036663617382821666,16.99
3951,Randal's Monday,0,1.1757933955983948,0.006819672131147541,0.024157943056183302,14.99
3952,Blackguards 2,0,0.7082876412653846,0.08288524590163936,0.020908437128789082,11.49
3954,Age of Conquest IV,0,1.3596292971598953,0.0739672131147541,0.04802047648260349,0.0
3955,Supreme Ruler Ultimate,0,0.9574517675380282,0.0,0.016510115974538317,14.99
3956,Bloop Reloaded,0,0.682201552282393,0.16734426229508198,0.006958537945531059,6.99
3957,Blob From Space,0,0.04741583712609008,0.13849180327868854,0.0006564658439180246,4.99
3959,Woah Dave!,0,1.2321848905063923,0.06609836065573771,0.0,3.99
3961,Skilltree Saga,0,0.12887588875127268,0.0,0.0016083413175991602,6.99
3962,All Guns On Deck,0,0.206107702335285,0.2497049180327869,0.008107353172387602,9.99
3963,A.R.E.S. Extinction Agenda EX,0,1.2704174229811351,0.0,0.0022648071615171844,7.19
3964,Polarity,0,1.5495418749110568,0.07081967213114755,0.15669839694323245,10.29
3966,Dig or Die,0,3.688793561835209,0.0,0.09722259148425942,9.29
3968,The Joylancer: Legendary Motor Knight,0,0.3793077774571943,0.0,0.0005579959673303208,6.99
3969,Taxi,0,0.33042446849061363,0.0,0.006433365270396639,3.99
3972,Trainz: A New Era,0,0.7008876415591052,0.04721311475409837,0.03787807919407001,29.99
3973,Raiden III Digital Edition,0,1.0721022613897182,0.4511475409836066,0.0042013814010753575,6.99
3975,eden*,0,9.75293169644813,0.2019672131147541,0.06377565673663607,14.99
3976,Daedalus - No Escape,0,2.037460658112406,0.0,0.0005251726751344197,3.99
3977,Catacomb Kids,0,3.7972802037622557,0.0,0.01047063021049249,12.39
3978,Amazing Princess Sarah,0,0.6970492867001763,0.0,0.003118212758610616,3.99
3979,Celestian Tales: Old North,0,0.7797292770302062,0.14531147540983608,0.007746296958232689,10.29
3980,Stonerid,0,0.7703742499580057,0.0,0.0023961003303007897,3.99
3983,Magic Duels,0,0.8687076574644386,0.06557377049180328,0.7684260935982435,0.0
3986,Parcel,0,2.8543994060906264,0.0,0.0006564658439180246,3.99
3988,Broken Sword 4 - the Angel of Death,0,0.2151995256796201,0.0,0.0017396344863827647,4.99
3990,Professional Lumberjack 2015,0,0.04117666956982754,0.0,3.2823292195901556e-05,14.99
3994,sZone-Online,0,0.1982828878531018,0.01416393442622951,0.2622909279374467,0.0
3996,Battle of Empires : 1914-1918,0,0.6808751119310718,0.0,0.05130280570219361,5.99
3997,Shadow Puppeteer,0,1.2010129254128143,0.0,0.0009190521814852345,10.99
3998,QP Shooting - Dangerous!!,0,4.910971577795596,0.11593442622950821,0.009059228646068737,5.59
3999,A Good Snowman Is Hard To Build,0,8.353494560558023,0.0,0.00347926897276553,6.99
4002,planetarian ~the reverie of a little planet~,0,15.257763906579333,0.07239344262295083,0.04634648858061253,6.99
4004,Grim Fandango Remastered,0,3.3133886636685856,0.16891803278688525,0.1477048148815555,10.99
4007,Calvino Noir,0,0.6396439478767911,0.0,0.007582180497253182,4.99
4008,Kings of Kung Fu,0,0.6299725653469389,0.0,0.01578800354622849,6.99
4011,King's Bounty: Armored Princess,0,3.4393238690003924,0.7496393442622952,0.014278132105217034,7.99
4013,Fatty Bear's Birthday Surprise,0,4.4113078597133,0.08865573770491804,3.2823292195901556e-05,4.99
4014,The Original Strife: Veteran Edition,0,4.459318252551214,0.15737704918032788,0.008435586094346614,6.99
4015,Attractio,0,0.25840887923374267,0.0,0.0005251726751344197,14.99
4017,Republique,0,1.2769150700426077,0.0,0.009026405353872837,7.19
4018,Airscape - The Fall of Gravity,0,1.7592137593469328,0.128,0.07651109410864575,1.59
4019,Solstice,0,1.3146375216678496,0.0,0.0015098714410114564,14.99
4021,Roommates,0,0.9833658110862437,0.06609836065573771,0.002789979836651604,18.99
4022,Nelly Cootalot: The Fowl Fleet,0,5.878292085145524,0.0,0.0015755180254032586,13.99
4023,Double Action: Boogaloo,0,4.467381066457272,0.026229508196721315,0.3261978778428664,0.0
4026,Color Symphony,0,1.0404654116622907,0.007868852459016393,0.03928948075849376,0.0
4027,Quantum Rush Champions,0,0.49245954431857325,0.0015737704918032788,0.0018052810707745678,6.99
4028,Cubic Castles,0,0.9199398364922998,0.08445901639344262,0.13316409643877125,0.0
4029,Beyond Gravity,0,2.9391475961890734,0.09127868852459017,0.025864754250370166,1.59
4032,Space Hulk: Ascension,0,0.866691497889192,0.1180327868852459,0.02035044116145876,22.99
4033,Velocibox,0,2.9229856817379676,0.10439344262295083,0.016247529636971108,4.59
4036,Guild of Dungeoneering,0,1.076901352987893,0.28800000000000003,0.051729508500740325,10.99
4039,Karmaflow: The Rock Opera Videogame - Act I & Act II,0,0.9329078296013786,0.0,0.0026915099600639003,3.99
4041,Dusk 12,0,0.27183551447335286,0.0,0.0002954096297631114,2.79
4043,Act of Aggression - Reboot Edition,0,0.5569232597128772,1.3655081967213116,0.06778009838453602,23.99
4044,DICETINY: The Lord of the Dice,0,0.7947637903121197,0.0,0.003774678602528641,3.99
4046,AXYOS,0,0.35483491641060083,0.1678688524590164,0.06492447196349262,3.99
4047,Doom & Destiny,0,11.184329575154992,0.0,0.050350930228512475,6.99
4049,Enforcer: Police Crime Action,18,0.29918982525306104,0.07868852459016394,0.0671892791250098,14.99
4050,Convoy,0,1.4192639436508196,0.040393442622950824,0.030361545281208633,9.99
4051,Supreme: Pizza Empire,0,0.7610631435613395,0.0,9.84698765877038e-05,6.99
4054,Choice of the Deathless,0,5.044172129045098,0.0,0.007024184529922862,3.99
4055,Mecha Ace,0,2.7720958756210834,0.0,0.0005579959673303208,4.79
4058,Squishy the Suicidal Pig,0,1.9700342286736543,0.02832786885245902,0.11379835404318954,4.79
4062,Wings of Vi,0,1.980012325022027,0.07501639344262295,0.028950143716784883,10.99
4064,Hunters Of The Dead,0,0.6344902899254299,0.0,0.001115991934660642,3.99
4066,The Flame in the Flood,0,1.1643468668175918,0.06557377049180328,0.15266113200313658,14.99
4067,SunAge: Battle for Elysium,0,0.5992826683829319,0.0,0.00026258633756720984,10.99
4070,Cargo 3,0,0.22411574160211364,0.0,0.003052566174218814,3.99
4074,Malebolgia,0,0.6184868255180974,0.0,0.0003282329219590125,8.99
4077,StarCrawlers,0,2.1921608128977033,0.0,0.01289955383298918,14.99
4079,Chaos Reborn,0,1.2589190383670696,0.0,0.028326501165062756,6.99
4082,Xeodrifter™,0,1.006410799648442,0.0,0.015230007578898168,6.99
4083,Disney G-Force,0,3.479906238657769,0.0,6.564658439180268e-05,15.49
4084,Platypus II,0,0.5499005498707562,0.11593442622950821,0.013851429306670318,4.99
4087,Gold Rush! Anniversary,0,0.49987291395905004,0.19986885245901642,0.0021663372849294806,4.79
4088,Magicmaker,0,3.695724385546686,0.0,0.01155379885295723,6.99
4089,Great Permutator,0,2.68979234515154,0.0,0.00045952609074261744,4.99
4090,Yatagarasu Attack on Cataclysm,0,0.914898815915617,0.0,0.004693730784013875,10.99
4093,Time Mysteries 3: The Final Enigma,0,2.438197812575418,0.0,0.0067944214845515535,6.99
4094,Disney Winnie the Pooh,0,3.0415995932970143,0.0,0.0017724577785786662,4.79
4096,Chariot,0,1.4477572472289673,0.014688524590163936,0.003807501894724542,10.99
4097,Ninja Pizza Girl,0,1.5748538508493435,0.16681967213114757,0.005317373335735998,4.99
4098,Odallus: The Dark Call,0,3.3642497415639667,0.14478688524590166,0.025634991204998858,6.99
4099,Five Nights at Freddy's,0,2.7285204558803984,0.3226229508196722,0.5863224684953835,3.99
4100,The Collider,0,2.4111268479958277,0.0,0.02763721202894883,1.99
4101,Reprisal Universe,0,1.410978376501236,0.007344262295081968,0.008566879263130218,4.99
4102,Heroes of SoulCraft - Arcade MOBA,0,0.19671634368636667,0.011016393442622952,0.01260414420322607,0.0
4103,Life is Strange - Episode 1,16,10.080976457226017,0.0760655737704918,4.0382496388617275,0.0
4104,GRANADO ESPADA,0,0.2938451216579371,0.0015737704918032788,0.003282329219590122,0.0
4105,There Came an Echo,0,1.0411990200669325,0.0,0.007713473666036787,10.99
4106,Oh My Gore!,0,2.8845773674676365,0.0,0.0023961003303007897,1.69
4107,Airport Simulator 2015,0,0.13627255039095876,0.0,0.0011816385190524443,13.49
4109,AX:EL - Air XenoDawn,0,1.2225996608981138,0.12222950819672132,0.028359324457258656,0.0
4110,Bridge Constructor Medieval,0,1.784903254831097,0.02518032786885246,0.00830429292556301,6.99
4111,Trine 3: The Artifacts of Power,0,0.7104957475434465,0.2817049180327869,0.17521073374172072,15.99
4112,The Detail,18,1.0287574551540741,0.1516065573770492,0.014639188319371945,2.09
4113,Half-Life 2: Deathmatch,0,2.884308948658859,0.01678688524590164,0.2201458207579095,3.99
4115,Moon Hunters,0,1.2190531942483969,0.41652459016393445,0.059016279368230395,11.39
4119,Absolute Drift,0,2.802212871480852,0.10229508196721313,0.059016279368230395,8.99
4120,Deadlings: Rotten Edition,0,1.7850372218790225,0.1138360655737705,0.00564560625769501,2.79
4121,We Happy Few,0,0.8482019685379222,0.1615737704918033,0.14320802385071704,44.99
4122,Car Mechanic Simulator 2015,0,3.7723110108904208,0.3881967213114754,0.2942608145362545,14.99
4124,Darkstone,0,1.0437217334561806,14.360655737704919,0.003807501894724542,3.99
4126,Cosmonautica,0,0.33428072508074086,0.10281967213114755,0.029573786268507003,6.99
4127,Magnifico,0,0.46934815853532913,0.0031475409836065576,0.00036105621415491364,3.99
4129,Ascension: Deckbuilding Game,0,1.4780463887692126,0.0,0.010306513749512984,6.99
4130,Oscura: Lost Light,0,0.8161766782445373,0.0,0.00036105621415491364,5.19
4131,Coffin Dodgers,0,0.8267116751775061,0.0,0.015952120007207995,8.99
4132,Questerium: Sinister Trinity HD Collector's Edition,0,1.34184341081464,0.0,0.001280108395640148,4.99
4133,Season Match,0,1.1706063431541078,0.0,0.001115991934660642,2.79
4136,The Treasures of Montezuma 3,0,0.737785377569674,0.0,0.0033479758039819253,2.79
4137,Tokyo School Life,16,6.376990515103332,0.21193442622950823,0.01710093523406454,10.99
4139,Toren,0,0.6802515471876457,0.0,0.03206835647539549,6.99
4140,Wings! Remastered Edition,0,1.2698710743127184,0.0,0.007516533912861381,12.99
4142,One Day For Ched,0,0.2677726084777075,0.0,0.0052189034591482945,2.79
4143,Gender Bender DNA Twister Extreme,18,0.9705630397908275,0.0,0.0028556264210434063,18.99
4146,Melissa K. and the Heart of Gold Collector's Edition,0,0.9292002396892145,0.11121311475409837,0.019497035564365328,7.99
4150,Wickland,0,0.4002577672337763,0.06924590163934427,0.023501477212265278,0.79
4151,UNLOVED,0,1.2868668040763145,0.05980327868852459,0.01926727251899402,6.99
4152,Dandelion - Wishes brought to you -,0,2.8209635969574003,0.0,0.014540718442784243,22.99
4155,Primal Carnage: Extinction,0,0.9375015638497275,0.10963934426229509,0.1287001287001287,9.99
4158,Midnight Mysteries,0,0.8009263183021705,0.0,0.000951875473681136,5.99
4159,Supraball,0,1.1855529747562226,0.11645901639344264,0.07024184529922861,0.0
4160,Command: Modern Air / Naval Operations WOTY,0,2.034177896419056,0.0,0.01319496346275229,60.99
4162,Sigils of Elohim,0,4.425508116755276,0.015213114754098362,0.02622581046452508,0.0
4164,Everyday Genius: SquareLogic,0,19.34254003230454,0.0,0.006860068068943355,3.99
4165,The Sun and Moon,0,2.412559400149233,0.0,0.0013457549800319503,4.99
4166,Zombie Bowl-o-Rama,0,2.0762569351492655,0.0,0.00617077893282943,6.99
4171,Icewind Dale: Enhanced Edition,0,2.1634066212289573,0.10596721311475411,0.0240594731795956,14.99
4172,Cavern Kings,0,1.069045896736668,0.0,0.0034136223883737275,6.99
4173,Rising Angels: Reborn,0,1.5157845125230094,0.0419672131147541,0.0160834131759916,0.0
4174,Silence of the Sleep,0,1.0839310919356087,0.1138360655737705,0.013752959430082612,3.99
4177,Schein,0,1.193037428200252,0.28904918032786886,0.0052189034591482945,5.49
4179,Yury,0,0.32090174610931105,0.1500327868852459,0.012407204450050663,1.59
4180,Might & Magic® Heroes® VII,0,0.278059980095079,0.0,0.09856834646429137,33.99
4181,Metal Drift,0,0.6376909826532631,0.09075409836065575,0.0008534055970934322,6.99
4184,20XX,0,4.800777534202309,0.08708196721311476,0.0884915957601497,10.99
4186,Geometry Dash,0,6.72072015407601,0.7716721311475411,1.8258612749813974,2.79
4187,SteamWorld Heist,0,8.389821983416567,0.24603278688524594,0.08799924637721118,10.99
4188,"Guns, Gore & Cannoli",0,5.016238809471016,0.0,0.05497901442813455,6.99
4189,Gurumin: A Monstrous Adventure,0,4.051229913428946,0.23816393442622952,0.015131537702310465,6.99
4190,The Repopulation,0,0.5117474404127604,0.0,0.031608830384652876,14.99
4191,Don't Starve Together,0,9.863558011791536,0.21193442622950823,3.699414793523439,10.99
4194,FRAMED Collection,0,6.945189703851185,0.0,0.0023961003303007897,7.19
4195,SUPERHOT,0,2.536024531838749,0.10649180327868853,0.5563219794283298,17.99
4196,DYNASTY WARRIORS® 8 Empires,0,0.6239219641777528,0.0,0.025569344620607056,39.99
4200,BLACKHOLE,0,2.8406821512684246,0.002098360655737705,0.020251971284871058,5.99
4201,Drifting Lands,0,1.6700315271687942,0.0,0.004102911524487654,13.99
4202,Vanishing Realms™,0,6.149866024787619,0.0,0.07102960431193024,15.49
4203,Worlds Adrift,0,0.8648467246620488,0.31055737704918035,0.11872184787257473,19.49
4204,Pro Cycling Manager 2015,0,0.5008072161759993,0.0,0.007385240744077775,11.99
4205,"War, the Game",0,0.8572641775356223,0.10229508196721313,0.009223345107048244,4.99
4206,"Warhammer 40,000: Regicide",0,0.8967008966973639,0.09022950819672132,0.05008834389094526,7.19
4209,Subject 13,0,0.5427998530987587,0.00419672131147541,0.0038403251869204434,6.99
4212,Genesis Rising,0,0.06892105211660007,0.0,0.00078775901270163,4.49
4216,Tharsis,0,0.8173870244728958,0.14268852459016396,0.06279095797075904,10.99
4217,Indiana Jones® and the Last Crusade™,0,1.3986557091341991,0.1017704918032787,0.0017396344863827647,4.79
4218,Frostpunk,16,2.6994569697384962,0.3241967213114754,0.8551780548720105,24.99
4219,Vagante,0,3.2199114958752135,0.0,0.057670524388198446,10.99
4225,LEGO® Indiana Jones™: The Original Adventures,0,1.2928396994644848,0.0,0.009584401321203157,15.49
4226,Grow Home,0,3.8223636168154003,0.08498360655737705,0.13578995981444336,6.69
4227,The Magic Circle,0,4.795969440847519,0.03934426229508197,0.03384081425397416,14.99
4228,LOOM™,0,2.8129130737119086,0.014688524590163936,0.008107353172387602,4.79
4229,Crow,0,0.7610631435613395,0.0,9.84698765877038e-05,6.99
4231,Raiden IV: OverKill,0,2.2218527750541766,0.0031475409836065576,0.008763819016305626,10.99
4232,DRAGON BALL XENOVERSE,0,2.827193516943836,1.3272131147540984,0.4654671066300753,31.99
4233,Oblivious Garden ~Carmina Burana,0,4.353190015933549,0.1458360655737705,0.012275911281267057,10.99
4234,STAR WARS™ Starfighter™,0,0.30754291959629576,0.00419672131147541,0.011685092021740836,4.79
4235,Jotun: Valhalla Edition,0,1.3376629143081078,0.11331147540983608,0.2197519412515587,11.39
4236,The Secret of Monkey Island: Special Edition,0,7.147065288137393,0.04931147540983607,0.07125936735730155,7.19
4237,Ubinota,0,4.665077079109155,0.0,0.0028228031288475056,0.0
4238,Super Indie Karts,0,1.6659863055132882,0.0,0.004628084199622072,11.49
4240,STAR WARS™ - Knights of the Old Republic™,0,2.7409689219991646,0.20983606557377052,0.4286393727862741,7.19
4242,Decay: The Mare,0,1.0077803982702596,0.025704918032786888,0.028589087502629968,3.99
4243,Fireworks Simulator,0,0.4072410970312759,0.0,0.0017724577785786662,8.99
4244,STAR WARS™ Jedi Knight: Dark Forces II,0,0.8937464112501653,0.11593442622950821,0.03256070585833401,4.79
4245,Move or Die,0,2.6096262823088687,0.09127868852459017,0.3209461510915222,10.99
4246,STAR WARS™ Jedi Knight - Mysteries of the Sith™,0,0.6784998165654899,0.015737704918032787,0.01503306782572276,2.09
4247,STAR WARS™ - Dark Forces,0,3.3177378007128344,0.05298360655737706,0.05159821533195672,4.79
4249,iO,0,1.686718066161683,0.04721311475409837,0.002527393499084394,3.99
4250,Rising World,0,1.569648095860506,0.0,0.10050492070384955,10.99
4251,Football Club Simulator - FCS NS#19,0,0.5864798970875159,0.0,0.0011816385190524443,6.95
4254,Verde Station,0,0.96522855165505,0.0,0.005350196627931899,0.79
4255,Kalimba,0,5.570415915426378,0.0,0.0039059717713122457,6.99
4256,CLANNAD,0,18.190290604194605,0.09862295081967214,0.06039485764045825,29.99
4257,Pyrite Heart,0,0.7486483350324512,0.1138360655737705,0.005842546010870418,3.99
4258,CodeSpells,0,0.3389596493542243,0.0,0.0026915099600639003,14.99
4259,STAR WARS™: The Clone Wars - Republic Heroes™,0,0.17486391254177205,0.0010491803278688525,0.011324035807585921,15.49
4261,VoidExpanse,0,0.8770824863045525,0.0,0.01795434083115797,10.99
4263,STAR WARS™ - The Force Unleashed™ Ultimate Sith Edition,0,0.5787374000726432,0.0918032786885246,0.11737609289254278,15.49
4264,Bus Simulator 16,0,0.5576772613960641,0.2575737704918033,0.0723425359997663,13.49
4267,LEGO® Star Wars™ - The Complete Saga,0,4.496826371955835,0.1395409836065574,0.104673478812729,15.49
4270,SinaRun,0,1.3349496107977044,0.0,0.002625863375672098,1.99
4271,LEGO® Indiana Jones™ 2: The Adventure Continues,0,1.0257473994055397,0.0,0.0039716183557040475,15.49
4272,Boundless,0,0.8575509217193041,28.959475409836067,0.05051504668949198,32.99
4273,Defense Zone 3 Ultra HD,0,1.4022844014553555,0.0,0.00347926897276553,2.89
4274,Halo: Spartan Strike,0,1.8595101873735698,0.0031475409836065576,0.017527638032611256,1.99
4275,Monkey Island™ 2 Special Edition: LeChuck’s Revenge™,0,7.225631363541844,0.0,0.037976549070657714,7.19
4276,The Shopkeeper,0,0.005431040108439644,0.0,0.0011488152268565427,1.99
4277,Gemini: Heroes Reborn,16,1.2651810327526691,0.0,0.008796642308501528,3.99
4278,Impossible Creatures Steam Edition,0,8.204128893908502,0.0,0.021827489310274315,8.99
4279,STAR WARS™ Empire at War - Gold Pack,0,6.2759539250613905,0.11488524590163936,0.22392049936043815,15.49
4280,To Be or Not To Be,0,4.821242752288079,0.0,0.0025602167912802958,3.99
4282,The Warlock of Firetop Mountain,0,1.2328334056748516,0.12432786885245903,0.011422505684173625,14.99
4284,Monster Truck Destruction,0,0.2614274965796111,0.007868852459016393,0.00669595160796385,3.99
4286,Shadow Warrior 2,0,2.7196073748445153,0.8681967213114755,0.37608928198063624,34.99
4287,TOXIKK™,0,1.20224771046746,0.024655737704918034,0.16237682649312335,0.0
4288,STAR WARS™: The Force Unleashed™ II,0,0.4820062430223068,0.1914754098360656,0.10267125798877903,15.49
4289,Parallax,0,3.1667307532166395,0.0,0.0007221124283098269,3.99
4290,Deep Dungeons of Doom,0,1.4158768284880123,0.15580327868852462,0.014934597949135058,3.99
4291,LEGO® Star Wars™ III - The Clone Wars™,0,2.2096884167724005,0.15422950819672132,0.028392147749454557,15.49
4293,Notch - The Innocent LunA: Eclipsed SinnerS,16,2.9874379898629333,0.3074098360655738,0.018085633999941574,6.99
4294,Run or Die,0,2.711739953251146,0.0,0.0007549357205057284,3.99
4296,AppGameKit: Easy Game Development,0,3.147034181520205,0.0005245901639344263,0.004989140413776986,60.99
4299,Nova-111,0,1.4314628110348016,0.21298360655737705,0.0015098714410114564,3.99
4300,Homebrew - Patent Unknown,0,1.1799996809834605,0.0,0.02215572223223333,13.99
4303,Fire,0,2.243158519153106,0.0,0.008172999756779405,7.99
4304,Total War: ATTILA,0,1.0031930613107358,1.5349508196721313,0.5470329877368898,29.99
4305,The Hive,0,0.8165296959744925,0.0,0.0035777388493532336,7.19
4306,Fallen: A2P Protocol,0,0.17851098669805507,0.0,0.003774678602528641,7.19
4310,Viking Squad,0,2.9092684265316824,0.0,0.002724333252259802,10.99
4311,Safecracker: The Ultimate Puzzle Adventure,0,0.5179999567786476,0.0005245901639344263,0.010766039840255601,4.49
4314,Horizon Shift,0,1.4058572680598862,0.1138360655737705,0.00617077893282943,3.99
4316,Death Skid Marks,18,4.528542539845311,0.0,0.014967421241330959,6.99
4317,Shroud of the Avatar: Forsaken Virtues,0,0.3485522863899932,28.652065573770493,0.06505576513227622,0.0
4318,Sinister City,0,0.693875045778381,0.16052459016393444,0.04352368545176502,0.79
4319,Alchemy Mysteries: Prague Legends,0,1.234931956077289,0.1620983606557377,0.029737902729486513,1.59
4320,Delta Force,0,3.467103467362353,0.0,0.0047265540762097755,3.99
4322,Delta Force 2,0,2.398564467810016,0.0,0.0030197428820229123,3.99
4323,River City Super Sports Challenge ~All Stars Special~,0,0.7885947148567355,0.0,0.01736352157163175,14.99
4324,Warspear Online,0,0.8069720715739295,0.011540983606557378,0.02543805145182345,0.0
4326,Delta Force Land Warrior,0,4.171255895523731,0.0,0.001050345350268839,6.99
4327,Windward,0,1.479194882632353,0.5581639344262296,0.08714584078011775,6.99
4329,ShellShock Live,0,3.4182827723978626,0.5497704918032787,0.41324524874639645,4.99
4331,If My Heart Had Wings,0,4.821917292546204,0.4112786885245902,0.09515472407591764,10.99
4333,Chime Sharp,0,1.3156812257430834,0.0015737704918032788,0.00016411646097950648,6.99
4338,Warhammer Quest,0,0.7519791374612077,3.1129180327868853,0.021729019433686613,10.99
4339,Delta Force: Black Hawk Down,0,4.254752230760421,0.0,0.005941015887458122,0.0
4340,Instant Dungeon!,0,2.2675394491313265,0.0,0.002035044116145876,1.59
4342,Delta Force — Black Hawk Down: Team Sabre,0,3.719393374786677,0.0,0.0027571565444557034,0.0
4343,Heart&Slash,0,1.6775817602281757,0.0,0.00882946560069743,10.99
4344,Sword of Asumi,0,1.0473796683314898,0.22819672131147542,0.008140176464583503,7.19
4347,Painkiller Overdose,0,1.1490542323800401,0.1416393442622951,0.015295654163289969,4.49
4349,Motorama,0,0.15850153780090914,0.0,0.007418064036273677,14.99
4350,Worms W.M.D,0,1.4972225005373812,0.3011147540983607,0.08402762802150714,19.99
4351,FEIST,0,1.1725884234161854,0.02832786885245902,0.011717915313936737,6.99
4352,Gloria Victis,0,0.7855518918230476,0.39711475409836067,0.1233171087800009,14.99
4353,Out of Reach,0,0.5880360349055826,0.455344262295082,0.07605156801790314,10.99
4355,Tilt Brush,0,11.70519446378712,0.048262295081967214,0.023698416965440686,14.99
4359,Anna's Quest,0,2.7704820807779664,0.1295737704918033,0.029344023223135698,14.99
4360,Super Life of Pixel,0,1.87374036910136,0.0,0.007582180497253182,7.19
4362,The Marvellous Miss Take,0,1.9085052069222057,0.2675409836065574,0.005941015887458122,14.99
4367,Sid Meier's Colonization (Classic),0,3.428695153092022,0.0,0.006630305023572047,4.99
4368,A Bird Story,0,1.951141478853013,0.2497049180327869,0.2308790373059692,2.79
4369,Hail to the King: Deathbat,0,1.559490525141211,0.0,0.0026915099600639003,4.79
4371,Comanche 4,0,2.178824592750301,0.0,0.0002954096297631114,6.99
4373,WASTED,0,1.1288711675321474,0.09022950819672132,0.028982967008980783,9.99
4375,Near Death,0,3.8938625147678017,0.03252459016393443,0.016707055727713725,10.99
4376,Tachyon: The Fringe,0,2.5581066961698213,0.0,0.0005579959673303208,6.99
4377,CaesarIA,0,0.5995381558804604,0.013639344262295083,0.036696440675017566,0.0
4379,Ironcast,0,1.5550830136046019,0.0,0.017494814740415355,9.99
4380,Joint Operations: Combined Arms Gold,0,2.6801095768610055,0.0,0.0012472851034442465,14.99
4381,TRON 2.0,0,3.2473802280957984,0.0,0.008369939509954813,7.19
4383,Salt,0,1.3403372026528753,0.0,0.0483815326967584,11.39
4384,Sublevel Zero Redux,0,3.1757750969710403,0.0,0.011849208482720341,10.99
4385,I am Bread,0,1.283762013452466,0.08813114754098361,0.16943383431524212,9.99
4388,Darklands,0,5.0247739903346265,0.0,0.0009190521814852345,18.99
4390,Sword of the Samurai,0,4.843401395254526,0.0,0.0003282329219590125,18.99
4394,Reflex Arena,0,2.0735710390437587,0.0,0.04414732800348714,6.99
4395,Rise to Ruins,0,3.8697712779636317,0.22977049180327871,0.0994217520613848,6.99
4396,Gunspell - Steam Edition,0,0.4072410970312759,0.0,0.005744076134282714,9.99
4397,Wild Season,0,0.20239675438420415,0.0,0.008205823048975306,12.99
4398,Leviathan: The Last Day of the Decade,0,1.6363071536818734,0.0,0.01532847745548587,10.99
4404,Slave Zero,0,2.967795381848048,0.0,0.0010831686424647405,4.99
4405,Potatoman Seeks the Troof,0,1.0228560495453387,0.1914754098360656,0.014442248566196537,2.79
4408,Don't Knock Twice,0,1.2567426362320222,0.09809836065573771,0.004102911524487654,15.99
4409,Frozen Synapse Prime,0,0.6511152477157995,0.0,0.0063020721016130345,18.99
4414,One Last Day,0,0.7843409099370882,0.0,0.00016411646097950648,9.99
4416,SanctuaryRPG: Black Edition,0,4.81939619883557,0.2580983606557377,0.03984747672582408,5.79
4419,Space Legends: At the Edge of the Universe,0,0.2653256309070367,0.0,0.00026258633756720984,6.99
4424,The Deer God,0,0.6299610075170087,0.0,0.011225565930998218,10.99
4426,Restaurant Empire II,0,0.6081461254926942,0.0,0.002527393499084394,13.99
4428,Battlegrounds of Eldhelm,0,0.8447052867451623,0.005245901639344262,0.0031838593430024193,0.0
4430,Devil May Cry® 4 Special Edition,16,3.746425228948012,0.26072131147540983,0.17872282600668216,19.99
4431,SpyParty,0,2.0444671500438267,0.0,0.010930156301235108,19.49
4432,Gems of War - Puzzle RPG,0,1.1895578139101046,0.3672131147540984,0.1341159719124524,0.0
4433,Reassembly,0,4.959403384737269,0.002098360655737705,0.07651109410864575,11.39
4434,Volo Airsport,0,0.7514386825486156,0.0,0.0020022208239499745,0.79
4435,Astray,0,0.8425353253003349,0.0,0.003282329219590122,4.99
4437,Avalon Lords: Dawn Rises,0,0.47979013514013297,0.0,0.000951875473681136,0.0
4441,Stealth Inc 2: A Game of Clones,0,1.2072203296772586,0.1678688524590164,0.024551822562534117,12.99
4442,State of Decay: YOSE,18,1.1682528925172675,0.4952131147540984,0.16470728023903233,22.99
4443,Sonic Lost World,0,0.5739281602296719,0.005770491803278689,0.049628817800202646,19.99
4444,JumpJet Rex,0,3.6911519671445907,0.013639344262295083,0.010831686424647404,6.99
4446,Phantom Breaker: Battle Grounds,0,1.9526109183514437,0.06819672131147542,0.08353527863856862,8.99
4447,R.B.I. Baseball 15,0,0.23226988740684149,0.0,0.00187092765516637,14.99
4451,NAM,0,1.1486885552697015,0.0031475409836065576,0.00295409629763111,4.99
4455,BasketBelle,0,2.8397676673575556,0.0,0.0009190521814852345,3.99
4457,The Moon Sliver,0,0.9840705506496304,0.0,0.02320606758250217,1.59
4458,Catlateral Damage,0,3.3090284323827603,0.7963278688524591,0.02809673811969145,6.99
4460,KeeperRL,0,2.8622378378565507,0.0,0.010536276794884293,10.99
4462,BossConstructor,0,1.2266184680036465,0.0,0.0026915099600639003,10.99
4463,Pix the Cat,0,1.476272510760799,0.1295737704918033,0.006531835146984343,6.99
4464,Warlocks vs Shadows,0,0.58044085374826,0.034622950819672135,0.005941015887458122,9.99
4465,Robotex,0,0.12671534694552,0.0718688524590164,0.026094517295741474,3.99
4467,Grandia® II Anniversary Edition,0,3.941559113982626,0.1180327868852459,0.034891159604243,14.99
4468,The Interactive Adventures of Dog Mendonça & Pizzaboy®,0,1.285145423320012,0.0,0.00187092765516637,10.99
4470,Celestial Command,0,1.4205427999415914,0.0,0.007516533912861381,7.99
4471,Over The Void,0,0.7898180311887398,0.0,0.0020678674083417776,3.99
4474,Noct,0,0.5316988078729836,0.0,0.01394989918325802,6.99
4475,Shark Attack Deathmatch 2,0,1.2011648871400586,0.0,0.043917564958115836,1.99
4477,It's A Wipe!,0,1.2829506623948266,0.31108196721311476,0.00039387950635081477,3.99
4481,Flashpoint Campaigns: Red Storm Player's Edition,0,4.031589298037406,0.0,0.0009190521814852345,36.99
4482,Radial-G : Racing Revolved,0,1.4032084186939096,0.0,0.001280108395640148,7.19
4483,2064: Read Only Memories,0,1.34184341081464,0.17101639344262295,0.03321717170225204,14.99
4484,Tales from the Borderlands,18,7.847322817871821,0.2717377049180328,0.4902158689457848,11.99
4486,Demon Hunter: Chronicles from Beyond,0,0.6047695703118126,0.14845901639344264,0.006072309056241726,6.99
4487,Alien Shooter,0,3.3488169920596245,0.0,0.02648839680209229,3.99
4488,Alien Shooter: Revisited,0,0.675613115647648,0.0,0.004234204693271258,3.99
4489,Passing Pineview Forest,0,0.7434950181469205,0.0005245901639344263,0.05021963705972887,0.0
4490,Disney•Pixar Cars,0,0.9828396698001306,0.0,0.005579959673303207,15.49
4491,Master Spy,0,1.5807376777408038,0.006819672131147541,0.004825023952797479,6.99
4492,Alien Shooter 2: Reloaded,0,4.49589759938389,0.08865573770491804,0.032134003059787294,3.99
4493,Grass Simulator,0,0.43113521545311373,0.0,0.025602167912802957,3.99
4495,Thief Town,0,1.3662850654899719,0.09547540983606558,0.0018052810707745678,5.59
4497,Zombie Shooter,0,2.103520620359203,0.0718688524590164,0.01257132091103017,3.99
4498,Tulpa,0,0.3717237312542618,0.06662295081967214,0.0031510360508065177,7.99
4499,Heavy Metal Machines,0,0.8852112300024715,0.010491803278688525,0.08117200160046373,0.0
4500,Winged Sakura: Mindy's Arc,0,2.6349233247104835,0.6620327868852459,0.001706811194186864,10.99
4502,bit Dungeon II,0,1.7213382770910606,0.059278688524590166,0.06055897410143776,2.79
4505,Everlasting Summer,0,7.7453767919237535,0.051409836065573776,1.0722713094557013,0.0
4506,Pinstripe,0,3.2171445966349115,0.2355409836065574,0.036072798123295446,10.99
4507,Executive Assault,0,2.3961689385603937,0.19042622950819674,0.041521464627815044,10.29
4508,Amphora,0,1.748577610661585,0.0,0.0015755180254032586,9.99
4511,One Piece Pirate Warriors 3,0,1.725420830859871,0.23081967213114757,0.1745542678978027,31.99
4512,Carmageddon TDR 2000,0,0.8578986510084674,0.0,0.005021963705972887,2.99
4513,The Jackbox Party Pack,0,4.0752351098479025,0.015737704918032787,0.024486175978142316,18.99
4514,Crossing Souls,0,1.7212710003196185,0.13481967213114754,0.021072553589768585,10.99
4515,Survivor Squad: Gauntlets,0,1.4207250024550764,0.0,0.0016411646097950617,3.99
4516,Disney•Pixar WALL-E,0,4.1328475812534,0.0,0.0006236425517221235,15.49
4518,Data Hacker: Reboot,0,0.5786012683321253,0.12275409836065575,0.002363277038104888,3.99
4519,Zombie Shooter 2,0,1.2612612614854826,0.1295737704918033,0.009059228646068737,7.19
4520,AER Memories of Old,0,1.9384345270837062,0.06242622950819673,0.05438819516860833,13.49
4521,Truck Mechanic Simulator 2015,0,0.2930830519242546,0.0,0.0012144618112483459,6.99
4523,Airline Tycoon Deluxe,0,0.8913077878719314,0.0,0.003873148479116345,6.99
4525,Last Inua,0,0.4120421363150673,0.11645901639344264,0.002527393499084394,5.99
4526,School of Dragons,0,0.34619391142318,0.02832786885245902,0.11583339815933541,0.0
4528,Axiom Verge,0,6.280632299711896,0.2580983606557377,0.10408265955320278,14.99
4529,The Next Penelope,0,1.3110622795090814,0.0,0.0037418553103327396,9.99
4532,Assassin's Creed 2 Deluxe Edition,0,2.1092286255104282,0.694032786885246,0.5711252842086812,8.59
4533,LEGO® Worlds,0,1.2106734533689707,0.4107540983606558,0.3824241773744452,24.99
4535,Spriter Pro,0,1.3988739382623865,0.0,0.005350196627931899,44.99
4538,Undefeated,0,2.4767714423756986,0.0,0.000951875473681136,9.99
4539,Girlfriend Rescue,0,2.762951038816893,0.0,0.0016411646097950617,4.99
4540,Moonchild,0,1.7899404107631978,0.0,0.0005251726751344197,5.99
4541,Phoenix Force,0,1.9534854910307047,0.20721311475409837,0.015722356961836687,2.79
4542,Battle Fleet 2,0,1.2049522395984682,0.0,0.005842546010870418,11.39
4543,GRAV,0,0.3909079932667185,0.4474754098360656,0.20987213030059243,14.99
4544,Shutshimi,0,0.5681902234791361,0.0,0.0003282329219590125,3.99
4546,Amazing Frog?,0,2.3492416482783254,0.39711475409836067,0.05435537187641242,12.39
4547,Mimpi,0,2.5167438960682085,0.0,0.003282329219590122,2.79
4548,Mystik Belle,0,3.3550792172791932,0.0,0.0019037509473622716,10.99
4549,PONCHO,0,0.8320840834578797,0.0,0.002035044116145876,6.99
4551,The Exiled,0,0.3167072132843287,0.005770491803278689,0.011159919346606416,0.0
4553,1Quest,0,0.4164132317766672,0.028852459016393446,0.0016083413175991602,2.89
4556,National Zombie Park,0,0.1823924237790179,0.11278688524590165,0.0018052810707745678,0.79
4557,Darkness Assault,0,0.24908921469649084,0.14426229508196722,0.011685092021740836,0.79
4558,Five Nights at Freddy's 2,0,3.5714362754505506,0.0619016393442623,0.28828697535660047,5.79
4562,Dark Deception,0,3.074340479647898,0.017836065573770495,0.032134003059787294,0.0
4563,Zuma Deluxe,0,4.4826746599504315,0.1400655737704918,0.012275911281267057,4.25
4565,Inside The Gear,0,0.21324656045609205,0.13062295081967215,0.0,1.59
4567,Prince of Persia: The Forgotten Sands™,0,0.6926017283506101,0.1720655737704918,0.022122898940037425,8.59
4568,Kaiju-A-GoGo,0,0.7187752016257307,0.03514754098360656,0.00561278296549911,7.19
4569,Cherry Tree High I! My! Girls!,0,0.8791146725170945,0.2177049180327869,0.0014442248566196541,2.79
4570,Forward to the Sky,0,1.8735190665398644,0.2376393442622951,0.05281267714320507,5.59
4571,Marvin's Mittens,0,17.87022131873654,0.002622950819672131,0.0014114015644237526,4.79
4573,ADOM (Ancient Domains Of Mystery),0,3.0242678802749254,0.4569180327868853,0.018315397045312886,10.99
4575,Star Rangers™ XE,0,0.25638434472556954,0.0,0.0016411646097950617,8.99
4579,Cossacks 3,0,1.0991271828503273,0.33468852459016396,0.1847951350629239,14.99
4580,Sinking Island,0,0.8532043015718898,0.0,0.0006892891361139262,5.59
4585,NEKOPARA Vol. 1,0,8.333886712451633,0.14898360655737705,0.5514313088911406,6.99
4586,Caves of Qud,0,12.45409236413912,0.11488524590163936,0.047396833930881364,11.39
4588,Towers of Altrac - Epic Defense Battles,0,0.49627855290960426,0.0010491803278688525,0.00022976304537130872,2.09
4591,Feel-A-Maze,0,1.6646080170103672,0.0,0.00013129316878360492,3.99
4592,Braveland Wizard,0,0.9986239083835201,0.0,0.005678429549890911,4.99
4594,Dirty Bomb®,0,1.4889865292758486,0.03829508196721312,1.7899854166112774,0.0
4595,Medieval Engineers,0,0.8487692328379581,6.000262295081968,0.1480002245113186,12.99
4596,A Druid's Duel,0,1.0274642460603427,0.0,9.84698765877038e-05,5.79
4597,AKIBA'S TRIP: Undead ＆ Undressed,0,2.67759922941262,0.31003278688524594,0.07578898168033592,14.99
4599,Epic Arena,0,0.7105883953109631,0.007344262295081968,0.006334895393808935,0.0
4600,Down To One,0,0.19201867884410131,0.13272131147540986,0.0697494959162901,0.79
4601,Hektor,0,0.6340111442844918,0.03357377049180328,0.02730897910698982,6.99
4603,Armikrog,0,0.36429296341558676,0.0,0.03324999499444794,6.99
4605,Insanity's Blade,0,1.1434004540073177,0.0,0.004825023952797479,4.79
4606,Fortified,0,1.1679735150482626,0.15842622950819674,0.03925665746629786,10.99
4607,Town of Salem,0,2.370320591281488,0.48629508196721316,0.5035421255773207,3.99
4611,Fake Colours,0,2.0587986106555163,0.163672131147541,0.0009846987658770367,1.99
4613,Out There: Ω Edition,0,1.224618035096761,0.08078688524590165,0.03308587853346843,10.99
4617,Vox Machinae,0,4.636811219966038,0.0,0.011028626177822812,19.49
4618,Square Heroes,0,2.5853642095477394,0.0,0.0047265540762097755,3.99
4619,From Dust,0,0.6407636477948896,0.20931147540983608,0.06584352414497785,8.59
4621,Squirreltopia,0,1.2522240109785616,0.07081967213114755,0.006105132348437627,0.79
4625,1931: Scheherazade at the Library of Pergamum,0,0.7456494875981872,0.0,0.00045952609074261744,11.39
4626,Zero-K,0,3.8004169992662193,0.263344262295082,0.028228031288475054,0.0
4627,Yoku's Island Express,0,10.73907763575036,0.0,0.015820826838424392,15.99
4630,Tormentum - Dark Sorrow,0,6.315138164864776,0.1337704918032787,0.06019791788728285,9.29
4632,World Of Leaders,0,0.028644856256845007,0.0,0.0006236425517221235,3.99
4633,VRC PRO,0,1.2743576159490193,0.0,0.005350196627931899,29.99
4635,Dwarf Tower,0,1.0721022613897182,0.0,0.0042013814010753575,0.79
4636,Serpent in the Staglands,0,0.8230528473088902,0.0,0.0016739879019909624,14.99
4637,Magic Barrage - Bitferno,0,0.14761143948693595,0.006819672131147541,0.018577983382880095,0.0
4638,200% Mixed Juice!,0,1.8027431820586137,0.18255737704918035,0.0070570078221187625,4.99
4639,Tropico Reloaded,0,2.5837122391447362,0.0,0.012210264696875256,5.99
4643,Transformice,0,1.9643731411987262,0.011016393442622952,0.45388048448492213,0.0
4644,DARK SOULS™ II: Scholar of the First Sin,16,2.2709890995591793,1.281049180327869,0.98955661312203,29.99
4646,Bet On Soldier,16,0.8105283968697533,0.022032786885245903,0.0014114015644237526,5.59
4647,Brick-Force,0,0.1917277781126492,0.015737704918032787,0.14002416450771463,0.0
4649,Grimoire: Manastorm,0,0.8126487297794626,0.08760655737704919,0.030591308326579945,0.0
4656,Star Traders: Frontiers,0,2.9316103032748533,0.3992131147540984,0.04480379384740517,11.39
4657,CAFE 0 ~The Drowned Mermaid~,0,0.7063356293362166,0.0,0.0013129316878360488,4.99
4658,LISA,0,8.264421015075357,0.6809180327868853,0.252542410155264,6.99
4660,Patrician III,0,1.2370393284854306,0.07816393442622951,0.009026405353872837,3.99
4661,I am Weapon: Revival,0,0.7571835158960619,0.0,0.004070088232291751,11.99
4663,Words for Evil,0,1.4826738966005486,0.00839344262295082,0.009846987658770366,1.99
4664,Dream Of Mirror Online,0,0.386853745273276,5.492459016393443,0.011586622145153132,0.0
4665,Distant Star: Revenant Fleet,0,0.6690784222307291,0.0,0.005514313088911406,6.99
4666,Goats on a Bridge,0,1.173273587029955,0.0,0.0016739879019909624,3.99
4667,After Reset RPG,0,0.0924599128355944,0.0,0.0008862288892893329,29.99
4668,Nanofights,0,0.41120385949279165,0.0,0.01500024453352686,1.69
4670,Ephemerid: A Musical Adventure,0,4.580944581201957,0.0,0.0031510360508065177,1.59
4671,Broken Sword 2 - the Smoking Mirror: Remastered,0,3.1997514756317997,0.7491147540983607,0.01257132091103017,4.99
4675,Combat Monsters,0,0.8449509428664872,0.0,0.002527393499084394,0.0
4676,Raptor: Call of The Shadows - 2015 Edition,0,1.2126154368872826,0.0,0.005744076134282714,3.99
4677,Vietnam ‘65,0,1.4899207485308392,0.0,0.005448666504519603,6.99
4678,Sky Mercenaries,0,0.9888527130151242,0.12275409836065575,0.00013129316878360492,6.99
4679,Broken Sword 3 - the Sleeping Dragon,0,0.3626230551775705,0.004721311475409836,0.008140176464583503,4.99
4680,Bloody Streets,0,1.9094329440059967,0.0,0.0003282329219590125,3.99
4681,Shardlight,0,3.344895194369777,0.03514754098360656,0.007385240744077775,10.99
4682,Unavowed,0,10.082796439806716,0.0,0.01739634486382765,10.99
4683,Virtual Pool 4,0,1.426466607583708,0.0,0.0032495059273942215,18.99
4685,Crash Time 3,0,1.3146375216678496,0.0,0.0063020721016130345,3.99
4690,Typoman,0,2.625778487906294,0.0,0.007713473666036787,7.99
4692,Hearthlands,0,2.0587986106555163,0.0,0.006958537945531059,14.99
4694,Bloodsports.TV,0,1.3482447966543896,0.05455737704918033,0.011980501651503946,6.99
4695,Super Cane Magic ZERO,0,8.353494560558023,0.0,0.00347926897276553,14.99
4696,Puzzler World,0,3.050148343818057,0.0,0.007746296958232689,4.99
4697,Might & Magic Heroes Online,0,0.2005546290262468,0.15422950819672132,0.019464212272169427,0.0
4700,Outcast 1.1,0,4.1602820912818865,0.0,0.01047063021049249,4.79
4702,HIT,0,0.16751613854082179,0.002622950819672131,0.013424726508123602,0.0
4704,Disciples III - Renaissance Steam Special Edition,0,0.42214581594452644,1.3041311475409838,0.006564658439180245,9.99
4711,eversion,0,3.933291339868711,0.24445901639344264,0.031083657709518462,3.99
4714,Basingstoke,0,2.90082703877152,0.0,0.0004267027985467159,23.79
4715,Deus Ex: Mankind Divided,18,0.7843266466255006,0.5125245901639345,0.7636995395220337,19.99
4716,Deadnaut,0,0.7426112558943871,0.2565245901639345,0.0008534055970934322,7.19
4717,"Dimmdrive :: Gaming Ramdrive @ 10,000+ MB/s",0,0.7175802763355519,0.0,0.009059228646068737,11.39
4719,Sentinels of the Multiverse,0,2.3477932081416393,0.09757377049180328,0.021236670050748092,6.99
4721,Royal Bounty HD,0,0.5158439168114107,0.0,0.0014442248566196541,1.99
4723,Ostrich Island,0,2.1717642408397793,0.1500327868852459,0.004299851277663061,3.99
4725,Still Not Dead,0,2.3880127329177716,0.08236065573770493,9.84698765877038e-05,7.19
4726,Paint the Town Red,0,3.6787811910594317,0.1836065573770492,0.16874454517912818,11.39
4727,Finding Paradise,0,20.486982892570154,0.08708196721311476,0.21666655178514396,6.99
4728,Flywrench,0,8.396170465260159,0.0,0.0027571565444557034,4.99
4729,Dead Island Retro Revenge,16,0.39443832573586,0.17783606557377052,0.0022648071615171844,3.99
4730,Karos,0,0.4027518134254191,0.0005245901639344263,0.00777912025042859,0.0
4731,Final Dusk,0,1.123211468133697,0.27016393442622955,0.007122654406510566,1.99
4733,Zombie Vikings,0,1.535048870465879,0.0,0.004135734816683554,8.99
4734,Four Sided Fantasy,0,1.6700315271687942,0.0,0.004102911524487654,6.99
4736,Bermuda,0,0.40565724915079576,0.1537049180327869,0.003709032018136838,2.09
4739,Star Hammer: The Vanguard Prophecy,0,1.18089428436678,0.0,0.0005908192595262224,14.99
4740,Drakensang: The River of Time,0,1.5449576494090722,0.0,0.0029869195898270117,14.99
4742,The Sea Will Claim Everything,0,18.38233217554626,0.0,0.001542694733207358,6.99
4745,The Mims Beginning,0,1.4643842229921686,0.0,0.003544915557157332,12.99
4746,Avernum 2: Crystal Souls,0,2.323998875672525,0.0,0.0016739879019909624,14.99
4747,One Late Night: Deadline,0,0.0771828360698211,0.0,0.0007221124283098269,5.79
4750,Nameless ~The one thing you must recall~,0,5.498088570491572,0.0,0.013457549800319503,22.99
4751,X-note,0,1.738729325197451,0.5686557377049181,6.564658439180268e-05,11.39
4752,The SKIES,0,0.26457631427002454,0.024655737704918034,0.12029736589797799,0.0
4753,ClusterPuck 99,0,1.3080906497426419,0.0,0.0,7.19
4755,Vagrant Hearts,0,1.1626046111424833,0.0,0.0,6.99
4758,Anoxemia,0,0.6724985174607506,0.1495081967213115,0.00886228889289333,2.79
4759,Mahjong Pretty Girls Battle,0,0.6217978872255685,0.15422950819672132,0.007221124283098269,10.99
4765,Marble Duel,0,0.7096457992026303,0.10491803278688526,0.0044639677386425665,3.99
4766,Strategy & Tactics: Wargame Collection,0,0.7849228538948382,0.0,0.0029869195898270117,6.99
4767,Venetica - Gold Edition,0,1.2302764028789557,0.020459016393442626,0.00669595160796385,6.99
4768,Ratz Instagib,0,2.19822605301179,0.04459016393442623,0.07894001773114244,6.99
4769,Batla,0,0.49447353958531065,0.12118032786885247,0.09072357962947097,0.0
4770,Just Get Through,0,2.868713063680485,0.0,0.00321668263519832,3.99
4775,Pixel Heroes: Byte & Magic,0,1.394039325118842,0.5387540983606558,0.008927935477285133,6.99
4778,The Technomancer,0,0.7838465146590522,0.03514754098360656,0.05570112685644438,23.99
4779,Trouble In The Manor,0,0.4894588947662036,0.12275409836065575,0.006860068068943355,0.79
4780,Navy Field 2 : Conqueror of the Ocean,0,0.2685623375748286,0.02255737704918033,0.03981465343362818,0.0
4781,Terra Lander,0,0.5248369236288742,0.0,0.003380799096177826,2.09
4784,Death Ray Manta SE,0,1.3447978966459218,0.0,0.0026586866678679996,0.99
4785,Seven Kingdoms 2 HD,0,1.4442655823302173,0.0,0.0031510360508065177,6.99
4786,Demise of Nations,0,1.299495782358655,0.0,0.006367718686004838,0.0
4790,MOAI: Build Your Dream,0,1.4531290394399798,0.0,0.0009190521814852345,4.99
4791,Arma 2,0,1.80543283987442,0.6625573770491804,0.06515423500886393,7.99
4792,Ukrainian Ninja,0,0.3502225687249905,0.028852459016393446,0.0032495059273942215,0.0
4793,Disney's Chicken Little,0,1.9764950801859733,0.0,0.001050345350268839,7.19
4796,Fork Parker's Holiday Profit Hike,0,1.777017987198585,0.007344262295081968,0.016969642065280933,0.0
4797,Morningstar: Descent to Deadrock,0,5.492501906423123,0.0,0.00938746156802775,6.99
4798,Tales of the Orient: The Rising Sun,0,2.0783946893021614,0.22504918032786886,0.00725394757529417,6.99
4799,Dead Synchronicity: Tomorrow Comes Today,0,2.075259316826241,0.0,0.01926727251899402,7.99
4800,Oceanhorn: Monster of Uncharted Seas,0,1.4408186823217497,0.07344262295081967,0.046806014671355145,10.99
4801,RESCUE 2: Everyday Heroes,0,0.448603897132889,0.0,0.002625863375672098,17.99
4802,ZOMBI,0,0.6571618640223801,0.0760655737704918,0.05061351656607969,16.99
4803,10 Years After,0,0.006758898878806957,0.0,9.84698765877038e-05,4.79
4805,Strife®,0,1.1261856996793453,0.04091803278688525,0.15669839694323245,0.0
4806,Castle,0,0.7006250880840004,0.09547540983606558,0.004792200660601579,3.99
4807,Arma 2: Operation Arrowhead,18,4.417534355598519,0.5875409836065574,0.6269905275261052,11.99
4809,Resident Evil 0 / biohazard 0 HD REMASTER,18,2.092515833282486,0.06924590163934427,0.08169717427559814,15.99
4810,Choice of Robots,0,13.151119771927158,0.0,0.05478207467495914,4.79
4811,Runestone Keeper,0,2.1993168337737417,0.41914754098360657,0.07063572480557943,6.99
4812,Critical Annihilation,0,4.219266288361645,0.0,0.0030853894664147155,4.79
4813,Retention,0,0.13750599499543617,0.10806557377049181,0.01824975046092108,0.79
4814,Fish Fillets 2,0,0.9819940854119819,0.0,0.0035120922649614313,3.99
4816,Psy High,0,1.6747154679522045,0.0,0.001050345350268839,4.79
4818,Enemy,0,2.097206924925847,0.0,0.001050345350268839,10.99
4819,Ember,0,1.1681710332611461,0.0,0.015656710377444885,6.99
4821,VEGA Conflict,0,0.373713718251915,4.2838032786885245,0.08839312588356199,0.0
4822,Freestyle 2: Street Basketball,0,0.9592905264072399,0.39606557377049184,0.2584177794583304,0.0
4824,"I, Gladiator",0,0.6037143971298546,0.0,0.0013457549800319503,5.59
4827,rFactor,0,2.1228124679007627,0.0,0.007877590127016294,18.99
4828,Pound of Ground,0,0.5577389816366808,0.0,0.0008862288892893329,8.99
4829,HuniePop,18,9.540857074674292,0.4091803278688525,0.6030295242230973,6.99
4833,Alternativa,0,0.3170262192997481,0.0,0.0022648071615171844,9.99
4834,Uncraft World,0,2.178824592750301,0.0,0.011028626177822812,6.99
4835,Half-Life 2: Lost Coast,0,2.123942124022086,0.015213114754098362,0.2200145275891259,0.0
4836,Headlander,0,3.4518620726887033,0.0,0.01765893120139486,14.99
4838,Survivalist,0,1.4498863111166767,0.033049180327868855,0.06285660455515084,3.99
4839,Battle Ranch: Pigs vs Plants,0,0.32762094192957364,0.1620983606557377,0.02359994708885298,0.79
4840,Alpha Protocol™,16,1.4694633937792498,0.11226229508196722,0.12466286376003285,9.99
4841,Moorhuhn (Crazy Chicken),0,2.7143888026171226,0.0,0.00452961432303437,1.59
4844,Basement,0,1.3388123660746063,0.7281311475409836,0.03968336026484458,6.99
4845,FINAL FANTASY TYPE-0™ HD,16,0.5276889276278537,0.03829508196721312,0.07559204192716051,19.99
4847,Bloop,0,0.24463940101071077,0.0010491803278688525,0.008205823048975306,3.99
4849,Shadows of War,0,0.1682560305456783,0.12485245901639346,0.001378578272227852,2.09
4851,TIMEframe,0,0.7500297515084865,0.0,0.014278132105217034,4.79
4852,Cubot,0,4.818132767323808,0.0,0.005251726751344195,1.59
4854,Total War: NAPOLEON – Definitive Edition,0,3.562736076337343,0.8047213114754099,0.30679931215508877,0.0
4855,Teddy Floppy Ear - Mountain Adventure,0,3.10573491914064,0.18308196721311476,0.015492593916465376,3.99
4856,Teddy Floppy Ear - Kayaking,0,1.4306626375647808,0.18308196721311476,0.012046148235895749,3.99
4857,Sinless + OST,0,0.8866828130689214,0.12013114754098361,0.003282329219590122,3.99
4859,Domestic Dog,0,1.5850960681161261,0.44065573770491806,0.012275911281267057,1.99
4860,Quintet,0,1.1113935251926528,0.005245901639344262,0.008632525847522022,0.0
4861,Tomb of Tyrants,0,2.5853642095477394,0.0,0.0047265540762097755,5.59
4868,Spartans Vs Zombies Defense,0,0.2620788466657465,0.0,0.020580204206830068,0.0
4869,You Are Not A Banana: Better Edition,0,0.6024833611107651,0.1521311475409836,0.0009846987658770367,0.79
4871,Subterrain,0,1.4538121574269314,0.15580327868852462,0.02468311573131772,12.99
4873,Tallowmere,12,5.25949146638842,0.2554754098360656,0.01716658181845634,2.89
4874,TDP4:Team Battle,0,0.23523383359001124,0.019409836065573772,0.016674232435517824,0.0
4877,Armed with Wings: Rearmed,0,2.790632706731792,0.0,0.006925714653335158,7.19
4879,Ninja Guy,0,0.07878378870897848,0.0,0.0018381043629704685,1.59
4883,Sunrider Academy,0,2.0168292606936986,0.18622950819672132,0.028392147749454557,6.99
4885,Death Goat,0,1.301928888382544,0.0010491803278688525,0.006827244776747454,1.99
4886,Unhack,0,2.34960441864744,0.0,0.0050547869981687876,2.79
4887,Deepworld,0,0.4835386944329631,0.3436065573770492,0.02002220823949975,0.0
4888,Razenroth,0,1.6838603047563943,0.14426229508196722,0.011947678359308045,3.99
4890,RaidersSphere4th,0,1.0862009749145092,0.15527868852459017,0.0007549357205057284,14.99
4897,Mad Games Tycoon,0,3.3532224618102466,0.07554098360655738,0.11399529379636494,10.99
4899,Chronicles of Teddy,0,0.8476564341257679,0.0,0.004956317121581084,10.99
4900,Colonial Conquest,0,0.5698529209402312,0.0,0.0033479758039819253,6.99
4902,The Lady,0,0.28686864812861784,0.08340983606557378,0.002724333252259802,0.0
4905,On A Roll 3D,0,2.8340775470378703,0.08708196721311476,0.004267027985467159,2.79
4906,Glorkian Warrior: The Trials Of Glork,0,3.403089610117107,0.1437377049180328,0.005251726751344195,2.79
4907,Age of Fear 2: The Chaos Lord GOLD,0,2.6760750899452552,0.0,0.004168558108879455,14.99
4912,Greyfox RPG,0,1.0111723144723506,0.14531147540983608,0.04785636002162398,1.59
4915,Vulture for NetHack,0,0.8169297827095029,7.194229508196722,0.001542694733207358,2.09
4920,Camera Obscura,0,0.947897846083044,0.09862295081967214,0.04621519541182892,1.59
4923,TRIP Steam Edition,0,0.30154603667953134,0.0,0.005120433582560591,3.99
4924,Super Cyborg,0,3.3604137054149708,0.0,0.011324035807585921,3.99
4931,Crest - an indirect god sim,0,1.0596257975302645,0.019409836065573772,0.0055471363811073066,6.99
4932,Among Ripples,0,0.8366714607461335,0.003672131147540984,0.039519243803865074,0.0
4933,Dustoff Heli Rescue,0,2.0957296820102065,0.0,0.007976060003603997,2.89
4938,Keep Talking and Nobody Explodes,0,19.133799193828732,0.131672131147541,0.18906216304839105,10.99
4940,SickBrick,0,0.4528245910129702,0.0,0.003643385433745036,14.99
4941,TEMBO THE BADASS ELEPHANT,12,1.0811324294034879,0.0,0.01099580288562691,9.99
4943,Sonic & SEGA All-Stars Racing,0,1.3095034623270112,0.4506229508196722,0.02254960173858414,4.99
4946,Hatred,18,1.293833017976726,0.10806557377049181,0.22756388479418319,4.79
4947,Lux Delux,0,1.1684240526403997,0.04144262295081968,0.004267027985467159,6.99
4948,Dispatcher,0,0.4338737962433046,0.15108196721311476,0.022713718199563648,3.19
4949,BiT Evolution,0,0.48153914760588795,0.0,0.0015098714410114564,6.99
4953,Games of Glory,0,0.4423227070399832,0.057180327868852465,0.015820826838424392,0.0
4954,Arizona Sunshine,18,2.1558668959161937,0.06714754098360656,0.11862337799598702,29.99
4955,Skyworld,0,1.6884327231584895,0.0,0.0018052810707745678,23.79
4956,MechWarrior Online™ Solaris 7,0,1.1007576545835003,0.05455737704918033,0.18315397045312884,0.0
4957,Air Guardians,0,0.25537373939924146,0.0,0.00187092765516637,0.79
4960,Nevermind,0,1.0751710499801854,0.0,0.007319594159685973,15.49
4961,Zombie Kill of the Week - Reborn,0,4.433407881990093,0.0,0.022943481244934956,4.99
4962,RIOT: Civil Unrest,0,0.7979355070395011,0.01678688524590164,0.02248395515419234,12.99
4963,Into The Gloom,0,1.4607262885009427,0.0,0.0023961003303007897,1.99
4965,Sakura Angels,0,2.1470001141827484,0.6017049180327869,0.06453059245714181,6.99
4967,Gunscape,0,0.8360254417340188,0.0918032786885246,0.035252215818397915,0.0
4968,Shipwreck,0,1.8535127928580593,0.0,0.0023961003303007897,1.99
4974,Phantasmal: Survival Horror Roguelike,16,0.49436239514180774,0.0,0.0032495059273942215,10.99
4975,Airships: Conquer the Skies,0,7.09513207210764,0.11436065573770493,0.06817397789088683,11.39
4976,HIS (Heroes In the Sky),0,0.18845314169818278,0.06085245901639345,0.012932377125185081,0.0
4977,12 Labours of Hercules,0,5.833154109173374,0.18308196721311476,0.0803185960033703,1.99
4978,HyperRogue,0,5.597850425454865,0.0,0.003938795063508147,3.99
4979,"It came from space, and ate our brains",0,1.899214769575781,0.0,0.010897333009039206,6.99
4980,Witch's Pranks: Frog's Fortune Collector's Edition,0,1.9365903380470229,0.0,0.0011816385190524443,4.99
4981,Pixel Privateers,0,0.9628372292680895,0.0,0.024486175978142316,10.99
4990,Project: Gorgon,0,2.07854120204186,0.0,0.019726798609736636,30.99
4991,Pixel Survivors,0,0.655066172350774,0.14740983606557378,0.00456243761523027,2.79
4992,Destination Sol,0,1.4564864096678836,0.04563934426229509,0.039453597219473266,0.0
4993,15 Days,0,0.14124918941492895,0.0,3.2823292195901556e-05,8.99
4996,World of Subways 4 – New York Line 7,0,0.41715292021745815,0.0,0.0035120922649614313,13.5
4997,SimpleRockets,0,2.2811625352167666,0.33363934426229513,0.0055471363811073066,5.59
4998,Overture,0,1.36061357589129,0.2775081967213115,0.032987408656880726,3.99
5003,Top Trumps Turbo,0,0.1461894649832806,0.0,0.0028556264210434063,2.09
5005,Disillusions Manga Horror,0,0.47575322504383527,0.08288524590163936,0.014048369059845722,0.79
5006,Zotrix,0,0.6143120088330796,0.17259016393442625,0.0029212730054352094,9.99
5008,Tiamat X,0,0.17801052290636438,0.1259016393442623,3.2823292195901556e-05,1.59
5009,Particula,0,0.776257312524012,0.17783606557377052,0.061248263237551684,0.79
5011,Elementary My Dear Majesty!,0,0.8306257704640099,0.0,0.001378578272227852,0.79
5014,Crash Drive 2,0,2.3230934465217454,0.24655737704918035,0.020547380914634168,3.99
5015,Bob Was Hungry,0,2.7826476105133278,0.007344262295081968,0.011028626177822812,6.99
5017,CroNix,12,0.2753305750511673,0.00839344262295082,0.011586622145153132,0.0
5019,Kholat,0,0.7846642123065417,0.15895081967213115,0.1208225385731124,14.99
5020,InMind VR,0,1.4020638543854018,0.0005245901639344263,0.009453108152419553,0.0
5021,Firefly Online Cortex,0,0.2899946639550984,0.0,0.015623887085248983,0.0
5027,Trash TV,0,4.213931800225867,0.0,0.0002954096297631114,5.69
5028,Tacoma,0,2.184280319034572,0.0099672131147541,0.07559204192716051,14.99
5029,Fort Defense,0,0.8837645892953084,0.17416393442622952,0.003380799096177826,3.99
5031,Voxelized,0,0.12909685600818446,0.09809836065573771,0.11593186803592312,2.79
5032,Death to Spies: Moment of Truth,0,2.323998875672525,0.0010491803278688525,0.006630305023572047,4.99
5034,Cataegis : The White Wind,0,0.7345467316660945,0.16891803278688525,0.008238646341171206,3.99
5036,Immortal Empire,0,0.8425353253003349,0.10963934426229509,0.005251726751344195,0.0
5037,XIII Century – Gold Edition,0,0.31694786710680295,0.0,0.00039387950635081477,3.99
5039,Pixel Puzzles 2: Birds,0,1.2537012538942025,0.14531147540983608,0.004234204693271258,6.99
5040,Man O' War: Corsair - Warhammer Naval Battles,0,0.6436573228944366,0.0,0.015755180254032587,22.99
5043,Heckabomb,0,0.660234993136443,0.11331147540983608,0.005350196627931899,4.99
5044,Front Office Football Seven,0,1.6663658345821686,0.0,0.0008534055970934322,11.39
5045,Magnetic: Cage Closed,0,0.7542403501472449,0.0,0.005579959673303207,11.99
5046,Sacra Terra: Angelic Night,0,2.5024808617888072,0.0,0.00400444164789995,1.99
5047,Quell,0,27.34427217182884,0.10859016393442623,0.0038403251869204434,2.89
5048,Three Fourths Home: Extended Edition,0,0.5925764549569758,0.09967213114754099,0.0022648071615171844,3.99
5049,Princess Evangile All Ages Version,0,3.3828747078493495,0.13219672131147542,0.0029212730054352094,26.99
5050,CRYPTARK,0,2.0759451794713306,0.0,0.020777143960005476,10.99
5051,Reign Of Kings,0,0.46357585325701783,1.742688524590164,0.45863986185332783,7.19
5052,fault - milestone two side:above,0,17.19350340060365,0.16104918032786886,0.06000097813410743,10.99
5053,World of Mixed Martial Arts 3,0,0.8839560566623618,0.0,0.0005579959673303208,14.99
5054,Total Extreme Wrestling 2010,0,1.0985907538972368,0.0,0.00026258633756720984,11.39
5055,Forsaken Fortress Strategy,0,0.1728518972236353,0.0,0.0028228031288475056,6.99
5056,Gratuitous Space Battles 2,0,0.2453984291899862,0.0,0.004365497862054863,6.99
5057,Big Pharma,0,1.1271683687182887,0.5912131147540984,0.041652757796598654,18.99
5058,Crystal Story II,0,4.867406591673483,0.0,0.0039716183557040475,2.09
5062,Sun Blast: Star Fighter,0,0.579651752242994,0.11855737704918033,0.01628035292916701,0.79
5065,Ascent - The Space Game,12,0.8425353253003349,0.0,0.006892891361139257,14.99
5068,Stay Alight,0,1.6572571434584553,0.1935737704918033,0.002625863375672098,2.79
5069,Flame Over,0,1.025926375620626,0.0,0.0013457549800319503,8.99
5070,Ancient Planet Tower Defense,0,1.5394134518773788,0.0,0.011586622145153132,4.79
5071,Vox Populi Vox Dei 2,0,2.642170176640774,0.0,0.010667569963667897,1.99
5072,Dark Matter,0,0.5224660398422695,0.0,0.0008205823048975307,3.99
5073,Crystal Rift,0,0.4904591114116879,0.024131147540983607,0.0005251726751344197,6.99
5074,Victor Vran ARPG,0,2.7380999054214623,0.16052459016393444,0.15331759784705462,15.99
5075,Tasty Blue,0,3.5641567345880683,0.0,0.007319594159685973,4.79
5076,Agent Awesome,0,0.6059623750789606,0.15895081967213115,0.021335139927335798,1.69
5078,SHOGUN: Total War™ - Collection,0,1.3709406186883049,0.0,0.0052189034591482945,6.99
5079,Medieval: Total War™ - Collection,0,0.7233984246255268,0.09704918032786886,0.01815128058433338,6.99
5082,Eden Rising: Supremacy,0,1.2522240109785616,0.0,0.003938795063508147,12.99
5084,LIGHTNING RETURNS™: FINAL FANTASY® XIII,16,1.5023517807316749,1.384393442622951,0.08409327460589894,12.99
5085,King's Quest,0,2.9891917941499764,0.029377049180327873,0.06085438373120086,0.0
5086,The Cursed Forest,0,3.0980824085811878,0.0,0.006991361237726961,6.99
5087,Vapour,0,0.21936428245896442,0.20249180327868854,0.001378578272227852,6.99
5088,War of Omens Card Game,0,2.415447243330341,0.0,0.006958537945531059,0.0
5090,Inbetween Land,0,1.383096785628897,0.0,0.0009190521814852345,4.99
5091,Universal Combat CE,0,0.21184846478550176,0.0,0.004989140413776986,6.99
5092,The Fruit of Grisaia,0,7.1297341570012644,2.196459016393443,0.02064585079122187,29.99
5096,Without Within,0,2.902617636303219,0.0015737704918032788,0.06265966480197543,0.0
5097,RIDE,0,1.066672487219317,0.0,0.043129805945414205,14.99
5099,Echo Tokyo: An Intro,0,0.6899916660048824,0.0,0.0012472851034442465,1.69
5101,Idol Hands,0,0.27133475416947594,0.16629508196721313,0.0006564658439180246,3.99
5102,Shantae and the Pirate's Curse,0,5.6765514446306735,0.28852459016393445,0.04844717928115021,14.99
5103,Super Galaxy Squadron EX Turbo,0,2.069467586927071,0.11068852459016394,0.004431144446446666,7.19
5104,The Note,0,0.08499374674223842,0.1337704918032787,0.007483710620665478,3.19
5106,Order of War™,0,1.00452957616289,0.30898360655737706,0.008796642308501528,5.99
5107,Besiege,0,7.233783945360015,0.16262295081967215,0.8909554433655428,6.99
5108,Joe's Diner,0,0.14925317484235184,0.0,0.002035044116145876,5.59
5112,ARK: Survival Evolved,0,0.7827225487294877,0.7711475409836066,6.943373584536554,44.99
5113,Boring Man - Online Tactical Stickman Combat,0,2.195437589423441,0.27226229508196725,0.13556019676907205,0.0
5115,Hidden Object Bundle 5 in 1,0,0.6047695703118126,0.0,0.00045952609074261744,6.99
5118,David.,0,1.3729358557184357,0.1259016393442623,0.020547380914634168,1.59
5120,Garden Rescue,0,1.267587336686694,0.11488524590163936,0.00036105621415491364,2.79
5122,The Old Tree,0,3.3457819666819,0.006819672131147541,0.09856834646429137,0.0
5125,BrainBread 2,0,0.791251839678105,0.02255737704918033,0.10815274778549452,0.0
5128,The Spatials,0,1.0373601079033636,0.0,0.005415843212323702,6.99
5132,Vector 36,0,1.4725664456587113,0.0,0.0029212730054352094,19.49
5133,Tennis Elbow 2013,0,4.00481986714699,0.0,0.008107353172387602,19.49
5137,Hero of the Kingdom II,0,6.388878802871963,0.21088524590163937,0.0457228460288904,5.59
5138,Racecraft,0,0.25134852732322105,0.0,0.0007221124283098269,0.0
5139,Plazma Being,0,1.2296308850953421,0.11331147540983608,0.00882946560069743,1.59
5142,GOCCO OF WAR,0,2.9501613758044107,0.0,0.027407448983577522,14.99
5143,Merchant,0,1.4346635037626347,0.002098360655737705,0.003118212758610616,0.0
5148,Marble Age,0,1.9694769493830795,0.0,0.014409425274000636,4.79
5149,FINAL FANTASY IV: THE AFTER YEARS,12,0.5864798970875159,0.0,0.005120433582560591,10.99
5150,Chip's Challenge 1,0,3.5047586771677186,0.0,0.008172999756779405,1.69
5151,AdVenture Capitalist,0,3.1448770937741544,0.2035409836065574,1.2869028171246994,0.0
5153,Shadowrun: Hong Kong - Extended Edition,0,2.205356651808697,0.40236065573770496,0.08255057987269157,14.99
5154,The Dark Stone from Mebara,0,0.5844149339877418,0.1117377049180328,0.00213351399273358,5.99
5155,OBEY,0,2.604600971500889,0.0,0.006597481731376146,10.99
5156,InnerSpace,0,0.7057784487550092,0.0,0.0010175220580729383,14.99
5157,The Bluecoats: North vs South,0,0.25360783994995134,0.0,0.005284550043540098,3.99
5162,Steredenn,0,2.5519962825009883,0.0760655737704918,0.01920162593460222,9.99
5163,Combat Air Patrol 2: Military Flight Simulator,0,0.3915286047948602,0.0,0.00295409629763111,22.99
5170,Rise & Shine,0,0.7968111416634683,0.15108196721311476,0.018873393012643205,10.99
5172,001 Game Creator,0,1.6267050751142904,0.0,0.000951875473681136,46.49
5173,Frankenstein: Master of Death,0,1.9658752696293496,0.11855737704918033,0.054027138954453414,3.99
5174,Pneuma: Breath of Life,0,0.8350042833392617,0.0,0.0022648071615171844,15.99
5176,Rats - Time is running out!,0,2.8749752889000533,0.08655737704918033,0.005776899426478615,3.99
5178,Terra Incognita ~ Chapter One: The Descendant,0,0.7354576009705074,0.11488524590163936,0.029803549313878314,0.79
5180,Heroes of Hellas 3: Athens,0,5.4881123849568345,0.0,0.00026258633756720984,1.99
5181,Total Miner,0,1.1655819998515644,0.0,0.008501232678738417,2.09
5182,Hidden Object Bundle 4 in 1,0,5.477138580714991,0.0,0.0017724577785786662,5.59
5183,Gaokao.Love.100Days,0,8.149642680685949,0.16891803278688525,0.15449923636610705,6.99
5185,Karate Master 2 Knock Down Blow,0,1.9913245449209072,0.09914754098360656,0.01207897152809165,7.99
5187,Perils of Man,0,1.4950636755832762,0.0,0.0018381043629704685,6.99
5188,Soda Drinker Pro,0,4.304850032132886,0.0,0.0060394857640458256,3.99
5192,Fairy Fencer F,0,3.633908806275963,0.12013114754098361,0.06909303007237208,15.49
5194,Forsaken Isle,0,0.6656243022273447,0.0,0.007089831114314665,5.49
5196,Peggle Deluxe,0,6.382643687008773,0.13324590163934427,0.03518656923400611,4.25
5199,Bloodbath Kavkaz,18,0.7503348252919875,0.1940983606557377,0.09794470391256925,3.19
5200,Project Freedom,0,1.1281356110578058,0.0,0.0001969397531754076,2.99
5203,Combat Wings: Battle of Britain,0,1.3647869914410033,0.013114754098360657,0.012275911281267057,4.99
5204,Nimble Writer,0,2.278943826707634,0.0,0.006236425517221231,6.99
5205,Gun Wings,0,2.226834985588215,0.0,0.00400444164789995,2.79
5206,Google Earth VR,0,9.618744976010005,0.013114754098360657,0.05773617097259025,0.0
5207,Social Justice Warriors,0,0.3756107206411356,0.0,0.00026258633756720984,5.79
5209,Hospital Manager,0,0.25290310038656444,0.0,0.0031510360508065177,3.99
5210,Peggle Extreme,0,4.62818239271874,0.0005245901639344263,0.021827489310274315,0.0
5211,Sniper: Ghost Warrior,0,0.4226666584196026,0.06452459016393443,0.1237766348707435,5.99
5213,Siege Wars,0,0.8425353253003349,0.0,0.0009846987658770367,1.59
5214,Doodle God,0,1.1709180988320425,0.19042622950819674,0.01788869424676617,8.99
5215,The Interview,0,0.10787161957679747,0.0,0.001706811194186864,1.59
5219,Lex Mortis,0,0.29359457807862144,0.11068852459016394,0.001280108395640148,3.99
5220,Bierzerkers,0,0.28516214521693106,0.007868852459016393,0.01506589111791866,3.99
5221,SAMURAI WARRIORS 4-II,0,1.2986712749170453,0.0,0.02862191079482587,39.99
5222,Beyond Sol,0,1.494676494810027,0.0,0.0020022208239499745,6.99
5223,Autobahn Police Simulator,0,0.15269655472881669,1.1981639344262296,0.012965200417380982,8.99
5225,Divine Slice of Life,0,0.8311910974486741,0.14898360655737705,0.005284550043540098,7.19
5226,GUILTY GEAR XX ACCENT CORE PLUS R,0,3.834444524200512,0.0,0.020448911038046465,10.99
5228,Voices from the Sea,0,5.492501906423123,0.009442622950819672,0.03472704314326349,0.0
5230,Sniper: Ghost Warrior 2,18,0.9016141934976057,0.11960655737704919,0.30850612334927563,6.99
5231,Walkover,0,0.5608743541126008,0.0,0.0005579959673303208,0.0
5232,Saint Seiya: Soldiers' Soul,0,3.9589994219043168,0.0,0.053830199201278,39.99
5233,Abyss Raiders: Uncharted,0,0.21993479725463702,0.1437377049180328,0.0008205823048975307,3.99
5235,Wooden Floor,0,0.38716402376744374,0.0,0.0029212730054352094,1.69
5238,FIM Speedway Grand Prix 15,0,3.787172752820419,0.6426229508196721,0.004299851277663061,19.99
5241,Night Mysteries: The Amphora Prisoner,0,0.6088847469505146,0.11908196721311476,0.0002954096297631114,1.69
5243,Ame no Marginal -Rain Marginal-,0,2.05111694780145,0.14216393442622952,0.007352417451881874,9.99
5247,Bad Rats: the Rats' Revenge,0,1.2946909026275197,0.14478688524590166,0.43805965764649774,0.79
5249,NARUTO SHIPPUDEN: Ultimate Ninja STORM 4,0,1.8729806088596144,0.33311475409836067,0.6791795621175881,24.99
5252,Corrosion: Cold Winter Waiting [Enhanced Edition],0,0.8452593193809321,0.0,0.00187092765516637,5.59
5255,Razor2: Hidden Skies,0,0.06854959839579514,0.014688524590163936,0.003380799096177826,6.99
5256,The Black Watchmen,0,3.779334321438577,0.05770491803278689,0.014376601981804736,7.19
5258,Copy Kitty,0,28.17645231448071,0.0,0.0016083413175991602,11.39
5260,The Rainy Port Keelung 雨港基隆,0,2.6445254032780667,0.19095081967213115,0.00725394757529417,18.99
5261,The Undying Plague,0,0.22068642760850085,0.1799344262295082,0.0014442248566196541,0.79
5264,Cubicle Quest,0,1.1492683906109982,0.20511475409836066,0.016247529636971108,2.99
5271,Supercharged Robot VULKAISER,0,7.38358763463655,0.0,0.004070088232291751,3.99
5274,Audition Online,0,0.6498692286133132,0.06504918032786886,0.0348255130198512,0.0
5277,Galaxy of Pen & Paper +1,0,1.22998761844562,0.04354098360655738,0.00213351399273358,11.39
5282,Mini Ninjas,0,2.2394599405996356,0.027803278688524592,0.05849110669309598,7.99
5284,Time Mysteries: Inheritance - Remastered,0,0.2559200462025958,0.15318032786885247,0.014442248566196537,6.99
5285,The Gate,0,0.5944816290991405,0.0,0.003774678602528641,0.0
5286,Environmental Station Alpha,0,3.700210531961433,0.12537704918032788,0.015459770624269476,5.59
5287,Wolfenstein: The Old Blood,18,2.899147574928996,0.14478688524590166,0.24253130603551415,14.99
5289,TransOcean 2: Rivals,0,0.28032666711814913,0.0,0.010831686424647404,22.49
5290,Scraps: Modular Vehicle Combat,0,1.0985907538972368,0.0,0.001050345350268839,9.99
5293,Dead Sea,0,0.10288706152659102,0.0,0.0064661885625925414,3.99
5294,BLADESTORM: Nightmare,0,0.5224660398422695,0.0,0.006400541978200738,49.99
5299,Fly in the House,0,0.3160213506392395,0.14740983606557378,0.00187092765516637,6.99
5300,Airport Firefighters - The Simulation,0,0.189593982704705,0.0,0.001542694733207358,13.49
5303,BIOS,0,0.6962179375855455,0.022032786885245903,0.0028228031288475056,10.99
5307,Sherlock Holmes: The Devil's Daughter,0,1.0337885487178506,0.22504918032786886,0.09883093280185859,29.99
5309,Red Stone Online,0,0.5146276084604281,0.006295081967213115,0.004693730784013875,0.0
5311,The Bug Butcher,0,3.8664942713720913,0.03514754098360656,0.030558485034384044,5.59
5312,Giana Sisters 2D,0,0.7145076111939254,0.0,0.0008534055970934322,5.59
5313,MANOS,0,1.5210822108708797,0.004721311475409836,0.0017396344863827647,2.09
5315,Pixel Puzzles 2: Anime,0,1.1362071440352863,0.1458360655737705,0.022812188076151353,6.99
5317,Streets of Fury EX,0,6.927617272480654,0.0,0.007418064036273677,6.99
5318,Planet of the Eyes,0,1.6274921306086554,0.0,0.007483710620665478,4.99
5319,Bloodwood Reload,0,0.16880532436363344,0.0010491803278688525,0.007188300990902367,0.0
5321,Pixel Puzzles Ultimate,0,0.8704123275313683,0.10701639344262295,0.03830478199261673,0.0
5325,Regency Solitaire,0,6.241965012773599,0.14426229508196722,0.009846987658770366,6.99
5326,Niffelheim,0,1.4042485427301699,0.0,0.0267838064318554,14.99
5327,Rustbucket Rumble,0,0.3980754767200681,0.07344262295081967,0.009288991691440046,0.0
5328,DRAGON: A Game About a Dragon,0,0.8181864962230146,0.10649180327868853,0.014212485520825229,1.59
5331,Counter Spell,0,3.128744508295908,0.0,0.0009846987658770367,6.99
5333,Avalanche 2: Super Avalanche,0,2.398564467810016,0.26649180327868854,0.0030197428820229123,3.99
5334,SURVIVAL,0,0.3550665108639881,0.024131147540983607,0.24699527377415673,5.79
5335,Lara Croft and the Guardian of Light,0,4.007574893609185,0.029901639344262296,0.08675196127376693,7.99
5336,Ceres,0,0.4127279989601567,0.0,0.00078775901270163,14.99
5339,Belladonna,0,1.039302752044681,0.21036065573770493,0.015525417208661277,5.19
5340,Batman: Arkham Asylum Game of the Year Edition,0,8.958752363149763,0.2859016393442623,0.6913241802300716,14.99
5344,Sometimes: Success Requires Sacrifice,0,1.0744176889476806,0.1537049180327869,0.015197184286702267,0.79
5345,Age of Fear: The Undead King,0,5.030870548204087,0.0,0.006531835146984343,14.99
5346,Intergalactic Bubbles,0,1.5854567095123806,0.3257704918032787,0.03354540462421105,0.79
5347,Quiplash,0,3.010471286550185,0.0,0.009978280827553972,6.99
5348,Fire With Fire Tower Attack and Defense,0,0.32303825429649224,0.0,0.00347926897276553,0.0
5349,Eternal Senia,0,17.04565515926408,0.08131147540983608,0.33588074904065723,0.0
5351,UnReal World,0,8.303990511011364,0.0,0.015394124039877674,7.99
5352,Hyperdimension Neptunia Re;Birth2: Sisters Generation / 超次次元ゲイム ネプテューヌRe;Birth2 / 超次次元遊戲 戰機少女 重生2,0,4.452528903944938,0.042491803278688525,0.07946519040627686,19.49
5354,On My Own,0,0.5919278848646273,0.0,0.0008534055970934322,3.99
5355,Invisible Apartment,0,0.9349379363877862,0.006295081967213115,0.01020804387292528,0.0
5356,Dev Guy,0,1.4576486494826182,0.0099672131147541,0.053895845785669805,0.0
5359,Cultures - Northland,0,1.8340691122571084,0.0,0.005842546010870418,3.99
5360,Cultures - 8th Wonder of the World,0,1.263197815220406,0.0,0.0028228031288475056,3.99
5361,Valhalla Hills,0,0.3681721973956431,0.06609836065573771,0.024748762315709525,11.49
5362,Crazy Machines 3,0,9.276607207646494,0.09075409836065575,0.1046406555205331,7.99
5363,The Descendant,0,2.554328829028704,0.1295737704918033,0.07470581303787119,0.0
5364,Tales of Zestiria,0,2.040621836366518,0.7842622950819673,0.20258535943310235,39.99
5365,Riff Racer - Race Your Music!,0,2.0311316047305064,0.07659016393442623,0.04651060504159203,6.99
5367,Beach Bounce,0,0.7411272350635268,0.23134426229508198,0.006892891361139257,7.19
5370,Fort Meow,0,5.0034360381756,0.03829508196721312,0.002297630453713086,5.79
5373,Finders,0,1.1118350003430377,0.0,0.0005579959673303208,4.79
5374,Curse of Mermos,0,0.43693491968649284,0.05245901639344263,0.00561278296549911,0.0
5378,King of Dragon Pass,0,1.3883376861457075,0.0,0.00561278296549911,8.99
5379,The Westport Independent,0,0.5741695399692858,0.0,0.0012144618112483459,3.99
5382,LEGO® Jurassic World,0,2.225888144977072,0.32472131147540984,0.09482649115395864,15.99
5383,Farlight Explorers,0,0.6304894237275759,0.0,0.0025602167912802958,10.99
5385,Dead Realm,0,0.6797218174127304,0.06872131147540984,0.14960856582891777,10.99
5386,The Silent Age,0,5.587562484242192,0.005770491803278689,0.16149059760383402,6.99
5388,Urban Empire,0,0.15239565938582522,0.0,0.06928996982554748,22.99
5390,The Way We All Go,0,3.3710826816865254,0.2156065573770492,0.0006236425517221235,4.79
5393,Subspace Continuum,0,2.7131624835231087,0.0,0.01125838922319412,0.0
5394,The Universim,0,1.1168442100015925,0.0,0.06380848002883198,22.99
5398,An Octave Higher,0,2.5687020932496454,0.0,0.004168558108879455,8.99
5402,Caravan,0,1.0179332939295416,0.1138360655737705,0.009157698522656441,6.99
5404,Better Late Than DEAD,0,0.10901183337554768,0.0,0.024518999270338217,3.99
5405,Star Horizon,0,0.46811465170938255,0.02255737704918033,0.0008205823048975307,3.99
5408,Ghost Encounters: Deadwood - Collector's Edition,0,0.30641927207165665,0.23921311475409837,0.00078775901270163,3.99
5410,Chicken Invaders 5,0,10.388601768033588,0.0,0.011520975560761329,3.99
5411,Clutch,0,0.7319659356876745,0.0,0.001115991934660642,6.99
5413,Time of Dragons,0,0.6973610423781108,0.010491803278688525,0.0510402193646264,0.0
5414,Bombshell,0,0.5649531131399611,0.0,0.006400541978200738,29.99
5415,Insane 2,0,1.8323615339126222,0.0,0.009715694489986762,10.99
5417,Hyperdimension Neptunia Re;Birth3 V Generation / 神次次元ゲイム ネプテューヌRe;Birth3 V CENTURY / 神次次元遊戲 戰機少女 重生3 Ｖ世紀,0,8.236135822339083,0.09442622950819674,0.0856687926313022,19.49
5420,Love at First Sight,0,7.581164772019433,0.0,0.024814408900101326,6.99
5422,how do you Do It?,0,2.0835168328475806,0.007344262295081968,0.08376504168393992,0.0
5423,Stephen's Sausage Roll,0,7.586852414618765,0.0,0.015919296715012094,22.99
5424,House of Caravan,0,0.7702616156559922,0.12432786885245903,0.015919296715012094,1.59
5425,Plug & Play,0,1.9484073672542706,0.0099672131147541,0.11662115717203704,1.99
5428,Oil Enterprise,0,0.3743196846898255,0.0,0.0015755180254032586,17.99
5429,Train Valley,0,2.9907650597717086,0.06242622950819673,0.056488885869146,6.99
5430,The Deadly Tower of Monsters,0,2.8175202285934295,0.17259016393442625,0.030656954910971746,10.99
5436,Peggle™ Nights,0,5.835616180443387,0.12432786885245903,0.009584401321203157,4.25
5440,Five Nights at Freddy's 3,0,2.731793851706314,0.07659016393442623,0.18036399061647723,5.79
5441,WRC 5 FIA World Rally Championship,0,0.3732988658245666,0.0,0.011619445437349033,29.99
5443,Aberoth,0,0.5499005498707562,0.018360655737704918,0.03689338042819297,0.0
5445,"Please, Don’t Touch Anything",0,2.3827771392777435,0.12642622950819674,0.0914456920577808,3.99
5447,LoveBeat,0,1.0116583551738665,0.006819672131147541,0.0268166297240513,0.0
5449,Assassin’s Creed® Chronicles: China,0,0.9887564517934012,0.05298360655737706,0.06620458035913276,8.59
5450,Tadpole Treble,0,9.889827131371268,0.0,0.004660907491817974,3.99
5451,STAR WARS™ - X-Wing Special Edition,0,0.9945682362097844,0.0,0.0025930400834761965,7.19
5452,Red Orchestra 2: Heroes of Stalingrad with Rising Storm,0,4.49352090710792,0.14111475409836066,0.955026509731942,14.99
5453,We Are Legion,0,0.19888914581011755,0.0,0.0006892891361139262,6.99
5454,The Ball,0,1.054695537698025,0.007344262295081968,0.023501477212265278,6.99
5456,Miner Warfare,0,1.744548766695367,0.0,0.0008205823048975307,1.99
5457,The Settlers Online,0,0.1639447445110602,0.011016393442622952,0.026849453016247204,0.0
5458,Adventures of Bertram Fiddle: Episode 1: A Dreadly Business,0,2.584825523338019,0.0,0.008599702555326121,4.99
5464,Dwarfs!?,0,1.2895473445264791,0.029901639344262296,0.022845011368347254,7.99
5466,The Adventures of Tree,0,1.171364401907531,0.1521311475409836,0.009781341074378565,3.99
5474,Sky Force Anniversary,0,3.9113208392615504,0.0,0.033512581332015144,6.99
5475,Sébastien Loeb Rally EVO,0,0.33470792347662837,0.0,0.014475071858392438,14.99
5476,TDP5 Arena 3D,0,0.26587267975902273,0.00419672131147541,0.003873148479116345,0.0
5481,MotoGP™15,0,1.0251139787045889,0.0,0.011094272762214613,14.99
5484,Codename CURE,0,1.762266159493784,0.03724590163934426,0.4528301391346533,0.0
5487,NEO AQUARIUM - The King of Crustaceans -,0,1.4314628110348016,0.022032786885245903,0.0039059717713122457,5.99
5488,STAR WARS™: TIE Fighter Special Edition,0,1.0345768966519906,0.0,0.005776899426478615,7.19
5489,199X,0,1.7757899792909926,0.0,0.0039059717713122457,1.59
5496,Diesel Guns,0,1.1065924859088616,0.0,0.003052566174218814,5.79
5497,Radium,0,1.7190327535010161,0.128,0.0015098714410114564,1.99
5504,The Albino Hunter,0,1.103452565888532,0.057180327868852465,0.007122654406510566,3.99
5505,Last Word,0,1.9589369935526553,0.0,0.006958537945531059,6.99
5508,Leo’s Fortune - HD Edition,0,4.128579990821595,0.0,0.0037418553103327396,4.99
5512,Drizzlepath,0,0.39505384355336315,0.0,0.011520975560761329,1.99
5513,Styx: Shards of Darkness,0,1.4628757963661718,0.05455737704918033,0.059738391796540224,34.99
5514,Space Run Galaxy,0,0.6288385087850494,0.3493770491803279,0.021236670050748092,14.99
5517,Survarium,16,0.3525557290175683,0.03095081967213115,0.634342944977987,0.0
5518,Albino Lullaby: Episode 1,0,1.1277616254609242,0.0,0.007286770867490071,7.19
5520,Pixel Puzzles 2: Space,0,2.947879959576901,0.16524590163934427,0.00452961432303437,6.99
5521,Home is Where One Starts...,0,1.108878695109909,0.0,0.011520975560761329,1.99
5522,Dungeon Warfare,0,10.223160549563932,0.4039344262295082,0.030427191865600434,6.99
5523,Bejeweled Twist,0,2.037460658112406,0.0,0.0005251726751344197,4.25
5525,The Hero of Kendrickstone,0,1.3953822733636367,0.0,0.00016411646097950648,4.79
5526,Sheltered,0,1.3540201300441979,0.17731147540983608,0.12197135379996896,9.99
5527,Beyond Eyes,0,0.7817833210303163,0.40026229508196726,0.0294424930997234,9.99
5528,Commander Cool 2,0,2.8615953431913534,0.0,0.031116481001714363,1.99
5532,Heroes of Scene,0,0.33714312390589446,0.003672131147540984,0.019431388979973527,0.0
5535,Time Machine VR,0,0.5704764326801834,0.0,0.00016411646097950648,22.99
5536,Middle-earth™: Shadow of War™,18,1.2972803112863318,0.6636065573770492,0.8319391639973124,34.99
5539,Stalingrad,0,2.398564467810016,0.0,0.0030197428820229123,3.99
5540,Cuban Missile Crisis,0,0.8879645142635312,0.0,0.00022976304537130872,3.99
5543,METAL SLUG DEFENSE,0,0.3309470305059197,0.2260983606557377,0.04500073360058057,0.0
5544,Soccer Manager 2015,0,0.7804153693570149,0.128,0.014310955397412934,0.0
5547,Thumper,0,4.458161375689401,0.01259016393442623,0.06617175706693687,15.99
5548,Interloper,0,2.4254234288650784,0.17101639344262295,0.007483710620665478,0.0
5549,Chris Sawyer's Locomotion™,0,1.2837736976457503,0.0,0.004956317121581084,4.79
5550,Creature Romances: Kokonoe Kokoro,0,0.8981995491755455,0.0,0.001969397531754074,2.09
5552,STAR WARS™ Galactic Battlegrounds Saga,0,2.290032339300462,0.0398688524590164,0.042407693517104376,4.79
5553,Soccer Rage,0,2.1709813107824503,0.0,0.01923444922679812,6.99
5554,Port of Call,0,3.4141689316003307,0.008918032786885247,0.030952364540734852,0.0
5555,The Confines Of The Crown,0,3.3177378007128344,0.3514754098360656,0.0024945702068884935,14.99
5559,Party Hard,18,2.673215601702157,0.06347540983606557,0.17271616353483224,7.19
5560,Aerannis,0,0.8345335932887102,0.0,0.0001969397531754076,3.99
5561,Death's Gambit,0,0.9199045914867928,0.0,0.04509920347716828,14.99
5562,Spooky's Jump Scare Mansion,0,4.730163089468015,0.022032786885245903,0.3169088861514263,0.0
5568,Eron,0,0.4659832245580963,0.0,0.004595260907426171,1.59
5569,One More Line,0,1.1079586354640576,0.0,0.00213351399273358,2.09
5570,Battle Fantasia -Revised Edition-,0,0.7843409099370882,0.0,0.00016411646097950648,10.99
5572,Trine Enchanted Edition,0,8.86235491865838,0.1594754098360656,0.32019121537101647,9.99
5575,UBERMOSH,0,3.3451876287452182,0.0860327868852459,0.06105132348437628,0.79
5576,Big Action Mega Fight!,0,1.3702593181827847,0.0,0.003052566174218814,1.59
5577,ULTIMATE MARVEL VS. CAPCOM 3,0,2.5947952351513863,0.02832786885245902,0.048808235495305115,19.99
5578,Trine 2: Complete Story,0,8.851521159964276,0.16734426229508198,0.5571753850254233,13.99
5580,Red Lake,0,0.22708371259253582,0.11593442622950821,0.022057252355645623,0.79
5581,Snakebird,0,4.972110107977105,0.07081967213114755,0.01844669021409649,4.99
5582,Oriental Empires,0,1.334688920894008,0.0,0.048217416235778895,22.99
5584,Space Beast Terror Fright,0,5.565644696357786,0.002098360655737705,0.02031761786926286,10.99
5585,Cobalt,0,3.595131181468763,0.1914754098360656,0.016707055727713725,11.39
5588,Rumble Fighter: Unleashed,0,0.28544175812890216,0.018360655737704918,0.0035777388493532336,0.0
5589,Unium,0,8.396170465260159,0.0,0.005776899426478615,1.59
5590,Project Explore,0,1.002569968221409,0.018360655737704918,0.004595260907426171,3.99
5591,Home Improvisation: Furniture Sandbox,0,0.8960741878493317,0.0,0.0029869195898270117,6.99
5594,Inside My Radio,0,3.5142715723977327,0.0,0.009551578029007256,10.99
5596,The District,0,0.05415413762595387,0.11698360655737707,0.04224357705612487,0.79
5597,Defend Your Life: TD,0,1.5406082254547162,0.3714098360655738,0.026980746185030807,3.99
5601,Make it indie!,0,0.26631258093668886,0.10491803278688526,0.03600715153890364,0.79
5607,BRAINPIPE: A Plunge to Unhumanity,0,2.1460902338924277,0.0,0.0015755180254032586,0.0
5610,Earthtongue,0,3.435096538547689,0.0,0.0006892891361139262,3.99
5611,No Turning Back: The Pixel Art Action-Adventure Roguelike,0,0.42031626777316006,0.11540983606557378,0.003610562141549135,1.99
5612,D4: Dark Dreams Don’t Die -Season One-,16,1.598528483807034,0.0,0.049792934261182156,10.99
5613,Curious Expedition,0,3.115027253089623,0.29481967213114757,0.05986968496532383,10.99
5621,Death Rally (Classic),0,2.7789545032242255,0.011540983606557378,0.001115991934660642,3.99
5633,Talisman: The Horus Heresy,0,0.9208806431572707,0.0,0.004496791030838467,5.19
5635,Gryphon Knight Epic,0,1.9345364173376016,0.17468852459016396,0.003610562141549135,4.99
5637,Sunrider: Liberation Day - Captain's Edition,0,2.153808651198752,0.16472131147540986,0.017757401077982564,18.99
5639,The Reject Demon: Toko Chapter 0 — Prelude,18,3.0616823721159316,0.3514754098360656,0.0021006907005376783,3.99
5640,Luckslinger,0,2.154819396331344,0.0,0.00026258633756720984,6.99
5641,Good Robot,0,2.087895818529181,0.0010491803278688525,0.0038403251869204434,6.19
5643,Canabalt,0,2.264084428452973,0.0010491803278688525,0.0034136223883737275,1.99
5644,Plants vs. Zombies GOTY Edition,0,12.323293699867504,0.19619672131147542,0.49182421026338397,4.25
5645,The Music Machine,0,3.108625867249873,0.026229508196721315,0.0058097227186745155,3.99
5646,Shower With Your Dad Simulator 2015: Do You Still Shower With Your Dad,16,7.444588589309007,0.06347540983606557,0.28165667033302844,0.79
5650,Q.U.B.E. 2,0,1.7574920071822313,0.4789508196721312,0.01847951350629239,19.99
5651,Kick Ass Commandos,0,8.612217233030771,0.0,0.009092051938264638,6.99
5653,Rituals,0,0.6258730397122189,0.0,0.003807501894724542,3.99
5654,MX vs. ATV Unleashed,0,0.7363305170991742,0.0,0.0055471363811073066,8.99
5655,Lethis - Path of Progress,0,0.8235872237216658,0.6268852459016394,0.023665593673244785,14.99
5660,Evoland 2,0,2.537107758069367,0.1038688524590164,0.10552688440982243,14.99
5661,Elite Dangerous,0,0.8586696556682984,1.3529180327868853,1.2160701525659445,19.99
5663,Defunct,0,1.6533775154090946,0.0,0.009584401321203157,6.99
5665,Amnesia™: Memories,0,5.48635657613987,0.25075409836065576,0.06000097813410743,15.49
5666,Why Am I Dead At Sea,0,5.775367844370719,0.0,0.005744076134282714,3.99
5668,Artifact Adventure,0,0.8825439861266242,0.0,0.0003282329219590125,4.99
5670,Tom Clancy's Rainbow Six® Siege,0,1.5644767773821597,1.334032786885246,10.198131238682118,16.99
5671,Shutter,0,1.246315039700081,0.0,0.0023304537459089875,1.59
5672,Uncanny Valley,0,0.5443150810690467,0.1138360655737705,0.0107332165480597,6.99
5673,Assassin’s Creed® Chronicles: Russia,16,0.583413364985512,0.0,0.01129121251539002,8.59
5678,Copa Petrobras de Marcas,0,0.4804185255041639,0.017311475409836068,0.05799875731015746,0.0
5679,Hare In The Hat,0,0.8014698320529111,0.0,0.007943236711408097,1.59
5680,Shift Happens,0,3.5311173242235165,0.0,0.004857847244993382,10.99
5681,FINAL FANTASY X/X-2 HD Remaster,12,3.3111858980666233,0.35777049180327875,0.2283516438068848,19.99
5682,The Incredible Adventures of Van Helsing III,0,0.4753099243462731,0.0,0.018643629967271896,10.99
5683,Highlands,0,1.6697913250280956,0.0,0.0037418553103327396,3.99
5684,Shadows Peak,0,0.8074309522200921,0.0,0.0033151525117860237,7.19
5685,Choice Chamber,0,0.8260156205021421,0.1594754098360656,0.0034136223883737275,6.99
5686,Half-Life Deathmatch: Source,0,1.052305892986232,0.042491803278688525,0.056948411959888624,0.0
5687,Escape Rosecliff Island,0,0.5999564984713265,0.0,0.0017724577785786662,4.25
5688,Foreign Legion: Buckets of Blood,0,0.5830196885981535,0.0839344262295082,0.006400541978200738,3.99
5692,How To Survive: Third Person Standalone,0,0.42323827322939594,0.17626229508196722,0.03416904717593317,6.99
5693,How to Survive 2,0,0.8514470075054119,0.259672131147541,0.26895405625321467,10.99
5694,Tiny Bridge: Ratventure,0,0.7026694320643416,0.09809836065573771,0.02517546511425624,1.59
5697,Mafia III,18,0.32243328801108534,0.2874754098360656,0.8834717327448773,34.99
5698,Kiai Resonance,0,1.6026998786953335,0.0,0.002297630453713086,3.99
5699,Into the Stars,0,0.24360107601989064,0.0,0.011914855067112144,14.99
5701,Cursed Sight,0,2.711739953251146,0.09757377049180328,0.0021006907005376783,4.79
5703,"Once Bitten, Twice Dead!",0,0.009695246383674617,0.0,0.0004267027985467159,3.99
5705,Spellsworn,0,2.453752031062222,0.04773770491803279,0.022910657952739055,0.0
5706,12 Labours of Hercules II: The Cretan Bull,0,3.317283801763415,0.15737704918032788,0.057046881836476326,1.99
5707,12 Labours of Hercules III: Girl Power,0,2.4917650623254084,0.195672131147541,0.024256412932771004,1.99
5710,Cards and Castles,0,0.8685409550102603,0.02518032786885246,0.01815128058433338,0.0
5711,Downwell,0,11.510079434162147,0.05665573770491804,0.14885363010841204,1.99
5713,Yooka-Laylee,0,1.128210313692729,0.029901639344262296,0.10257278811219132,34.99
5714,Lumini,0,2.532501153194906,0.0,0.0005251726751344197,7.99
5716,Ultimate Tic-Tac-Toe,0,1.7992829735692515,0.0005245901639344263,0.03915818758971016,0.0
5718,The Lost Valley,0,0.1680012489929661,0.11436065573770493,0.007122654406510566,3.99
5719,The Mean Greens - Plastic Warfare,0,1.360159784730851,0.036196721311475416,0.20721344363272443,3.99
5720,Heaven Forest NIGHTS,0,0.7103776849943771,0.14478688524590166,0.005842546010870418,0.79
5725,Doom & Destiny Advanced,0,5.899630037688634,0.0,0.0053830199201278,6.99
5730,Sparkle 3 Genesis,0,0.5932181975873796,0.13639344262295083,0.01178356189832854,3.99
5732,Super Daryl Deluxe,0,2.70172039282302,0.0,0.002888449713239308,15.49
5734,Turmoil,0,3.320709660160993,0.12695081967213115,0.11202589626461087,6.99
5736,Mother Russia Bleeds,0,2.278144670673858,0.33101639344262296,0.09466237469297913,10.99
5740,Goosebumps: The Game,0,2.3863989380746546,0.0,0.0008205823048975307,6.99
5742,World War I,0,1.1102296368930695,0.0,0.0010831686424647405,3.99
5743,ASTRONEER,0,2.0238020908103267,0.5712786885245902,1.100269577698805,23.79
5745,Cradle,0,0.9300965142182878,0.0,0.039617713680452776,9.99
5747,Luna Sky,0,0.24507265908634066,0.1017704918032787,0.0014442248566196541,9.99
5749,404Sight,0,1.9271369219324885,0.021508196721311476,0.0429985127766306,0.0
5750,STAR WARS™ - X-Wing Alliance™,0,1.3650974243365943,0.0,0.004267027985467159,7.19
5752,STAR WARS™ X-Wing vs TIE Fighter - Balance of Power Campaigns™,0,1.0395010395760993,0.0,0.0016411646097950617,7.19
5754,Tree of Life,0,0.7192149399521444,2.552655737704918,0.2145330377924104,14.99
5755,in Space,0,1.655511310817039,0.0,0.0002954096297631114,0.79
5756,Portal of Evil: Stolen Runes Collector's Edition,0,3.211048038765451,0.08865573770491804,0.0023304537459089875,3.99
5761,Lakeview Cabin Collection,0,4.066090273043713,0.008918032786885247,0.029048613593372585,6.99
5762,Zuma's Revenge!,0,5.913347292894918,0.0,0.011914855067112144,4.25
5766,Siralim,0,2.593771559475712,0.0,0.0039716183557040475,7.19
5774,Boss Monster,0,0.5421238383454482,0.619016393442623,0.007352417451881874,3.99
5778,Regimental Chess,0,0.3174047009738982,0.0,0.0005251726751344197,0.0
5779,Adam's Venture Chronicles,0,0.707997727243526,0.11855737704918033,0.0024945702068884935,7.19
5780,Exanima,0,1.2825313161947085,0.28695081967213115,0.11520975560761329,10.99
5781,High On Racing,0,0.2600993858507022,0.195672131147541,0.005186080166952394,3.99
5782,Software Inc.,0,4.4883887654942125,0.16629508196721313,0.0884915957601497,10.59
5783,Blue Rose,0,0.6962179375855455,0.3808524590163935,0.00078775901270163,12.39
5784,Fran Bow,16,9.740461464721749,0.3430819672131148,0.1637225814731553,10.99
5788,Fighties,0,1.9307708965491068,0.0,0.0052189034591482945,3.99
5791,Black Mesa,0,5.3723327100946685,0.41652459016393445,0.4927432624448692,14.99
5793,Garfield Kart,0,2.6837365669256736,0.021508196721311476,0.15623887085248983,3.99
5795,Tyranny,0,2.2949656180262035,0.9961967213114755,0.2304851577996184,23.79
5803,Toukiden: Kiwami,0,0.7082792359898896,0.8036721311475411,0.032954585364684826,49.99
5804,ROMANCE OF THE THREE KINGDOMS XIII / 三國志13,0,0.2790609687476801,0.0,0.15108561397773332,49.99
5811,Mind Snares: Alice's Journey,0,2.725706612846145,0.0,0.011586622145153132,6.99
5812,Interstellar Rift,0,1.0618363861376776,0.0,0.023501477212265278,14.99
5813,Always The Same Blue Sky...,0,1.2426219324109788,0.17259016393442625,0.003610562141549135,1.99
5815,Mega Man Legacy Collection / ロックマン クラシックス コレクション,0,1.5416866710024566,0.005770491803278689,0.0616749660360984,11.99
5816,Spermination,0,2.353719595286142,0.06085245901639345,0.010076750704141676,1.99
5817,Escape Machines,0,0.2253936895362529,0.11750819672131149,0.017855870954570266,0.79
5820,Goliath,0,0.8527775425671175,0.0,0.004989140413776986,8.99
5821,Robot Arena III,0,0.09613375144159356,0.0,0.005842546010870418,14.99
5823,Holy Potatoes! A Weapon Shop?!,0,1.0306865519147823,0.43698360655737706,0.04214510717953717,10.99
5824,Botology,0,0.09152107843756127,0.13901639344262295,0.00617077893282943,0.79
5825,Tea Party Simulator 2015™,0,0.7934779771233843,0.25442622950819677,0.01923444922679812,6.99
5829,Battlefleet Gothic: Armada,0,0.7621499801734988,0.8640000000000001,0.14386448969463506,24.99
5830,Egg Returns Home,0,1.3713974721436404,0.3860983606557377,0.013260610047144095,0.79
5832,RPG Maker MV,0,2.7250169013038827,0.1736393442622951,0.08429021435907434,60.99
5834,Dead Age,0,1.8112425010791906,0.29114754098360657,0.11107402079092973,10.99
5836,Windscape,0,3.0830203246590413,0.0,0.00213351399273358,15.99
5838,Clicker Heroes,0,3.396923509769746,0.24288524590163937,1.5480777531274854,0.0
5839,Forget Me Not: My Organic Garden,0,2.2705367533195235,0.7695737704918033,0.005744076134282714,6.99
5841,Face It - A game to fight inner demons,0,1.3342433594830678,0.2455081967213115,0.03472704314326349,2.79
5847,Lucius Demake,0,8.012087322556846,0.06557377049180328,0.0053830199201278,3.99
5850,Space Rogue,0,0.6880191186864066,0.0,0.007877590127016294,6.99
5852,Total War: WARHAMMER,0,1.106056229025019,2.2851147540983607,1.299933664126472,39.99
5854,CINEVEO - VR Cinema,0,0.6849627540333565,0.0,0.00045952609074261744,22.99
5855,Downfall,18,5.365027825506015,0.0,0.01506589111791866,7.19
5856,Roguelands,0,1.436391577551782,0.12118032786885247,0.09906069584722989,7.19
5857,The Elder Scrolls®: Legends™,0,0.9280497873861292,0.11226229508196722,0.2417107237306166,0.0
5860,AirMech Command,0,0.8143692282967863,0.0,0.0020678674083417776,14.99
5861,FreeCell Quest,0,0.8361973197085448,0.0,0.007713473666036787,6.99
5863,SUPER DISTRO,0,0.1727658860287415,0.08026229508196722,0.03256070585833401,0.79
5879,Redemption: Saints And Sinners,0,0.2987940921004732,0.15422950819672132,0.0020678674083417776,0.79
5880,Koi-Koi Japan [Hanafuda playing cards],0,5.4515330377400755,0.1516065573770492,0.022385485277604637,6.99
5881,Pony World 3,0,0.7921414380739918,0.0,0.006597481731376146,3.99
5883,Gynophobia,0,0.6884680761604945,0.0,0.013752959430082612,1.69
5884,Escape,0,0.5094462723255542,0.0,0.006269248809417134,0.0
5886,One Manga Day,0,0.48044032183842916,0.0,0.025044171945472635,0.0
5893,Kona,0,1.8440805439496024,0.033049180327868855,0.049563171215810845,13.0
5894,TASTEE: Lethal Tactics,0,1.7757899792909926,0.01678688524590164,0.0039059717713122457,10.99
5902,Transmissions: Element 120,0,6.01500830725836,0.04721311475409837,0.2729913211933105,0.0
5904,Quadrant,0,0.7456494875981872,0.0,0.00045952609074261744,3.99
5907,How to Take Off Your Mask / 貴方の仮面の外し方,0,2.404473439088497,0.0,0.00036105621415491364,9.29
5908,Battle Brothers,0,2.7530194107675405,0.0,0.19004686181426808,22.99
5913,Hacknet,0,4.822225708621214,0.14216393442622952,0.46960284144675885,7.19
5918,Battle of the Bulge,0,0.7145076111939254,0.0,0.00026258633756720984,6.99
5920,Tom Clancy’s The Division™,18,0.6937787907019881,1.024,2.472874010747002,41.99
5922,OlliOlli2: Welcome to Olliwood,0,1.9435736678445228,0.05665573770491804,0.00994545753535807,10.99
5927,Volume,0,1.3494837743606207,0.0398688524590164,0.015656710377444885,14.99
5929,Flying Tigers: Shadows Over China,0,0.9019984344984807,0.0,0.02087561383659318,11.39
5933,Mirrored - Chapter 1,0,0.7145076111939254,0.0,0.00016411646097950648,1.59
5934,Heroes of Normandie,0,0.8726594935287105,0.0,0.0024289236224966904,22.99
5935,Pixel Dungeon,0,3.291065360033947,0.1694426229508197,0.004365497862054863,3.99
5937,rFactor 2,0,1.734781333805437,0.0,0.03886277795994705,25.79
5939,Rogue System,0,1.7947414500469894,0.0,0.0028228031288475056,13.49
5941,Iggy's Egg Adventure,0,2.037460658112406,0.0,0.0024289236224966904,3.99
5944,Colony Survival,0,2.1342654262333745,0.005770491803278689,0.06551529122301884,15.49
5948,Wurm Unlimited,0,0.8287900185817227,1.1976393442622952,0.06728774900159751,22.49
5950,GAROU: MARK OF THE WOLVES,0,0.42954269881610263,0.0,0.0013129316878360488,6.99
5951,METAL SLUG,0,3.4541006525073907,0.26281967213114754,0.03928948075849376,5.59
5952,METAL SLUG 2,0,2.2508401820071717,0.5004590163934427,0.004989140413776986,4.99
5954,TWINKLE STAR SPRITES,0,1.255069071138404,0.0,0.0006236425517221235,5.59
5955,Carp Fishing Simulator,0,0.4684543478996163,0.0,0.0016739879019909624,9.99
5956,Seasons after Fall,0,1.655935377398981,0.37455737704918035,0.05343631969492719,11.99
5966,Shiness: The Lightning Kingdom,0,0.644338575389564,0.0,0.006334895393808935,24.99
5970,Adorables,0,1.0159922287540237,0.21980327868852462,0.019825268486324342,1.99
5972,Mainland,0,1.9734468012512432,0.0,0.004135734816683554,0.0
5973,Dungeon Hero,0,0.33042446849061363,0.0,0.0,4.99
5975,Narcosis,0,1.5433186034038215,0.0,0.012801083956401478,11.39
5976,Zombie Zoeds,0,0.10281964302846916,0.16472131147540986,0.03787807919407001,0.79
5977,The Long Journey Home,0,0.6723199890866087,0.1479344262295082,0.03817348882383312,26.99
5979,SECTOR,0,0.04693452986522486,0.0,0.0001969397531754076,0.0
5980,Mighty Switch Force! Hyper Drive Edition,0,5.680153956308491,0.11226229508196722,0.004037264940095851,6.99
5982,Fine Sweeper,0,2.8312324864939447,0.13324590163934427,0.009288991691440046,1.99
5983,Vernon's Legacy,0,0.5271499806256799,0.0,9.84698765877038e-05,8.99
5988,Songbringer,0,1.6853844442237593,0.2512786885245902,0.0032495059273942215,15.99
5989,Dustbowl,0,1.1872253253789435,0.0,0.0003282329219590125,5.99
5990,Seduce Me the Otome,0,2.2171486783556036,0.040393442622950824,0.06137955640633529,0.0
5995,Angels Fall First,0,1.7000581974277271,0.0,0.059016279368230395,13.37
5996,Pixel Star,0,2.7720958756210834,0.0,0.0005579959673303208,2.09
6000,Poly Bridge,0,2.983552638974746,0.0918032786885246,0.14875516023182433,7.19
6001,Dragon's Dogma: Dark Arisen,0,2.871562227768707,0.5964590163934427,0.4740996324775973,23.99
6002,Hollow Knight,0,7.952292334028589,0.6531147540983607,1.378381332474676,10.99
6004,oO,0,4.057069015374771,0.024131147540983607,0.02514264182206034,0.79
6005,Hook,0,13.152433216825345,0.1395409836065574,0.22086793318621933,0.79
6006,Skyshine's BEDLAM,0,0.5509870653894081,0.05245901639344263,0.022319838693212832,14.99
6008,Controller Companion,0,4.078457283961824,0.0031475409836065576,0.05422407870762882,1.99
6016,Almightree: The Last Dreamer,0,1.3226392536794744,0.0,0.0003282329219590125,3.99
6017,Sniper Ghost Warrior 3,0,0.40957831708267217,0.9442622950819672,0.17521073374172072,23.79
6018,Aurion: Legacy of the Kori-Odan,0,0.7296687877987227,0.2748852459016394,0.004299851277663061,10.99
6021,WORLD END ECONOMiCA episode.02,0,7.67601457269145,0.4028852459016394,0.0022648071615171844,9.99
6022,Polyball,0,1.7311982832363777,0.0,0.0030197428820229123,10.99
6024,Kingdom: Classic,0,2.97424372146791,0.10439344262295083,0.35449155571573326,3.99
6028,CrossCode,0,7.055308779408097,0.0,0.2118743511245424,14.99
6029,60 Seconds!,0,1.369405409560684,0.12327868852459017,0.22713718199563646,6.99
6030,Her Story,0,3.3769181989843795,0.07659016393442623,0.17373368559290517,4.99
6031,The Darkside Detective,0,8.108108108232674,0.0,0.02008785482389155,9.99
6032,Through the Woods,0,1.0259896721384605,0.0,0.017232228402848142,15.99
6033,Rememoried,0,0.4584521825970231,0.0,0.003380799096177826,6.99
6035,Assassin's Creed® Syndicate,0,1.1034098646769757,0.35672131147540986,0.31162433610788626,33.99
6036,Beat Da Beat,0,7.9608762369911,0.0,0.007483710620665478,1.59
6037,Albert and Otto,0,0.7145076111939254,0.17049180327868854,0.01503306782572276,3.99
6039,The Enchanted Cave 2,0,2.5368595435702286,0.11488524590163936,0.008665349139717922,7.19
6040,Timespinner,0,2.348017844544813,0.0015737704918032788,0.016477292682342416,14.99
6041,htoL#NiQ: The Firefly Diary / htoL#NiQ-ホタルノニッキ-,0,1.4590380107184602,0.0,0.00725394757529417,6.99
6042,Dark Echo,0,4.860859719748276,0.0,0.016641409143321923,1.99
6047,Sirius,0,0.44283904690837755,0.09704918032786886,0.002888449713239308,3.99
6048,No Time To Explain Remastered,0,1.4421425097554512,0.09652459016393443,0.06065744397802546,10.99
6049,Obliteracers,0,1.014790795559075,0.0,0.003544915557157332,10.99
6054,Garbage Day,0,0.1507864731563377,0.00839344262295082,0.01930009581118992,10.99
6057,Jigoku Kisetsukan: Sense of the Seasons,0,5.157503287315441,0.09337704918032788,0.05314091006516408,0.0
6060,Despair,0,0.15334517206339177,0.12222950819672132,0.05960709862775662,0.79
6062,Pongo,0,0.846193260175644,0.3451803278688525,0.01207897152809165,0.79
6063,Vinyl,0,0.48899090366789594,0.06924590163934427,0.005350196627931899,0.0
6065,Slain: Back from Hell,0,0.8675632997926617,0.10544262295081969,0.04122605499805194,9.99
6066,Age of Survival,0,0.0030093305995609956,0.0,0.003610562141549135,13.99
6069,The Swindle,0,0.6491873489104137,0.0,0.010372160333904786,11.99
6075,Airport Madness: World Edition,0,1.634520720379608,0.0,0.004332674569858962,6.99
6079,Scourge of War: Waterloo,0,1.296827214548215,0.0,0.0013129316878360488,29.99
6080,Let the Cat in,0,1.3293851087106718,0.003672131147540984,0.030394368573404534,0.0
6081,9 Clues 2: The Ward,0,4.632155666767704,0.09285245901639345,0.014048369059845722,6.99
6082,Immortal: Unchained,0,0.9549049740561485,0.0,0.013260610047144095,24.99
6084,Void Destroyer 2,0,3.8639893813610806,0.0,0.004070088232291751,10.99
6085,Blacksea Odyssey,0,2.1085871663333835,0.0,0.0025930400834761965,6.99
6086,The Story Goes On,0,2.607488814681997,0.0,0.00036105621415491364,5.79
6088,NotTheNameWeWanted,0,2.6795335481677363,0.008918032786885247,0.09075640292166688,1.99
6093,Riddled Corpses,0,0.9833658110862437,0.4112786885245902,0.002789979836651604,5.59
6094,"Gremlins, Inc.",0,2.2033535387696412,0.18937704918032788,0.1208553618653083,14.99
6095,Sniper Elite,0,1.1495301628609906,0.19462295081967215,0.04785636002162398,5.59
6096,The Void,0,1.7173913726543408,0.017836065573770495,0.019923738362912044,6.99
6097,Templar Battleforce,0,6.6530238947070135,0.07711475409836066,0.02035044116145876,6.99
6099,Coffee Shop Tycoon,0,2.2508401820071717,0.14268852459016396,0.005908192595262219,5.19
6100,Wyrmsun,0,1.6987206643711614,0.005770491803278689,0.0025602167912802958,0.0
6102,Axis Football 2015,0,0.8311042796791805,0.0005245901639344263,0.00886228889289333,10.99
6103,Ninja Blade,0,0.6291558017896524,0.0,0.003282329219590122,6.99
6114,Season of 12 Colors,0,6.091671609040289,0.41757377049180333,0.04414732800348714,1.99
6115,UFO: Extraterrestrials Gold,0,1.0360655910065313,0.0,0.00213351399273358,9.99
6118,LOTUS-Simulator,0,0.9778789091573629,0.0,0.000951875473681136,32.99
6119,TIS-100,0,11.8248151048895,0.17049180327868854,0.08264904974927928,4.99
6121,No70: Eye of Basir,0,0.470091065976939,0.0,0.006105132348437627,2.09
6122,Arcana Heart 3 LOVE MAX!!!!!,0,2.433736916554638,0.11278688524590165,0.007024184529922862,22.99
6123,Pixel Galaxy,0,4.031589298037406,0.0031475409836065576,0.0009190521814852345,6.99
6125,Marble Mayhem: Fragile Ball,0,0.7020078638302777,0.1138360655737705,0.029639432852898804,0.79
6126,Gary Grigsby's War in the East,0,5.963643894933879,0.0,0.004923493829385183,60.99
6140,Holodrive,0,1.5452961480280667,0.10649180327868853,0.027899798366516043,0.0
6144,Kathy Rain,0,5.252047994615716,0.16419672131147542,0.03853454503798803,10.99
6145,Cosmophony,0,2.3605782228892846,0.0,6.564658439180268e-05,3.99
6148,Judge Dredd: Dredd vs. Death,0,2.6640941962741707,0.00419672131147541,0.01765893120139486,5.59
6149,Aztaka,0,0.8720801824609038,0.0,0.0010831686424647405,3.99
6151,Nomad Fleet,0,0.7145076111939254,0.0,0.0017396344863827647,3.99
6152,Waste Walkers,0,1.9236582455733755,0.0,0.0021663372849294806,6.99
6154,Aegis Defenders,0,1.5558325902659018,0.0,0.0002954096297631114,14.99
6155,Super 3-D Noah's Ark,0,3.555273496812373,0.0005245901639344263,0.014803304780351452,3.99
6156,Making History: The Calm and the Storm Gold Edition,0,2.010788217817602,0.0,6.564658439180268e-05,3.99
6157,Halcyon 6: Starbase Commander,0,1.9004814127907812,0.14845901639344264,0.0376811394408946,10.99
6158,Gridberd,0,0.24147889874293002,0.11750819672131149,0.0022319838693212837,4.99
6159,VERLIES II,0,0.39313192031351146,0.0,0.0001969397531754076,3.99
6161,Knee Deep,0,1.4698711253051326,0.0,0.0016083413175991602,14.99
6163,Two Digits,0,1.0156637116877416,0.14845901639344264,0.007647827081644985,1.59
6167,Flix The Flea,0,0.2012930668923251,0.1579016393442623,0.003052566174218814,1.99
6170,Teddy Floppy Ear - The Race,0,1.2106150039803971,0.2838032786885246,0.023764063549832487,3.99
6172,Awe,0,1.1341540080077255,0.007344262295081968,0.0039716183557040475,0.79
6173,Gnumz: Masters of Defense,0,0.9529040445297597,0.16419672131147542,0.00016411646097950648,3.99
6174,Grey Cubes,0,3.3405644472264013,0.0,0.010601923379276096,0.79
6175,Gunnheim,0,0.2269290108161515,0.1757377049180328,0.006203602225025331,6.99
6176,Bounty Train,0,0.8617394824355005,0.1138360655737705,0.023370184043481672,18.99
6178,A Bastard's Tale,0,1.6039633102070943,0.2140327868852459,0.0033479758039819253,3.99
6179,Tap Heroes,0,1.105122780240813,0.11540983606557378,0.03548197886376922,2.09
6182,Far Cry® Primal,18,1.1757574772951385,0.48419672131147545,0.3597761057592733,41.99
6183,Rolling Sun,0,0.30362797010888265,0.11121311475409837,0.021236670050748092,1.59
6190,Gunslugs,0,1.0191252759905978,0.0,0.0003282329219590125,3.99
6192,Barony,0,3.1105759583792447,0.26911475409836066,0.042506163393692085,11.39
6193,Evil Genius,0,7.413726215968937,0.16681967213114757,0.060460504224850053,6.99
6194,Tree of Savior (English Ver.),0,0.5535665485716464,0.39868852459016396,0.4962881780020265,0.0
6202,Spooky Cats,0,2.274845378426129,0.0,0.007844766834820393,1.99
6208,Tales of Symphonia,0,1.6297883113762537,0.12327868852459017,0.07375393756419005,14.99
6213,GROOVY,0,0.5510679759601669,0.10334426229508198,0.0006892891361139262,2.79
6214,The Lost Mythologies,0,0.7675618975504296,0.003672131147540984,0.04966164109239855,0.0
6219,Chiptune Champion,0,1.7789666065213536,0.0,0.0033479758039819253,6.99
6223,Girl Amazon Survival,0,0.19786479990935926,0.24131147540983608,0.0028556264210434063,1.99
6227,RPG MO,0,1.3321004213599947,0.18465573770491805,0.06886326702700077,0.0
6228,Shot In The Dark,0,0.321056586923793,0.0,0.002035044116145876,0.0
6229,Fitz the Fox,0,1.6363071536818734,0.0,0.00026258633756720984,2.79
6231,New York Mysteries: Secrets of the Mafia,0,3.8383838383861657,0.0,0.002199160577125382,4.99
6232,Lost Lands: The Four Horsemen,0,9.274074791548895,0.0,0.002527393499084394,4.99
6236,Aliens versus Predator Classic 2000,0,2.4612966983727826,0.01259016393442623,0.0509745727802346,3.99
6241,Kung Fury: Street Rage,0,3.4973322329529815,0.18255737704918035,0.06935561640993929,1.99
6243,Black Sails - The Ghost Ship,0,0.951495082378896,0.0,0.002297630453713086,6.99
6246,All Is Dust,0,0.23916273067266855,0.2539016393442623,0.03640103104525445,0.0
6247,Cast of the Seven Godsends - Redux,0,0.6899916660048824,0.0,0.0012472851034442465,7.19
6248,Contradiction - Spot The Liar!,12,10.297696843839297,0.0,0.052681383974421465,6.99
6250,Divinity: Original Sin - Enhanced Edition,0,3.336570631258715,0.6242622950819673,0.38409816527643614,29.99
6254,1993 Space Machine,0,0.5672757399523503,0.0,0.00187092765516637,9.29
6260,The Assembly,0,1.084873498690952,0.0,0.00036105621415491364,19.99
6263,Ryzom,0,0.5965873480293531,0.005245901639344262,0.0067944214845515535,0.0
6264,Way of Gold and Steel,0,0.6538629043906525,0.0,0.00026258633756720984,6.19
6265,DinoSystem,0,2.522899074627323,0.0,0.002789979836651604,5.79
6266,LiEat,0,10.721099275740217,0.12904918032786886,0.08635808176741612,1.99
6275,Eisenhorn: XENOS,0,0.3990107441379549,0.0,0.0047265540762097755,14.99
6276,Sudden Strike 4,0,0.8411474911790682,0.0,0.11770432581450178,39.99
6277,Letter Quest: Grimm's Journey Remastered,0,4.267276681199559,0.0,0.006367718686004838,0.0
6278,Metrico+,0,0.9065491825455813,0.0,0.0029212730054352094,10.59
6279,"Time Gentlemen, Please! and Ben There, Dan That! Special Edition  Double Pack",0,1.5542826181345248,0.005245901639344262,0.016805525604301427,2.99
6281,Virginia,0,0.7050583877309768,0.11488524590163936,0.06420235953518279,6.99
6282,Portal Knights,0,1.5908727431083518,0.6541639344262296,0.43549944085521747,14.99
6284,Stairs,0,1.0701401507624793,0.0,0.0036762087259409374,10.29
6290,Hired Ops,0,0.4071643572193639,1.4232131147540985,0.06899456019578437,6.99
6291,DARK SOULS™ III,0,3.8212088558676207,0.9316721311475411,3.6192603139810484,39.99
6293,TransPlan,0,7.339941822826052,0.0,0.004693730784013875,1.99
6298,Champions of Anteria™,0,0.30815877924779594,0.0,0.001115991934660642,25.99
6302,Ember Strike,0,1.5955230673987801,0.0,0.030427191865600434,0.0
6303,Defend The Highlands,0,1.3835556662750594,0.3095081967213115,0.006367718686004838,7.99
6304,Agatha Christie - The ABC Murders,0,1.3888354014384288,0.09862295081967214,0.024190766348379203,10.99
6311,Energy Balance,0,0.897950306101751,0.1479344262295082,0.004365497862054863,1.99
6313,Korwin The Game,0,1.597898839411542,0.0,0.0036762087259409374,1.59
6316,Super Star Path,0,1.9913245449209072,0.0,0.004398321154250763,4.99
6317,Tin Star,0,10.231234369372444,0.0,0.004923493829385183,3.99
6319,Lunch Truck Tycoon,0,0.6427558152325439,0.0,0.005120433582560591,0.79
6321,Sakura Fantasy,0,3.0301933552219644,0.3640655737704918,0.027243332522598016,6.99
6323,Bitweb,0,0.14265048757076315,0.0005245901639344263,0.0011816385190524443,0.0
6324,"Warhammer 40,000: Eternal Crusade",0,0.3207191418448587,0.02255737704918033,0.3583975274870455,0.0
6325,Pizza Express,0,2.2081642773050354,0.1516065573770492,0.0028228031288475056,5.19
6331,Hero-U: Rogue to Redemption,0,4.822527311445353,0.0,0.0070570078221187625,15.49
6332,NOBUNAGA'S AMBITION: Sphere of Influence - Ascension / 信長の野望･創造 戦国立志伝,0,0.4695163062943732,0.0,0.015558240500857181,49.99
6333,16bit Trader,0,0.20076298990624877,0.22504918032786886,0.04375344849713633,1.99
6334,Chronicon,0,6.056295530167734,0.0,0.03889560125214295,7.19
6336,New kind of adventure,0,0.21678518988928222,0.11226229508196722,0.0454930829835191,0.79
6337,Taimumari,0,1.4293290156268572,0.15842622950819674,0.002461746914692592,3.99
6338,"Football, Tactics & Glory",0,3.907756995154125,0.0,0.060591797393633656,15.49
6342,Air Brawl,0,0.998270529999494,0.00419672131147541,0.029606609560702903,0.0
6343,CortexGear: AngryDroids,0,0.055401971137206386,0.15842622950819674,0.00013129316878360492,4.79
6344,Apartment 666,0,0.1206169366430628,0.1358688524590164,0.0075493572050572815,0.79
6345,Invisigun Heroes,0,4.979851985465869,0.0,0.005514313088911406,11.39
6349,Human Resource Machine,0,5.397843996377783,0.10701639344262295,0.07401652390175725,6.99
6350,Rytmik Ultimate,0,2.3905067794934975,0.0099672131147541,0.004693730784013875,13.59
6353,Trackmania® Turbo,0,0.5925764549569758,4.280131147540984,0.03554762544816102,33.99
6354,Anno 2205™,0,0.6068409310844947,1.895344262295082,0.10785733815573142,33.99
6356,Viridi,0,3.636211378571139,0.009442622950819672,0.19690692988321143,0.0
6357,Windosill,0,3.656132621622313,0.016262295081967214,0.02645557350989639,1.99
6361,SAGA,0,0.30564491090924134,0.0,0.0006564658439180246,0.0
6364,The Isle,0,0.7943310415307371,1.3686557377049182,0.3356509859952859,14.99
6367,GUILTY GEAR Xrd -SIGN-,0,4.716001268010213,0.12695081967213115,0.06410388965859509,22.99
6368,Otherland MMO,0,0.15613463887690998,0.0,0.014836128072547352,0.0
6374,Kelvin and the Infamous Machine,0,2.9229856817379676,0.0,0.010503453502688392,7.19
6375,Big Fish Legend,0,1.986783021398645,0.0,3.2823292195901556e-05,0.0
6376,Splendor,0,0.901358869619496,0.002098360655737705,0.000951875473681136,6.99
6383,Minecraft: Story Mode - A Telltale Games Series,0,1.137432837457861,0.22662295081967215,0.2589429521334648,18.99
6385,Tiki Man,0,1.1362459640866858,0.33468852459016396,0.0035777388493532336,0.79
6386,Darkest of Days,0,0.9095974614803111,0.0,0.0039716183557040475,14.99
6387,On a Roll,0,0.7895583402852975,0.0,0.005842546010870418,14.99
6389,Hatoful Boyfriend: Holiday Star,0,5.253672024890503,0.11698360655737707,0.007418064036273677,6.99
6392,Hide & Hold Out - H2o,0,0.4387907836984647,0.0,0.017691754493590763,13.59
6393,Fallout 4,18,0.8805935009279485,1.523409836065574,5.109043900168613,19.99
6397,Unearned Bounty,0,0.6991442854857929,0.004721311475409836,0.006433365270396639,0.0
6399,Biodrone Battle,0,0.3487141420989935,0.19462295081967215,0.005186080166952394,1.69
6400,The Tower Of Elements,0,0.4483712602778524,0.13639344262295083,0.006334895393808935,0.79
6402,Close Your Eyes [Old Version],0,2.8597524815460114,0.008918032786885247,0.019825268486324342,0.0
6403,Western Press,0,0.6731448110923124,0.11645901639344264,0.002888449713239308,3.99
6404,Who Is Mike - A Visual Novel,0,3.612589505962512,0.02518032786885246,0.008140176464583503,0.0
6406,Chicken Invaders 3,0,4.3632974668753866,0.0,0.0008205823048975307,3.99
6407,ENKI,0,0.6166040649318083,0.0,0.0013129316878360488,3.99
6408,N.E.R.O.: Nothing Ever Remains Obscure,0,0.8147032135547713,0.0,0.0016411646097950617,10.99
6410,Pike and Shot : Campaigns,0,1.1712551321738478,0.0,0.0018052810707745678,29.99
6411,侠客风云传(Tale of Wuxia),0,1.4356433075413335,2.1235409836065577,0.09085487279825459,12.99
6414,Tcheco in the Castle of Lucio,0,3.403089610117107,0.14216393442622952,0.014114015644237527,0.79
6415,Blockwick 2,0,22.799288316634346,0.0,0.0006892891361139262,2.09
6416,G-senjou no Maou - The Devil on G-String,0,9.228350607912029,0.030426229508196723,0.006630305023572047,14.99
6417,Sakura Beach,0,1.060848479741,0.4249180327868853,0.018873393012643205,6.99
6418,Starlight Vega,0,6.689134275638367,0.0,0.002199160577125382,7.19
6419,Idol Magical Girl Chiru Chiru Michiru Part 1,0,6.139682001878203,0.3472786885245902,0.0012144618112483459,14.99
6421,Fox & Flock,0,2.127933576342112,0.0,0.002199160577125382,1.59
6422,FINAL FANTASY IX,12,4.525794181066473,1.9226229508196724,0.13457549800319502,15.99
6423,Mushihimesama,0,15.117625462568112,0.04301639344262295,0.02330453745908987,14.99
6424,DARIUSBURST Chronicle Saviours,0,2.1622056105254654,0.016262295081967214,0.011159919346606416,29.99
6425,Eternal Destiny,0,2.3677350514921724,0.0,0.0022319838693212837,6.99
6427,Empire TV Tycoon,0,1.1281356110578058,0.04931147540983607,0.01933291910338582,6.99
6429,Void And Meddler,0,0.8225309950792318,0.0,0.003610562141549135,2.79
6436,Nyctophobia,0,0.27555544804955723,0.13534426229508198,0.015492593916465376,1.59
6437,Hack RUN,0,1.7844535088343172,0.0,0.002035044116145876,2.09
6440,Putrefaction,0,0.7237999451429088,0.1694426229508197,0.009026405353872837,0.79
6441,The Knobbly Crook,0,3.6671467707256338,0.006819672131147541,0.0023304537459089875,0.0
6443,Ymir,0,1.646549370948656,0.0,0.010076750704141676,27.79
6444,Nomad,0,0.4968945923120152,0.08340983606557378,0.11668680375642884,0.0
6448,Badland Bandits,0,0.24400576138236854,0.0,0.001378578272227852,0.0
6451,The Surge,0,1.0575252606498131,0.22137704918032788,0.13894099586524988,24.99
6453,Untamed: Life Of A Cougar,0,0.6139144071160025,0.0,0.0004923493829385186,10.99
6454,Valley,0,3.9727298035360863,0.024655737704918034,0.1418294455784892,14.99
6456,Blues and Bullets,0,0.6754041237190426,0.0,0.038764308083359345,3.99
6458,Thea: The Awakening,0,3.631502691310844,0.1579016393442623,0.0885244190523456,14.99
6459,Sayonara Umihara Kawase,0,7.551187551312874,0.0,0.00013129316878360492,10.99
6462,Police Tactics: Imperio,0,0.6324385634830026,0.0,0.007418064036273677,17.99
6466,Project CARS 2,0,0.8675252797864487,0.08865573770491804,0.19158955654747545,44.99
6467,Pesadelo - Regressão,0,0.7913242397345878,0.0,0.00039387950635081477,8.29
6468,Wayward,0,2.0267916822249346,0.2554754098360656,0.014409425274000636,5.59
6470,Sumo Revise,0,0.3187855854947809,0.1579016393442623,0.0009846987658770367,3.99
6475,Polynomial 2 - Universe of the Music,0,2.2508401820071717,0.0,0.0008534055970934322,8.99
6476,Kingdom Come: Deliverance,0,1.1853777798396763,1.1971147540983607,1.287690576137401,29.99
6478,Fate Tectonics,0,1.135760090461337,0.14268852459016396,0.0008862288892893329,7.19
6482,Bloo Kid 2,0,4.987432573768268,0.0005245901639344263,0.004135734816683554,2.89
6483,DOOM,18,5.051756816282795,0.2937704918032787,2.4155317192807626,14.99
6486,Mahjong Pretty Girls Battle : School Girls Edition,0,0.6235405511810577,0.14321311475409837,0.003610562141549135,10.99
6487,Panzermadels: Tank Dating Simulator,0,4.099464653839511,0.16681967213114757,0.038206312116029026,6.99
6489,Half-Life 2: Episode One,0,5.821253303366957,0.09652459016393443,0.2732539075308777,5.79
6490,Advent Rising,0,1.3528429751287823,0.0,0.007582180497253182,7.19
6493,Three Heroes,0,0.8180805933621602,0.11016393442622952,0.02537240486743165,1.59
6496,The Secret of Tremendous Corporation,0,1.620943827973741,99.90557377049181,0.005514313088911406,0.0
6497,STASIS,0,1.6370422411906977,0.0,0.03377516766958236,7.99
6499,Hover Junkers,0,0.6885170225639512,0.0,0.022319838693212832,15.49
6500,Tap Tap Infinity,0,1.0547456463370715,3.179540983606558,0.02465029243912182,0.0
6504,SpaceCorn,16,0.5593971111969598,0.09075409836065575,0.010011104119749873,0.79
6505,Fishing Planet,0,1.1672182224616332,0.032,0.45345378168637546,0.0
6507,Final Approach,0,7.153548532849181,0.0,0.007746296958232689,10.99
6511,Anima Gate of Memories,0,0.806077102159375,0.0,0.012768260664205574,14.99
6515,Teeworlds,0,2.8190981327872766,0.018360655737704918,0.11222283601778628,0.0
6521,BloodRayne,0,1.2347656864848124,0.05822950819672132,0.012440027742246564,6.99
6525,Sky Rogue,0,4.570401122149189,0.41914754098360657,0.018545160090684194,14.99
6528,The Men of Yoshiwara: Kikuya,16,2.009671696955676,0.0,0.0057112528420868135,22.99
6529,Shoppe Keep,0,0.5621777114511286,0.2838032786885246,0.07729885312134738,3.99
6531,Cruel Arena,0,0.7711093374668301,0.03095081967213115,0.006531835146984343,0.79
6533,Edengrad,0,0.4065331096608344,0.0,0.012374381157854763,9.99
6535,Dead by Daylight,0,1.147821017457282,0.30688524590163935,6.092199971312443,14.99
6538,Orion Trail,0,0.7836425768805215,0.0,0.0019365742395581723,5.59
6546,Epic Cards Battle(TCG),0,0.34142971608301875,0.0739672131147541,0.019956561655107945,0.0
6550,Allods Online RU,0,0.510463441632791,0.004721311475409836,0.02005503153169565,0.0
6552,RC Simulation 2.0,0,0.5743691671827058,0.0,0.003118212758610616,10.99
6553,80 Days,0,3.829848657522555,0.059278688524590166,0.03610562141549135,10.29
6557,Koala Kids,0,2.7172268551800265,0.13324590163934427,0.0004923493829385186,1.69
6561,Bard's Gold,0,1.5837484079393367,0.0,0.0,5.79
6563,Trials on Tatooine,0,1.5520457417245754,0.08865573770491804,0.03531786240278972,0.0
6564,BloodRayne 2,0,0.9121426264496657,0.40445901639344267,0.008599702555326121,6.99
6565,Mindshow,0,9.109467730225726,0.0,0.008140176464583503,0.0
6566,Eon Altar,0,2.8803097770358312,0.18465573770491805,0.01713375852626044,3.99
6568,Action Alien,0,0.3362001548528301,0.13272131147540986,0.005514313088911406,2.79
6569,Dungeon Nightmares II : The Memory,12,1.5786946822763765,0.0,0.003610562141549135,5.99
6570,Roogoo,0,1.535048870465879,0.002098360655737705,0.007844766834820393,0.79
6571,Virtual Desktop,0,0.8251138328436384,0.00839344262295082,0.03082107137195125,10.99
6572,Journey To The Center Of The Earth,0,0.7127044038285687,0.13534426229508198,0.01765893120139486,0.79
6574,SKYHILL,0,0.9805705968525779,0.10963934426229509,0.041685581088794554,11.99
6578,8Bit Fiesta,0,4.53933557381971,0.0,0.006925714653335158,0.0
6580,Hotel Giant 2,0,0.21317803541443606,0.0,0.0020022208239499745,5.59
6581,Kidnapped,0,0.4475439916625297,0.18937704918032788,0.013588842969103105,1.99
6582,Eco,0,1.0733458523185764,1.3544918032786886,0.07923542736090555,23.79
6584,Killers and Thieves,0,0.35737767164231815,0.0,0.0005908192595262224,7.19
6585,Devil's Bluff,0,0.6063151765701064,0.0,0.003052566174218814,10.99
6586,John Wick Chronicles,0,0.6546504979855002,0.0,0.0039059717713122457,14.99
6587,The Amber Throne,0,1.632967300333859,0.0,0.00078775901270163,10.99
6588,E.T. Armies,16,0.3121347948822338,0.0,0.004792200660601579,10.99
6589,Super Dungeon Run,0,0.7337117683290909,0.0,0.0007221124283098269,3.99
6590,Relic Hunters Zero,0,6.182236668431847,0.0739672131147541,0.1958565845329426,0.0
6591,Glass Wing,0,0.34558564509541106,0.0,0.0018052810707745678,4.79
6593,FINAL FANTASY V,12,0.8949102995497485,0.0,0.01926727251899402,10.99
6594,FINAL FANTASY VI,12,1.257266029019166,0.0,0.03423469376032497,10.99
6596,Psychonauts,0,6.856468744004938,0.1217049180327869,0.2809673811969145,6.99
6599,Sakura Clicker,0,2.024458900254252,0.05613114754098361,0.46152831156656715,0.0
6601,Empyrion - Galactic Survival,0,1.4761733896559954,0.387672131147541,0.450926388187291,14.99
6602,Dead Island Definitive Edition,18,0.8998989795802425,0.2796065573770492,0.1584708547218111,11.99
6603,Dead Island: Riptide Definitive Edition,18,0.7010982247441709,0.09652459016393443,0.03574456520133643,11.99
6605,Dungeon Souls,0,1.0579139239839932,0.09652459016393443,0.05947580545897302,10.29
6607,Hue,0,5.843617912839094,0.010491803278688525,0.02248395515419234,11.99
6608,Star Chronicles: Delta Quadrant,0,0.5759209103214538,0.11121311475409837,0.005120433582560591,0.79
6609,Sound of Drop - fall into poison -,0,2.915200212732923,0.39029508196721313,0.007319594159685973,9.99
6613,Squarelands,0,0.3509089026400959,0.19881967213114757,0.0017724577785786662,2.79
6614,Flesh Eaters,0,0.9244871316319474,0.11226229508196722,0.03909254100531836,1.59
6619,Mu Complex,0,1.9128470164282578,0.005770491803278689,0.0017396344863827647,5.99
6625,The Ship: Remasted,0,0.5108773242502042,0.0,0.015525417208661277,6.99
6628,Nimbatus - The Space Drone Constructor,0,2.0459958393601,0.0,0.009453108152419553,15.49
6629,Firewatch,0,2.232901468979435,0.13481967213114754,1.257460324024976,14.99
6630,Doorways: Holy Mountains of Flesh,0,2.0786649801321757,0.0,0.009190521814852342,14.99
6632,Machina of the Planet Tree -Planet Ruler-,0,1.7547327892206999,0.3409836065573771,0.0012144618112483459,9.99
6633,Rivals of Aether,0,2.6416419801257645,0.13219672131147542,0.1772457778578666,10.99
6634,Fallout: A Post Nuclear Role Playing Game,16,4.117496202067338,0.025704918032786888,0.24702809706635262,7.99
6635,Cross of the Dutchman,0,1.0645580703422546,0.03252459016393443,0.006860068068943355,5.99
6637,Florensia,0,0.5158439168114107,0.5718032786885247,0.010897333009039206,0.0
6639,Industry Manager: Future Technologies,0,0.5149349978811965,0.0,0.005021963705972887,17.99
6640,Sketch Tales,0,0.7843409099370882,0.0,0.0013129316878360488,1.0
6641,Fallout 2: A Post Nuclear Role Playing Game,16,5.639386786967418,0.040393442622950824,0.1634271718433922,7.99
6643,Pathologic Classic HD,0,2.1048885877799135,0.1615737704918033,0.029311199930939797,9.99
6645,Prominence Poker,0,1.3870956031272674,0.05822950819672132,0.0643992992883582,0.0
6646,ABZU,0,4.8163785140435715,0.04354098360655738,0.5503481402486758,14.99
6647,Fallout Tactics: Brotherhood of Steel,16,1.4954766678959646,0.007344262295081968,0.03141189063147747,7.99
6651,Super Rude Bear Resurrection,0,0.5460500925520007,0.00419672131147541,0.0015098714410114564,11.99
6652,Mute Crimson+,0,3.1013099978833387,0.0,0.000951875473681136,3.99
6653,Kingpin — Life of Crime,0,1.4369497129636821,0.0,0.003446445680569629,6.99
6654,CPUCores :: Maximize Your FPS,0,0.9723258996061263,6.257836065573771,0.27676599979583916,10.99
6655,Dead In Bermuda,0,1.1387855014698336,0.09127868852459017,0.00830429292556301,10.99
6658,Fingered,0,1.148783437248859,0.0,0.020580204206830068,1.59
6660,NECROPOLIS: BRUTAL EDITION,0,0.6908353065482459,0.01416393442622951,0.12190570721557714,22.99
6661,MDK,0,1.124196296872152,0.0,0.002724333252259802,6.99
6662,Zombie Party,0,2.428478635507454,0.0,0.01631317622136291,7.19
6663,Painters Guild,0,0.6882005465041929,0.027803278688524592,0.010766039840255601,6.99
6664,Zanzarah: The Hidden Portal,0,0.7076079139644168,0.0,0.013063670293968687,5.99
6666,MDK 2,0,1.8667570393038604,0.0,0.00045952609074261744,6.99
6667,Aviary Attorney,0,7.168268296909145,0.12695081967213115,0.039617713680452776,10.99
6669,MechaNika,0,4.973311869947225,0.0,0.012440027742246564,2.79
6672,CAT Interstellar,0,0.8279498897105327,0.1400655737704918,0.022352661985408737,3.99
6673,EVEREST VR™,0,0.3067481102314461,0.0,0.006006662471849923,7.19
6683,Vengeance,0,1.8987639677344417,0.23659016393442625,0.0015098714410114564,7.19
6685,Battle for Blood - Epic battles within 30 seconds!,0,0.9698820411746575,0.00839344262295082,0.01933291910338582,0.0
6689,Atonement: Scourge of Time,0,0.8672153665553495,0.14688524590163934,0.0059738391796540224,5.99
6690,Guardians of Victoria,0,0.07596938644966969,0.17468852459016396,0.0037418553103327396,1.59
6696,Ultimate Arena,0,1.67350765936117,0.15685245901639344,0.02540522815962755,3.99
6697,Paint it Back,0,27.677144228966405,0.0,0.008730995724109725,5.59
6698,Lamia Must Die,0,0.6031791642116707,0.0,0.0028556264210434063,0.0
6699,Jet Racing Extreme: The First Encounter,0,0.8029076995329283,0.21036065573770493,0.03679491055160527,2.79
6701,Stray Cat Crossing,0,4.403727271410902,0.0,0.012440027742246564,2.09
6704,Radiator 2: Anniversary Edition,0,2.254005702321212,0.0005245901639344263,0.0804498891721539,0.0
6705,Planet Centauri,0,1.6539785847869357,0.4967868852459017,0.03479268972765529,11.99
6707,Weapons Genius,0,0.2226241812191622,0.027803278688524592,0.027079216061618512,5.19
6710,MiniDrivers,3,0.39106917529388646,0.0,0.0007549357205057284,4.79
6711,Астролорды: Облако Оорта,0,0.7672249053055205,0.0,0.001969397531754074,0.0
6712,Shadow Complex Remastered,0,2.0280719592392513,0.1274754098360656,0.017790224370178465,10.99
6714,Lethal RPG: War,0,1.3996288928558507,0.0,0.002527393499084394,0.0
6719,INK,0,1.780746142458542,0.10701639344262295,0.045821315905478104,3.99
6720,WWE 2K16,16,0.5920951476961106,0.5371803278688525,0.08701454761133415,34.99
6721,NBA 2K17,0,0.3758080402830342,2.4508852459016395,0.2673785382278114,39.99
6722,Time Clickers,0,2.9397018508249,0.11750819672131149,0.1393020520794048,0.0
6723,NEKOPARA Vol. 0,0,5.861221723418303,0.07659016393442623,0.40851869467018664,1.99
6725,Burgers,0,0.24608573675585835,0.18727868852459018,0.016411646097950615,1.99
6733,Faerie Solitaire,0,3.930044259883401,0.1374426229508197,0.07398370060956136,6.99
6735,Planetary Annihilation: TITANS,0,1.4471985810141639,0.3037377049180328,0.21820924651835133,30.99
6736,Pharaonic,0,1.7467310572090753,0.02675409836065574,0.0026915099600639003,10.99
6741,Crossout,0,0.713267833442508,0.06609836065573771,0.6061805602739038,0.0
6743,Microcosmum: survival of cells,0,2.1236775199270825,0.0,0.029114260177764386,5.79
6744,Vendetta - Curse of Raven's Cry,0,0.3457877941987461,0.0,0.00508761029036469,26.99
6748,SMITE®,0,1.4366443710901475,0.06609836065573771,1.4215439617122863,0.0
6751,Job the Leprechaun,0,1.610701610706958,0.017836065573770495,0.001969397531754074,2.09
6752,Blood Code,0,0.9871773231424953,0.1799344262295082,0.04457403080203386,4.79
6753,Wanda - A Beautiful Apocalypse,0,0.5544729682728511,0.11121311475409837,0.0018052810707745678,1.69
6754,Pyramid Raid,0,0.4672212044163227,0.005770491803278689,0.002363277038104888,1.99
6755,Champion of the Gods,0,3.0415995932970143,0.0,0.0017724577785786662,4.79
6757,Psycho Starship Rampage,0,3.1790411103348695,0.0,0.0004267027985467159,6.99
6758,Novus Inceptio,0,0.7261074375431428,0.3430819672131148,0.026357103633308683,14.99
6759,Pixel Fodder,0,1.562691217869044,0.0,0.0008205823048975307,0.0
6760,"Cook, Serve, Delicious! 2!!",0,2.6547214249448605,0.09495081967213116,0.04798765319040759,9.99
6762,Affected Zone Tactics,0,0.4597585880193716,0.0015737704918032788,0.004234204693271258,0.0
6763,Dungeons and Robots,0,0.47445564700435555,0.0,0.0010831686424647405,6.19
6764,Fantastic Contraption,0,1.2872631748069192,0.0,0.005120433582560591,15.49
6765,The Oil Blue: Steam Legacy Edition,0,0.9020830994819594,0.0,0.0016411646097950617,3.99
6769,Caladrius Blaze,0,1.0783758516294795,0.1914754098360656,0.0016411646097950617,18.99
6771,Playing History 2 - Slave Trade,0,0.5458857437593211,0.040393442622950824,0.00016411646097950648,3.99
6772,Rake,0,0.8191604784535198,0.1138360655737705,0.1126167155241371,3.99
6773,The Cat Machine,0,5.275494930795752,0.0,0.0006236425517221235,6.99
6775,Ultimate Chicken Horse,0,6.680996519813587,0.3451803278688525,0.2710875702459482,10.99
6777,Memory's Dogma CODE:01,0,2.0328470467932562,0.4521967213114754,0.00452961432303437,10.99
6778,Asphyxia,0,1.151308048008832,0.15632786885245903,0.003643385433745036,4.79
6779,Toki Tori,0,2.767482993291738,0.05665573770491804,0.05862239986187959,3.99
6780,FIVE: Guardians of David,0,0.7785214684391717,0.0,0.001706811194186864,6.99
6781,Earth Overclocked,0,1.9033363861365369,0.0,0.0009190521814852345,7.19
6782,One Final Breath™,0,0.02673082093249505,0.0,0.00013129316878360492,2.79
6787,RUSH,0,3.455613800667461,0.029377049180327873,0.035646095324748724,3.99
6791,Ori and the Blind Forest: Definitive Edition,0,9.677672753196516,0.21508196721311476,0.5387286948113268,14.99
6792,Hyperdimension Neptunia U: Action Unleashed,0,5.170744982681008,0.24603278688524594,0.08107353172387602,19.49
6793,Sol 0: Mars Colonization,0,0.8232745189742856,0.0,0.00889511218508923,2.79
6794,EDGE,0,4.3944393432796485,0.02255737704918033,0.05783464084917796,4.99
6797,Shadow of Kingdoms,0,0.09366088743527082,0.0,3.2823292195901556e-05,0.0
6798,Alpha Runner,0,1.3561523906559039,0.3011147540983607,0.009748517782182664,0.79
6800,the static speaks my name,0,1.602313113884128,0.007868852459016393,0.15902885068914144,0.0
6801,Mold on Pizza 🍕,0,1.532771697973013,0.006819672131147541,0.0005908192595262224,4.79
6804,The Tape,18,0.4547679318811085,0.12065573770491804,0.007319594159685973,0.79
6805,Clown House (Palyaço Evi),0,0.287833070529701,0.003672131147540984,0.02803109153529965,0.0
6806,Scrap Mechanic,0,2.0482179984721873,0.4065573770491804,0.5866835247095384,14.99
6809,The Escapists: The Walking Dead,0,0.580607066112348,0.04301639344262295,0.015689533669640786,12.99
6810,Five Nights at Freddy's 4,0,4.75533499412499,0.10806557377049181,0.22172133878331277,5.79
6811,Spakoyno: Back to the USSR 2.0,0,0.3114986325958103,0.1374426229508197,0.018807746428251403,3.19
6814,Day of the Tentacle Remastered,0,12.594777970306854,0.12432786885245903,0.0780209655496572,10.99
6818,1979 Revolution: Black Friday,0,1.191164639564597,0.0,0.023862533426420193,4.79
6819,Super Hipster Lumberjack,0,1.22079902650573,0.0,0.009190521814852342,0.32
6821,Nova Blitz,0,0.8791146725170945,0.0,0.0014442248566196541,0.0
6822,"""Glow Ball"" - The billiard puzzle game",0,0.037199703713694666,0.1379672131147541,0.0004923493829385186,2.89
6823,Darksiders II Deathinitive Edition,0,1.0513017971010064,0.451672131147541,0.2592383617632279,24.99
6824,In Between,0,3.093345140157912,0.07029508196721312,0.006072309056241726,8.99
6827,Spooky Bonus,0,8.242537208178835,0.0,0.0004267027985467159,6.99
6828,One Way To Die: Steam Edition,0,0.41197636860629283,0.06819672131147542,0.007319594159685973,0.0
6833,DungeonUp,0,1.9827066671158415,0.1736393442622951,0.007680650373840886,3.99
6838,BlazBlue: Chronophantasma Extend,0,4.243804933632587,0.7921311475409837,0.06873197385821717,22.99
6839,Azure Striker Gunvolt,0,2.5023636561292295,0.0,0.025109818529864436,10.99
6842,Oxenfree,0,5.2212441935708265,0.20039344262295083,0.2273997683332037,14.99
6843,Fracture the Flag,0,1.1250792464047557,0.0,0.0005908192595262224,3.99
6846,iZBOT,0,2.268298506500921,0.0,0.0018052810707745678,9.29
6848,Pocket Rumble,0,1.4244794808532186,0.0,0.001969397531754074,6.99
6849,Horizon Chase Turbo,0,10.956724750076932,0.0,0.02008785482389155,15.49
6850,Shadow Ninja: Apocalypse,0,0.38529348893167004,0.0,0.0006564658439180246,1.59
6851,A Lenda do Herói - O Herói desta Canção,0,4.1177759643876515,0.17940983606557379,0.027473095567969327,11.99
6853,Maximum Override,0,0.7766387078528826,0.0,0.003774678602528641,4.99
6857,Through Abandoned: The Underground City,0,1.1658053038703164,0.1940983606557377,0.002199160577125382,0.79
6860,The chronicles of Emerland. Solitaire.,0,1.5306842894384625,0.10963934426229509,0.0007549357205057284,2.79
6861,Knight Online,0,0.2861177671209654,0.05613114754098361,0.25572626949826643,0.0
6862,Robot vs Birds Zombies,0,0.11868632582660632,0.0,0.0004267027985467159,0.79
6864,Wild Animal Racing,0,4.305971624812712,0.0,0.0510402193646264,2.99
6865,Garlock Online,0,0.07167371954013274,0.0,0.0008534055970934322,0.0
6866,Mitos.is: The Game,0,1.6305761634590565,0.03514754098360656,0.37815714938897804,0.0
6867,Stardust Galaxy Warriors: Stellar Climax,0,6.571775537419429,0.1940983606557377,0.0015098714410114564,6.99
6870,My Bones,0,0.3355799469960714,0.12852459016393444,0.006564658439180245,3.99
6871,TEKKEN 7,0,1.8296351277898886,3.7822950819672134,0.6041783394499538,34.99
6875,Mugen Souls,0,0.8338848042689704,0.0,0.004759377368405678,14.99
6876,Hogs of War,0,0.7023144954550055,0.0,0.0028556264210434063,3.99
6880,Sid Meier's Civilization® IV,0,4.0968211777967,0.03357377049180328,0.046707544794767436,9.99
6881,Moonbase Alpha,0,3.1965543352889534,0.024131147540983607,0.35885705357778813,0.0
6882,DESYNC,0,1.3892482673877633,0.1699672131147541,0.008271469633367109,10.99
6883,Small Radios Big Televisions,0,0.9468542038451963,0.0,0.0063020721016130345,8.99
6885,9Dragons,0,0.6117247982820933,0.0005245901639344263,0.0030853894664147155,0.0
6886,Queen's Quest: Tower of Darkness,0,0.7145076111939254,0.0,0.002527393499084394,6.99
6889,Bulb Boy,0,3.3184611210664157,0.0,0.015656710377444885,5.99
6890,Little King's Story,0,0.6515431616585818,0.0,0.0023961003303007897,12.99
6892,Umbrella Corps™/Biohazard Umbrella Corps™,18,0.09253773537788582,0.17940983606557379,0.07207994966219909,14.99
6895,PewDiePie: Legend of the Brofist,0,3.0107169031109455,0.1400655737704918,0.0376811394408946,5.59
6896,High Fidelity,0,0.5715929535421098,0.21875409836065576,0.0004267027985467159,0.0
6897,Fantasy Strike,0,2.684482439873228,0.0,0.004989140413776986,14.99
6898,Three Digits,0,0.31322671598703616,0.15685245901639344,0.0010175220580729383,1.59
6899,Circa Infinity,0,5.707588466336977,0.0,0.003544915557157332,5.79
6901,Call of Tomsk-7,0,1.718676791389689,0.0,0.012013324943699848,0.79
6902,Steel Ocean,0,0.8142655043396005,0.2497049180327869,0.1314244619523885,0.0
6904,Acceleration of SUGURI 2,0,1.325548974620474,0.18727868852459018,0.006663128315767949,5.99
6905,Anarcute,0,6.317602869408816,0.0,0.006531835146984343,11.99
6906,Sora,0,5.20221591002712,0.0,0.005875369303066319,5.99
6909,Angry Arrows,0,5.664912561634841,0.0,0.0014114015644237526,3.99
6910,Collisions,0,1.6143595455822672,0.13534426229508198,0.0028556264210434063,2.89
6914,Russian Horror Story,18,0.47806645641438766,0.1180327868852459,0.024814408900101326,3.19
6915,Sid Meier's Civilization® III Complete,0,2.39119649103576,0.006819672131147541,0.09462955140078323,2.99
6918,F1 2016,0,1.9778399089018346,0.9321967213114755,0.12305452244243367,39.99
6919,Stellar 2D,0,0.19151439841822154,0.11698360655737707,0.028982967008980783,0.79
6920,SEASON OF MYSTERY: The Cherry Blossom Murders,0,1.3080906497426419,0.0,0.003282329219590122,2.99
6924,The Deletion,0,1.3046841475991238,0.058754098360655746,0.0028228031288475056,1.59
6925,Void Invaders,0,2.9751112512145834,0.0,0.006925714653335158,1.99
6928,RIFT,0,1.0832340332669095,1.0476065573770492,0.29905301519685606,0.0
6930,Rise of the Tomb Raider™,18,4.850356522595024,0.3441311475409836,1.7311660769962225,39.99
6932,Labyronia RPG,0,0.9674727156585489,0.1238032786885246,0.031543183800261075,0.79
6933,Fingerbones,0,1.3886251017067226,0.009442622950819672,0.09551578029007256,0.0
6934,Epic Manager - Create Your Own Adventuring Agency!,0,0.8897034307197971,0.0,0.0031838593430024193,13.59
6937,Alien Attack,0,0.8400732540303221,0.13534426229508198,0.0023961003303007897,1.59
6941,FINAL FANTASY VII,12,5.074157497691447,1.4714754098360656,0.41029115244876535,9.99
6944,Gun Rocket,0,0.9882464254837066,0.10963934426229509,0.018774923136055503,0.79
6946,WARMODE,0,0.5058967702667604,0.018885245901639345,0.49395772425611756,0.0
6947,Braveland Pirate,0,3.0190064674137953,0.0,0.003807501894724542,5.99
6948,FINAL FANTASY VIII,16,2.944104622775528,1.295737704918033,0.19382154041679672,9.99
6950,Labyrinth Simulator,0,0.5301477026963358,0.0,0.0008534055970934322,3.99
6951,Undertale,0,8.303908500426484,0.23239344262295084,3.35545951460259,6.99
6954,Egyptian Senet,0,1.4739447341616325,0.007344262295081968,0.0039059717713122457,2.79
6956,King Lucas,0,0.8661193780100659,0.13429508196721313,0.000951875473681136,3.99
6960,Incitement 3,0,0.7448299644035202,0.1594754098360656,0.0005579959673303208,5.99
6961,Layers of Fear,0,3.269048703771445,0.12695081967213115,0.5295381729964744,14.99
6962,Crashlands,0,2.407638168959429,0.07501639344262295,0.06164214274390249,11.39
6963,Blaster Shooter GunGuy!,0,0.2456268914453447,0.18465573770491805,0.01020804387292528,1.59
6964,Uebergame,0,0.3624313969211952,0.0015737704918032788,0.01230873457346296,0.0
6966,Dungeon Siege,0,1.0869811879676867,0.1820327868852459,0.04844717928115021,4.99
6969,Sid Meier's Pirates!,0,5.202111169785939,0.22872131147540986,0.08973888086359394,5.99
6970,Dungeon Siege II,0,0.8567191539540476,0.7879344262295083,0.03466139655887169,4.99
6971,TRON RUN/r,0,1.5444015446447474,0.0,0.006203602225025331,15.49
6972,RFLEX,0,4.116386875082674,0.0,0.0021663372849294806,2.79
6974,逆刃 War Blade,0,0.7711756160061843,0.0,0.0030197428820229123,2.89
6975,Pumped BMX +,0,2.1172460453980166,0.0,0.0017396344863827647,7.99
6976,Wayward Terran Frontier: Zero Falls,0,1.2537012538942025,0.0,0.004234204693271258,22.99
6977,FINAL FANTASY XIV Online,16,1.7342328603890749,4.891278688524591,0.38780719729457297,9.99
6979,Endless Space® 2,0,1.5246406851118872,0.8330491803278689,0.3297756166922196,34.99
6981,X4: Foundations,0,0.7434146856212916,0.45796721311475413,0.16972924394500521,39.99
6983,Rogue Wizards,0,1.315253039485353,0.0,0.0025602167912802958,10.99
6984,The Franz Kafka Videogame,0,0.5934379250239068,0.0,0.004825023952797479,5.99
6988,Toy Odyssey: The Lost and Found,0,0.8323513027750021,0.0419672131147541,0.006269248809417134,10.99
6989,Silver Creek Falls: Chapter 1,0,2.652121077214061,0.0,0.014409425274000636,0.0
6990,NOBUNAGA'S AMBITION: Sphere of Influence,0,1.8418165754670164,0.0,0.011717915313936737,49.99
6991,WARSHIFT,0,1.0753911008147188,0.0,0.0159849432994039,9.99
7000,Wild Island Quest,0,0.3221941155972926,0.13849180327868854,0.0058097227186745155,1.59
7004,Epic Quest of the 4 Crystals,0,1.8318403899322788,0.0,0.0009846987658770367,6.99
7005,Lost Lands: A Hidden Object Adventure,0,3.3083963006648363,0.0,0.13565866664565976,0.0
7006,New York Mysteries: High Voltage,0,4.051229913428946,0.0,0.0028556264210434063,4.99
7007,Call of Duty®: Modern Warfare® Remastered,0,0.34285881494488807,0.291672131147541,0.07089831114314664,34.99
7010,TSIOQUE,0,24.383631280285506,0.0,0.013687312845690811,10.99
7011,Bad Rats Show,0,1.9907838875964994,0.0,0.016641409143321923,1.59
7016,Squad,0,1.4511570874503752,0.8199344262295083,0.9665474852927033,32.5
7018,World of Soccer online,0,0.5224660398422695,0.0015737704918032788,0.03249505927394221,0.0
7019,Hurtworld,0,1.0619158994139632,3.724065573770492,0.6839061161937978,19.49
7020,Ice Lakes,0,1.8952076424386182,0.6384262295081967,0.029015790301176684,10.99
7022,Iconoclasts,0,3.1461131190332674,0.0,0.03928948075849376,17.49
7023,Insanity Clicker,0,0.7006990294661348,0.04721311475409837,0.069782319208486,0.0
7027,ROOT,0,1.4689566413942636,0.0,0.001280108395640148,7.19
7029,P·O·L·L·E·N,0,0.6484933210417937,0.0,0.0026586866678679996,6.99
7031,Rogue Operatives Hide and Seek,0,0.8132718478341936,0.025704918032786888,0.00045952609074261744,0.0
7034,Auto Dealership Tycoon,0,0.33505197632194966,0.0,0.002199160577125382,4.99
7035,RoShamBo,0,0.6643006645307157,0.002622950819672131,0.011127096054410514,0.0
7037,Pretty Girls Mahjong Solitaire,0,1.2443741366076495,0.15895081967213115,0.016411646097950615,3.99
7040,Atom Universe,0,0.2046627316216266,0.0031475409836065576,0.00912487523046054,0.0
7041,Water Bears VR,0,5.536884847528431,0.0005245901639344263,0.0013129316878360488,6.99
7042,Sound Shift,0,1.7050378211617991,0.0,0.0001969397531754076,0.0
7043,ARCADE GAME SERIES: PAC-MAN,0,1.9467743605723555,0.011016393442622952,0.006499011854788442,2.79
7044,Last Horizon,0,1.6599430395639616,0.0,0.001378578272227852,3.99
7045,Battleborn,0,0.5720428850510475,0.39449180327868855,0.29823243289195855,0.0
7048,Dark Heritage: Guardians of Hope,0,0.49309497607885927,0.03724590163934426,0.00347926897276553,6.99
7050,Punch Club,0,1.3434466341533369,0.19829508196721313,0.25076995237668537,6.99
7051,Hearts of Iron IV,0,2.485269142485828,2.1933114754098364,1.3084020735130146,34.99
7054,"Warhammer 40,000: Deathwatch - Enhanced Edition",0,0.6472930612208458,0.0,0.015262830871094068,10.99
7057,HELLDIVERS™ A New Hell Edition,16,4.0527621601232875,0.7428196721311476,0.4656640463832507,15.99
7058,Spaceport Hope,0,1.2469000862814579,0.15895081967213115,0.01125838922319412,0.79
7060,Mighty Gunvolt,0,1.0061262935172328,0.0,0.003380799096177826,3.99
7061,Mountain Crime: Requital,0,3.164693176781273,0.0,0.00564560625769501,1.99
7062,Tower Unite,0,2.039356385345593,0.8036721311475411,0.2016334839594212,10.99
7063,Karma. Incarnation 1,0,2.082803807074473,0.0,0.0070570078221187625,3.99
7065,Dead Effect 2,0,0.9662440325327916,0.08131147540983608,0.04651060504159203,8.99
7068,Square Brawl,0,1.5160724308488585,0.006295081967213115,0.0005579959673303208,3.99
7069,Office Battle,0,0.9374130065676807,0.14531147540983608,0.02304195112152266,0.79
7071,DEADBOLT,0,7.746183608495811,0.2932459016393443,0.07854613822479163,6.99
7073,Gothic® 3,0,1.5090532334470774,0.8666229508196722,0.11783561898328539,8.99
7074,Gothic II: Gold Edition,0,3.0262838320611913,0.06924590163934427,0.13733265454765073,8.99
7077,Toby: The Secret Mine,0,0.8981995491755455,0.0,0.012472851034442465,6.99
7078,DISTRAINT: Deluxe Edition,0,5.762944130106001,0.12695081967213115,0.2357040612587667,3.99
7080,The Guild Gold Edition,0,0.8425353253003349,0.020459016393442626,0.004923493829385183,8.99
7081,Ben and Ed,0,1.224672758110684,0.0,0.04345803886737322,6.99
7083,A Wolf in Autumn,0,1.0595314513470908,0.0,0.004267027985467159,1.59
7085,Doors,0,0.6113741745423665,0.0,0.006400541978200738,3.99
7086,ANKI,0,0.6336480021228948,0.20826229508196722,0.0001969397531754076,0.79
7087,SpellForce - Platinum Edition,0,1.7352923395271458,1.5139672131147541,0.02438770610155461,8.99
7089,The Dwarf Run,0,0.9905673700119307,0.0,0.0006236425517221235,5.99
7092,Rot Gut,0,2.095130799985863,0.0,0.0047265540762097755,1.69
7093,Missing Translation,0,2.7648849923089407,0.002622950819672131,0.08730995724109725,0.0
7096,We Are The Dwarves,0,0.8981995491755455,0.0,0.022976304537130857,19.99
7098,Painkiller: Resurrection,0,0.13732189395897676,0.0,0.00561278296549911,8.99
7100,Ittle Dew 2,0,1.572293296436627,0.2780327868852459,0.00187092765516637,14.99
7101,Bear Simulator,0,1.883456306428015,0.0,0.010404983626100688,10.99
7102,The Last Dream: Developer's Edition,0,1.7503682081932836,0.0,0.002888449713239308,6.99
7104,Backgammon Blitz,0,0.6258730397122189,0.0,0.00026258633756720984,2.79
7112,InCell VR,0,0.8218249600034045,0.0,0.004037264940095851,0.0
7113,The Rose and I,0,2.976330562711659,0.0,0.001969397531754074,0.0
7114,Rogue State,0,0.9749029622963993,0.0,0.0038403251869204434,10.29
7115,VERSUS: The Lost Ones,0,1.8393225292753737,0.0,0.0021663372849294806,2.89
7118,AquaNox,0,0.9638247389068805,0.0,0.003544915557157332,4.49
7119,Masochisia,18,2.5196983818994902,0.0,0.006827244776747454,5.59
7121,Bleed 2,0,7.2622107107586045,0.1458360655737705,0.010536276794884293,6.99
7122,LocoSoccer,0,0.7205089102986646,0.14426229508196722,0.003052566174218814,0.75
7123,AquaNox 2: Revelation,0,1.1095645581390814,0.0,0.0013457549800319503,4.49
7124,Battlevoid: Harbinger,0,1.4646699992863308,0.0,0.017527638032611256,6.99
7125,The Guild II,0,0.7007903559876405,0.5340327868852459,0.01578800354622849,8.99
7129,The Guild II - Pirates of the European Seas,0,0.8007303575464306,0.0,0.0019037509473622716,8.99
7131,TowerClimb,0,3.7410827756960217,0.0,0.00564560625769501,10.99
7132,ACE Academy,0,8.5402016437739,0.0005245901639344263,0.03354540462421105,14.99
7133,Tahira: Echoes of the Astral Empire,0,1.3430072991142232,0.0,6.564658439180268e-05,10.99
7135,Chaser,0,0.984725397428697,0.0,0.024190766348379203,4.49
7136,The Adventure Pals,0,5.899630037688634,0.0,0.004299851277663061,10.99
7138,EVERSPACE™,0,1.3812646399032362,0.17416393442622952,0.16569197900490937,22.99
7139,Dracula's Legacy,0,1.370775658051179,0.17311475409836066,0.01634599951355881,1.99
7140,The Guild II Renaissance,0,1.495423544588331,0.8340983606557377,0.07634697764766625,8.99
7141,12 Labours of Hercules IV: Mother Nature (Platinum Edition),0,2.7720958756210834,0.0,0.008238646341171206,1.99
7144,Over The Hills And Far Away,0,2.312293484839702,0.0,0.0025930400834761965,4.79
7146,Gridworld,0,1.9039263758679603,0.0,0.0029212730054352094,0.79
7147,ArcaniA,0,0.31632967415021085,0.2995409836065574,0.04588696248986991,17.99
7148,GRIP: Combat Racing,0,3.261240722117073,0.0,0.05235315105246245,24.99
7151,Sphere III: Rage of the Devastator,0,0.28154115952403297,0.0,0.006860068068943355,0.0
7152,Faeria,0,1.9856399169901628,1.0748852459016394,0.1793792918506002,18.99
7154,MachineCraft,0,1.1412666585993734,0.005770491803278689,0.02465029243912182,0.0
7155,Aurora Dusk: Steam Age,0,1.90648977825718,0.128,0.002527393499084394,6.99
7161,A Kiss For The Petals - Remembering How We Met,0,4.794220017412801,0.11278688524590165,0.03338128816323154,5.59
7162,Looterkings,0,1.3333082299510293,0.06609836065573771,0.007615003789449083,13.59
7164,Little Big Adventure - Enhanced Edition,0,2.037460658112406,0.0,0.0005251726751344197,4.79
7165,SimplePlanes,0,3.628353562897168,0.3892459016393443,0.1614249510194422,9.99
7166,Lords of the Realm II,0,7.061024302602759,0.0,0.01017522058072938,1.99
7168,Space Food Truck,0,0.9364223159523017,0.0,0.0020022208239499745,6.99
7170,Zoombinis,0,4.785788923849029,0.24288524590163937,0.01234155786565886,6.99
7172,The Jackbox Party Pack 2,0,6.343726171439338,0.13849180327868854,0.015262830871094068,18.99
7173,Labyronia RPG 2,0,1.1105003087335619,0.11016393442622952,0.013785782722278513,0.79
7174,Shmadow,0,1.8215707871533382,0.08498360655737705,0.003282329219590122,1.59
7175,Moonbase 332,0,0.12051856488447046,0.16052459016393444,0.0008205823048975307,3.99
7179,Hyperspace Invaders II: Pixel Edition,0,1.6374536706690783,0.029377049180327873,0.008599702555326121,3.99
7180,Urizen Shadows of the Cold Deluxe Frosty Edition,0,0.049291446468345164,0.18465573770491805,0.0007549357205057284,1.69
7181,Romance of the Three Kingdoms Maker / 三国志ツクール,0,0.5490564111715566,0.0005245901639344263,0.002199160577125382,0.0
7183,Hylics,0,15.45739131972261,0.35829508196721316,0.014376601981804736,1.99
7187,A Wise Use of Time,0,1.7252527234295572,0.0,0.00022976304537130872,5.19
7196,Business Tour - Board Game with Online Multiplayer,0,0.6343690291160312,0.14636065573770493,0.492480676107302,0.0
7197,No Time To Live,0,1.1648119853580752,0.14426229508196722,0.0006892891361139262,1.69
7198,Clustertruck,0,3.5076235786786305,0.15895081967213115,0.16024331250038978,10.99
7201,Invasion,0,0.3825624515344019,0.15580327868852462,0.012210264696875256,3.19
7202,Woof Blaster,0,2.5526197942409405,0.0,0.0002954096297631114,0.0
7203,CivCity: Rome,0,1.0335920682976187,0.0,0.004890670537189282,5.99
7204,Nation Red,0,2.9018046260064025,0.11645901639344264,0.07434475682371627,1.79
7205,Little Big Adventure 2,0,30.416937313455332,0.0,0.004628084199622072,2.79
7207,Old School Musical,0,5.3783743440747225,0.0,0.007155477698706466,10.29
7209,Highschool Romance,0,1.518310476791977,0.22504918032786886,0.012932377125185081,10.29
7214,Evochron Legacy,0,1.6363071536818734,0.0,0.005579959673303207,18.99
7215,Euclidean,0,0.7474290235353758,0.0,0.003807501894724542,3.99
7218,Absent,0,1.5546894858574196,0.0,0.004890670537189282,0.0
7219,Mooch,0,4.3248891526050555,0.0,0.00078775901270163,3.99
7225,Ace Of Words,0,0.7709904264780986,0.14268852459016396,0.021302316635139897,3.99
7226,Timberman,0,5.58577924113451,0.10491803278688526,0.1768847216437117,0.79
7227,openCanvas 7,0,1.3714919343199232,1.3550163934426231,0.0025930400834761965,45.0
7229,War of Beach,0,0.4509886835770101,0.054032786885245904,0.01365448955349491,0.0
7230,Epistory - Typing Chronicles,0,8.5954135955375,0.15632786885245903,0.12023171931358619,10.99
7237,Without Within 2,0,3.2567722224023177,0.0,0.0033479758039819253,3.99
7238,Civilization IV®: Warlords,0,2.2700443391423373,0.0,0.0013457549800319503,2.99
7242,Dragon's Wake,0,2.370866164101957,0.06452459016393443,0.008238646341171206,2.79
7244,Spheroid,0,0.14386979906783853,0.005770491803278689,0.0001969397531754076,1.59
7245,Prospekt,0,0.5204360021908276,0.0,0.03544915557157332,7.5
7246,Massive Cleavage vs Zombies: Awesome Edition,0,0.298417540060032,0.5057049180327869,0.0020022208239499745,2.09
7253,Tinboy,0,0.5825526665416147,0.1138360655737705,0.010930156301235108,1.69
7254,Comedy Quest,0,1.5889096595985124,0.0,0.004857847244993382,0.0
7256,I and Me,0,11.660877178238307,0.0,0.0070570078221187625,6.99
7257,Flamebreak,0,5.979647358957129,0.0,0.009879810950966269,7.19
7258,Game Corp DX,0,2.5620799702187864,0.2932459016393443,0.0859313789688694,1.99
7259,Expand,0,3.048551324574364,0.0,0.00833711621775891,4.79
7260,Destiny Warriors RPG,0,0.31030166129473025,0.18885245901639347,0.024781585607905426,1.59
7261,Call of Cthulhu®,0,1.031662608194258,0.0,0.07670803386182116,39.99
7262,Kopanito All-Stars Soccer,0,1.6573831960891423,0.12327868852459017,0.04631366528841663,4.79
7264,The Secret Order 2: Masked Intent,0,1.2989819586189286,0.11750819672131149,0.003544915557157332,6.99
7268,Deathmatch Classic,0,1.7775691933665076,0.09652459016393443,0.04726554076209776,3.99
7269,Portal,0,18.368462506546877,0.0718688524590164,1.7324461853918627,7.19
7270,Garry's Mod,0,8.447473483430612,0.9836065573770493,12.474623492221044,6.99
7271,Atari Vault,0,1.5762326110063638,0.03934426229508197,0.010142397288533478,6.99
7272,Cloney,0,0.4019693676969331,0.0,0.004037264940095851,0.0
7274,Else Heart.Break(),0,0.7367089488425156,0.0,0.014081192352041626,18.99
7276,Concrete Jungle,0,3.737613637657674,0.0,0.00777912025042859,5.19
7277,The Incredible Adventures of Van Helsing: Final Cut,0,0.9464702969966553,0.06557377049180328,0.05077763302705919,29.99
7278,Okhlos: Omega,0,1.4597435595450288,0.17783606557377052,0.01844669021409649,9.99
7282,The Deer,0,0.5806867875616969,0.10596721311475411,0.07365546768760234,0.59
7283,Heaven Island - VR MMO,0,0.499455459752493,0.19514754098360657,0.06823962447527865,0.79
7286,Adam's Venture: Origins,0,0.7220386531549986,0.0,0.0017724577785786662,13.99
7287,Normality,0,0.6760992969235942,0.10963934426229509,0.006236425517221231,2.09
7290,NeuroVoider,0,1.345816684863605,0.09285245901639345,0.009978280827553972,10.59
7293,The Final Take,0,0.35887507162537136,0.17731147540983608,0.005908192595262219,1.59
7295,Black Closet,0,6.437346437473269,0.0,0.0025930400834761965,14.99
7296,Wuppo,0,7.269526580125139,0.4925901639344263,0.055996536486207484,10.99
7297,Reverse Crawl,0,3.206364097982041,0.05245901639344263,0.009485931444615453,4.79
7299,VERGE:Lost chapter,0,0.24812093802107063,0.1416393442622951,0.004923493829385183,3.99
7300,The Juicer,0,2.3303056599138112,0.09862295081967214,0.0035777388493532336,0.79
7301,MXGP2 - The Official Motocross Videogame,0,0.8829651298358502,0.0,0.009584401321203157,15.49
7303,Rabi-Ribi,0,14.88648560729999,1.690754098360656,0.21541926668169972,13.59
7304,Budget Cuts,0,1.1415851357323052,0.0,0.014803304780351452,22.99
7305,Supreme Commander 2,0,2.2159622002059822,1.5181639344262297,0.2015021907906376,8.99
7309,Dinosaur Hunt,0,0.643632995836344,0.1437377049180328,0.09587683650422747,0.79
7316,The Aquatic Adventure of the Last Human,0,1.2419053592459652,0.011016393442622952,0.006334895393808935,7.19
7321,POSTAL Redux,0,3.588834736361595,0.0,0.03869866149896754,4.99
7322,Life in Bunker,0,0.5593225030464897,0.3698360655737705,0.005153256874756491,11.99
7323,Flinthook,0,1.1918680886086246,0.10806557377049181,0.016214706344775207,10.99
7325,Poi,0,3.9792143241720743,0.0,0.015591063793053082,7.19
7326,FATED: The Silent Oath,0,0.978564771802452,0.0,0.0005908192595262224,6.99
7328,ARSLAN: THE WARRIORS OF LEGEND,0,0.9139353967397026,0.03567213114754099,0.002724333252259802,49.99
7332,The Park,0,0.8509511331231935,0.0,0.07546074875837691,9.99
7334,The Guest,0,1.4136252416936976,0.0,0.010798863132451502,6.99
7335,Californium,0,0.9100408474443311,0.0,0.003052566174218814,5.19
7337,Deathstate: Abyssal Edition,0,1.9467743605723555,0.0,0.006499011854788442,6.99
7338,FlatOut 4: Total Insanity,0,0.3529026167805659,0.0,0.02327171416689397,22.99
7340,Star Command Galaxies,0,0.4344469861780661,0.0,0.007450887328469578,11.39
7342,Sakura Swim Club,0,2.369665904281009,0.3241967213114754,0.07349135122662284,6.99
7346,Dead Secret,0,1.646549370948656,0.0,0.010076750704141676,10.99
7348,Overfall,0,1.662245236225824,0.4674098360655738,0.010536276794884293,10.99
7349,Press X to Not Die,0,3.968909654602205,0.0,0.07391805402516956,1.99
7351,Hyperdrive Massacre,0,0.4089869296726925,0.1300983606557377,0.0030853894664147155,6.99
7352,Out of the Park Baseball 17,0,4.141711038363162,0.0,0.01706811194186864,14.99
7353,The Last Door: Season 2 - Collector's Edition,0,5.851619644850719,0.0,0.009617224613399058,6.99
7354,Tabletopia,0,0.4417008929475217,0.059278688524590166,0.020842790544397277,0.0
7355,Atlas Reactor,0,1.669105264580188,0.22295081967213118,0.15696098328079966,0.0
7356,Kindred Spirits on the Roof,18,9.967419685444986,0.18098360655737705,0.01628035292916701,26.99
7358,Osiris: New Dawn,0,0.7187765570551413,0.2601967213114754,0.3079481273819453,18.99
7359,Giant Machines 2017,0,0.831991866631649,0.06032786885245902,0.005941015887458122,14.99
7361,Crusaders of the Lost Idols,0,1.9758589175154664,0.05455737704918033,0.06787856826112373,0.0
7362,Miner Mayhem,0,0.5773350602833259,0.18255737704918035,0.00036105621415491364,0.79
7363,Age of Barbarian Extended Cut,18,1.3964511502480432,0.0,0.01207897152809165,9.99
7364,Nyctophilia,0,0.5864798970875159,0.0,0.00617077893282943,0.0
7369,Risen,0,2.472754886765548,0.3409836065573771,0.14222332508484,7.99
7375,THE GAME OF LIFE,0,0.9137960344758715,0.24498360655737708,0.008960758769481034,3.99
7376,Draw a Stickman: EPIC 2,0,1.5734571847362102,0.0,0.00617077893282943,3.99
7377,Planetbase,0,1.2107539449050206,0.7060983606557377,0.17521073374172072,15.49
7378,Rush for Berlin Gold,0,2.5462887532287772,0.0,3.2823292195901556e-05,3.99
7382,Burly Men at Sea,0,0.6435357260122881,0.0,0.0052189034591482945,7.19
7383,Secret Files: Tunguska,0,1.566692084066898,0.0,0.002199160577125382,7.99
7387,ARCADE GAME SERIES: DIG DUG,0,1.50140965973419,0.0010491803278688525,0.0035120922649614313,2.79
7389,ARCADE GAME SERIES: GALAGA,0,2.1756934801405166,0.0015737704918032788,0.006991361237726961,2.79
7392,Lost Horizon,0,3.063323752962607,0.017836065573770495,0.004496791030838467,7.99
7393,Fairy Tale Mysteries 2: The Beanstalk,0,1.5009635702089283,0.14216393442622952,0.0036762087259409374,6.99
7394,Eaten Alive,0,0.1581612651018783,0.11331147540983608,0.012046148235895749,0.79
7395,Stigmat,0,0.8409928228179173,0.11908196721311476,0.023928180010811994,3.19
7396,Klepto,0,0.17555223370305778,0.0,0.00321668263519832,9.99
7397,Dishonored 2,18,1.542347616637746,0.5807213114754098,0.8527819545417097,29.99
7401,Zero Punctuation: Hatfall - Hatters Gonna Hat Edition,0,2.483617844228325,0.11540983606557378,0.004956317121581084,3.99
7402,GabeN: The Final Decision,0,0.5608743541126008,0.2140327868852459,0.019759621901932537,0.79
7404,nail'd,0,1.4667441811496962,0.11016393442622952,0.03203553318319959,3.99
7405,The Consuming Shadow,0,6.019656019783418,0.0,0.0055471363811073066,6.99
7406,Sky To Fly: Faster Than Wind,0,0.7843409099370882,0.0,0.00016411646097950648,2.79
7407,ALPAGES : THE FIVE BOOKS,0,0.19386157313651034,0.0,0.0015755180254032586,0.79
7409,Risen 2: Dark Waters,0,1.233946653764319,0.6594098360655738,0.12400639791611481,7.99
7410,Clergy Splode,0,0.24659679855370567,0.11593442622950821,0.011455328976369528,0.79
7411,Dungelot: Shattered Lands,0,1.6747154679522045,0.6798688524590164,0.010076750704141676,6.99
7412,Conquest of Elysium 4,0,3.747440013867099,0.0,0.007089831114314665,18.99
7413,The Dwarves,0,1.1022957358848622,0.061377049180327874,0.0376483161486987,34.99
7414,World Ship Simulator,0,0.06510387637032602,0.0,0.0032495059273942215,14.99
7415,AI War: Fleet Command,0,2.0241374491655466,0.17731147540983608,0.03984747672582408,6.99
7417,Lords of Magic: Special Edition,0,3.17263972449512,0.0,0.0013457549800319503,3.99
7418,Black & White Bushido,0,0.7850534943986647,0.0,0.0018381043629704685,9.99
7420,Murder,0,0.26320991851753406,0.0,0.0063020721016130345,0.79
7424,Club Life,0,1.8454190867607505,0.0,0.00022976304537130872,9.29
7425,Tidalis,0,0.7028687281980927,0.0,0.0031510360508065177,3.99
7426,WARTILE,0,1.4652155721067994,0.0,0.011028626177822812,14.99
7430,Endless Sky,0,3.535314954294962,0.026229508196721315,0.12098665503409191,0.0
7433,SC2VN - The eSports Visual Novel,0,5.063109972531192,0.08078688524590165,0.024453352685946412,0.0
7435,Voxel Turf,0,2.1364324375355825,0.0,0.0070570078221187625,5.59
7436,Nex Machina,0,2.6394686875278404,0.16891803278688525,0.04116040841366013,14.99
7437,Dead Acres,0,1.3404208809267604,0.0,0.0008205823048975307,3.99
7438,Relive,0,0.7834456109791973,0.00419672131147541,0.00078775901270163,0.0
7439,Vikings - Wolves of Midgard,18,0.4641325932948606,0.12065573770491804,0.08704737090353004,22.99
7440,The Political Machine 2016,0,1.2329020371075379,0.0015737704918032788,0.019989384947303845,6.99
7442,Game Tycoon 2,0,0.35063937075837126,0.2035409836065574,0.004398321154250763,8.29
7444,Hob,0,3.0190064674137953,0.5786229508196722,0.08445433082005385,14.99
7445,This Book Is A Dungeon,0,1.074074808708194,0.0,0.002789979836651604,3.99
7446,Curvatron,0,1.8827605037111927,0.16629508196721313,0.0014770481488155548,0.79
7448,SUPERFIGHT,0,0.6043198243150327,0.21088524590163937,0.007582180497253182,6.99
7449,Godot Engine,0,11.359097566004538,0.0015737704918032788,0.01788869424676617,0.0
7450,Ragdoll Runners,0,3.561241492451892,0.0,0.002527393499084394,3.99
7456,UTOPIA 9 - A Volatile Vacation,0,2.6093177817355686,0.0,0.0006236425517221235,8.99
7457,Bitardia,0,2.819482757103128,0.0,0.01815128058433338,3.99
7459,123 Slaughter Me Street,0,0.6101371921480616,0.0,0.004956317121581084,3.99
7462,Charlie Murder,0,5.022918516167045,0.7160655737704918,0.007450887328469578,6.99
7463,LEGO® MARVEL's Avengers,0,1.8447522757917885,0.03095081967213115,0.07162042357145647,24.99
7465,Sky Break,0,0.6949364956470571,0.017836065573770495,0.011914855067112144,6.99
7468,Dangerous Golf,0,0.2624228630231693,0.0005245901639344263,0.014967421241330959,14.99
7472,Flight of the Paladin,0,0.3657695430196402,0.18255737704918035,0.007910413419212194,0.79
7473,Pony Island,0,8.473716943183746,0.1516065573770492,0.31733558894997305,3.99
7474,Zero Reflex : Black Eye Edition,0,1.6363071536818734,0.007868852459016393,0.003807501894724542,2.99
7476,Staxel,0,1.054183575225208,0.13272131147540986,0.059574275335560714,14.99
7477,Perfect Universe - Play with Gravity,0,1.069045896736668,0.0,6.564658439180268e-05,6.99
7479,Alpha Polaris : A Horror Adventure Game,16,1.1079586354640576,0.0,0.00213351399273358,6.99
7481,Turok,0,8.43826176853328,1.0974426229508198,0.05209056471489524,14.99
7482,Turok 2: Seeds of Evil,0,6.455888382266941,0.0,0.03088671795634305,14.99
7483,Disgaea PC / 魔界戦記ディスガイア PC,0,2.7215303078389494,0.5198688524590165,0.07933389723749326,10.99
7484,Lowglow,0,4.790744835442121,0.16262295081967215,0.010569100087080193,5.59
7485,Flat Kingdom Paper's Cut Edition,0,1.3546461824941392,0.0,0.0022319838693212837,5.59
7486,Legend of Dungeon: Masters,0,0.5151733218553269,0.018360655737704918,0.0031510360508065177,0.0
7487,Ant War: Domination,0,0.4517138820971594,0.25022950819672135,0.0024945702068884935,1.99
7488,Lost Moon,0,0.9053992330073298,0.18098360655737705,0.015886473422816193,1.69
7491,DarkMaus,0,1.5561015563931573,0.0,0.00830429292556301,6.99
7492,Refunct,0,7.80588145010662,0.06767213114754099,0.40743552602772193,1.99
7493,Vortex: The Gateway,0,0.4942641309264953,0.0,0.008107353172387602,5.79
7496,Twilight Struggle,0,2.316854472159304,0.4013114754098361,0.026849453016247204,7.19
7498,Stop Online - Battle of Words,0,0.624888211357847,0.0,0.0021663372849294806,3.99
7499,KartKraft™,0,2.402873092532538,0.0,0.008369939509954813,15.99
7502,Umineko When They Cry - Question Arcs,0,15.405687819595597,0.0,0.0075493572050572815,18.99
7506,Alekhine's Gun,0,0.5839193426747994,0.0,0.005448666504519603,29.99
7510,Crush Your Enemies,0,1.8902723338334677,0.09914754098360656,0.0064661885625925414,6.99
7512,Eventide: Slavic Fable,0,7.628004179853536,0.0,0.011882031774916244,6.99
7515,Dub Dash,0,0.9032942407624233,0.0,0.00347926897276553,3.99
7516,The Uncertain: Last Quiet Day,0,1.5156810416766144,0.0005245901639344263,0.039453597219473266,10.99
7517,Machinarium,0,7.856417261047273,0.12642622950819674,0.18384325958924275,7.99
7519,Star Sky - ブルームーン,0,1.4058572680598862,0.0,0.0030197428820229123,2.79
7521,AltspaceVR—The Social VR App,0,1.4641638656592875,0.0,0.01020804387292528,0.0
7524,Soccer Manager 2016,0,0.8677884984935565,0.008918032786885247,0.021039730297572685,0.0
7527,Samorost 2,0,1.792002602319014,0.027803278688524592,0.025109818529864436,3.99
7528,Legend of Mysteria RPG,0,0.8115835704357943,0.0918032786885246,0.016149059760383402,1.59
7529,There Was A Caveman,0,1.026575164640366,0.0,0.0007221124283098269,4.99
7530,The Last NightMary - A Lenda do Cabeça de Cuia,0,1.4503980024267948,0.1300983606557377,0.015919296715012094,2.79
7531,NEKO-NIN exHeart,0,10.834263458089184,0.21193442622950823,0.018873393012643205,6.99
7533,Sakura Dungeon,0,4.489870320895379,0.8477377049180329,0.03377516766958236,14.99
7536,Gabe Newell Simulator 2.0,0,0.2942146100253008,0.0,0.015295654163289969,1.99
7537,Killing Room,0,0.7844608982790348,0.39396721311475413,0.027112039353814413,6.99
7539,Indie Game Battle,0,0.25744867137698446,0.1259016393442623,0.0026586866678679996,3.99
7541,Last Days of Spring Visual Novel,0,0.5458857437593211,0.0,0.00016411646097950648,2.09
7545,Poker Pretty Girls Battle: Texas Hold'em,0,0.28774856378847713,0.1274754098360656,0.0011816385190524443,6.99
7546,Lethe - Episode One,0,3.104358276818068,0.0,0.004890670537189282,11.99
7547,Hard Reset Redux,0,1.584530199574231,0.06924590163934427,0.02799826824310375,14.99
7549,Guardians of Orion (Phase 1),0,0.43287782794146173,0.07291803278688525,0.11888596433355424,0.79
7551,Princess Remedy in a World of Hurt,0,16.650334607608254,0.07501639344262295,0.07411499377834496,0.0
7553,Sakura Beach 2,0,1.0448191139187732,0.3871475409836066,0.00938746156802775,6.99
7554,Cinderella Escape! R12,18,1.476764925322068,0.02098360655737705,0.007352417451881874,3.99
7555,UniBall,0,4.587345966657624,0.0,0.00187092765516637,0.0
7556,Planet R-12,0,1.8027431820586137,0.1379672131147541,0.0013129316878360488,0.79
7559,Eagle Flight,0,0.6867425645899923,0.0,0.004693730784013875,16.99
7560,Message Quest,0,2.3664380211552545,0.0,0.0214007865117276,1.99
7563,X-Morph: Defense,0,5.182674837847757,0.0,0.025536521328411152,14.99
7565,FORM,0,4.649226028494926,0.0031475409836065576,0.01628035292916701,10.99
7566,Code of Princess,0,0.47979013514013297,0.0,0.003774678602528641,10.99
7567,ChromaGun,0,3.617724307351982,0.0,0.008501232678738417,9.99
7568,Pro Gamer Manager,0,0.33898342448484076,0.2014426229508197,0.020547380914634168,6.99
7570,Pro Cycling Manager 2016,0,0.5271499806256799,0.0,0.006860068068943355,14.99
7571,Highschool Possession,0,0.8831294786285298,0.0,0.0013457549800319503,7.19
7574,Unfortunate Spacemen,0,1.4826738966005486,0.0,0.003118212758610616,10.99
7575,ePic Character Generator,0,0.27863797721445466,0.0,0.0021663372849294806,0.0
7576,Zombasite,0,1.2844374359495705,0.0,0.001280108395640148,14.99
7577,Timber and Stone,0,0.3220062079128059,0.0,0.02041608774585056,9.99
7578,Mystery Chronicle: One Way Heroics,0,0.6644098098214608,0.0,0.0053830199201278,6.99
7582,The Purring Quest,0,2.1629780251545134,0.17101639344262295,0.030722601495363547,6.99
7584,"Dr. Langeskov, The Tiger, and The Terribly Cursed Emerald: A Whirlwind Heist",0,5.494854325028559,0.018360655737704918,0.2649167913131188,0.0
7588,The Misadventures of P.B. Winterbottom,0,2.9001235897274924,0.0099672131147541,0.008698172431913825,3.99
7589,Syndrome,0,0.7371007370771447,0.007868852459016393,0.003544915557157332,15.49
7590,Perraw - FPS Clone War Alpha,0,0.7254814154357698,0.0,0.0001969397531754076,0.79
7593,Among the Heavens,0,2.0144813251067046,0.12537704918032788,0.004890670537189282,1.99
7598,The Fall of the Dungeon Guardians - Enhanced Edition,0,2.151721951681683,0.0,0.010437806918296589,14.99
7601,Stronghold HD,0,5.721098928490649,0.34885245901639345,0.10145679617753069,3.49
7602,Genesis Online,0,0.12018948513638428,0.00419672131147541,0.06013227130289105,0.0
7606,KINGDOMS,0,0.6061243609921463,0.0,0.04729836405429366,6.99
7607,Contract With The Devil,0,0.7988185449112276,0.14898360655737705,0.001050345350268839,3.99
7610,Angry Video Game Nerd II: ASSimilation,0,3.6968002485193745,0.0,0.01473765819595965,6.99
7611,Pink Hour,0,4.695005635713367,0.0099672131147541,0.025667814497194758,0.0
7612,Pink Heaven,0,3.4457655148192434,0.003672131147540984,0.017626107909198958,0.0
7613,Stronghold Crusader HD,0,9.16207743804005,0.096,0.13618383932079417,7.49
7614,BioShock™ Remastered,18,0.5952550830571727,0.07816393442622951,0.44879287419455743,9.99
7615,BioShock™ 2 Remastered,18,0.32878308764393843,0.08498360655737705,0.18065940024624033,13.99
7616,Stronghold Legends: Steam Edition,0,1.2078827052540884,0.27226229508196725,0.014015545767649821,11.99
7617,Criminal Girls: Invite Only / クリミナルガールズ INVITATION,0,1.4961504979843592,0.0,0.006137955640633529,14.99
7618,Phantom Brave PC / ファントム・ブレイブ PC,0,3.860331446485772,0.0,0.004431144446446666,10.99
7619,Stranger of Sword City / 剣の街の異邦人 ～黒の宮殿～,0,0.8616796564929435,0.27645901639344267,0.008599702555326121,14.99
7620,Mafia,0,3.63140570033115,0.01678688524590164,0.05931168899799351,7.99
7621,The Storm Guard: Darkness is Coming,0,1.6267050751142904,0.0,0.000951875473681136,14.99
7622,Brilliant Shadows - Part One of the Book of Gray Magic,0,6.206896551851283,0.0,0.0023961003303007897,4.99
7624,Serious Sam HD: The First Encounter,0,5.586223904559063,0.14216393442622952,0.13519914055491714,10.99
7628,12 is Better Than 6,0,2.0748020750628484,0.15895081967213115,0.12039583577456568,6.99
7632,Ampersand,0,0.12652150594464479,0.11593442622950821,0.0295081396841152,0.79
7634,EARTH DEFENSE FORCE 4.1 The Shadow of New Despair,12,6.167912832254624,0.896,0.1474422285439883,15.49
7636,Liftoff: FPV Drone Racing,0,2.5947952351513863,0.0,0.03144471392367337,14.99
7638,HEX: Shards of Fate,0,0.6449753180256161,2.2788196721311476,0.050383753520708376,0.0
7639,Warhammer: Vermintide VR - Hero Trials,0,0.5932181975873796,0.0,0.0017396344863827647,0.0
7640,Morphine,0,1.0985907538972368,0.0,0.014836128072547352,1.99
7646,Gunjack,0,1.6747154679522045,0.02098360655737705,0.0028556264210434063,4.24
7647,Suits: A Business RPG,0,2.653890393466989,0.012065573770491804,0.01811845729213748,0.79
7648,Serious Sam 3: BFE,0,2.971991737915709,0.11278688524590165,0.5727992721106723,29.99
7649,System Shock: Enhanced Edition,0,3.109973527426663,0.0,0.019759621901932537,6.99
7651,Starward Rogue,0,5.7844050948776395,0.0,0.010011104119749873,8.99
7653,Rock God Tycoon,0,1.3444039652273565,0.0,0.004332674569858962,8.29
7654,DRAGON QUEST HEROES™ Slime Edition,12,0.7661885233913192,0.0,0.030361545281208633,24.99
7655,Higurashi When They Cry Hou - Ch.2 Watanagashi,0,12.160185263752613,0.20459016393442625,0.007483710620665478,5.59
7656,Forts,0,1.3966224820563402,0.4558688524590164,0.08278034291806288,10.99
7659,Master of Orion 2,0,10.287041321616147,0.02832786885245902,0.008632525847522022,0.0
7661,Hammerfight,0,0.7316942110752882,0.13324590163934427,0.04808612306699529,3.99
7662,Sorcery! Parts 1 and 2,0,2.321592339752282,0.0,0.005678429549890911,9.99
7665,SHOWTIME 2073,0,1.4115473887636545,0.0,0.005251726751344195,1.59
7666,Galaxy Admirals,0,2.237595935561371,0.15580327868852462,0.0033479758039819253,1.59
7668,ELEX,0,1.1155239622227808,1.1635409836065576,0.31887828368318044,39.99
7669,"Codename: Panzers, Phase One",0,3.0190064674137953,0.0,0.0008534055970934322,13.99
7671,Men of Valor,0,0.7956519372578104,0.0,0.0042013814010753575,8.99
7672,Melty Blood Actress Again Current Code,0,3.9020694193852603,0.0,0.040110063063391294,18.99
7674,BATTLECREW™ Space Pirates,0,0.4052458600011451,0.06085245901639345,0.0022648071615171844,0.0
7677,Hybrid Wars,0,0.6880191186864066,0.0,0.002297630453713086,5.19
7678,Reveal The Deep,0,2.086515950676377,0.020459016393442626,0.03856736833018393,0.79
7679,Zombie Exodus,0,3.432634467277676,0.0,0.0010175220580729383,5.79
7690,Swordbreaker The Game,0,2.1228124679007627,0.25022950819672135,0.007221124283098269,1.99
7691,The FOO Show featuring Will Smith,0,4.485505739483879,0.0,0.0013457549800319503,0.0
7692,SENRAN KAGURA SHINOVI VERSUS,0,7.126295574697336,0.7244590163934427,0.10014386448969463,14.99
7696,TY the Tasmanian Tiger,0,24.70493160176266,0.061377049180327874,0.052582914097833756,10.99
7697,TY the Tasmanian Tiger 2,0,11.713252152103637,0.0,0.008140176464583503,11.39
7700,HordeZ,0,2.062053552438674,0.0,0.009321814983635946,12.99
7701,Era of Majesty,0,0.5699601919052399,0.12327868852459017,0.0047265540762097755,4.79
7702,Electric Highways,0,3.005576986886264,0.007344262295081968,0.038797131375555245,0.0
7703,Midsummer Night,0,2.3672290131177487,0.13114754098360656,0.004628084199622072,3.19
7704,City of Chains,0,1.1886102404683256,0.13901639344262295,0.00561278296549911,5.99
7709,Labyrinth,0,0.896441731603744,0.0,0.0053830199201278,0.0
7713,GASP,0,0.04343913513507625,0.0031475409836065576,0.04437709104885845,0.0
7716,The Black Death,0,0.5224660398422695,0.07291803278688525,0.05875369303066319,14.99
7717,Villagers,0,0.37178726859222666,0.0,0.0057112528420868135,14.99
7718,Metal War Online: Retribution,0,0.4123480197458332,0.04091803278688525,0.022943481244934956,0.0
7721,Evil Defenders,0,1.3881303538403615,0.0,0.006860068068943355,7.19
7725,Lup,0,0.25402083264672276,0.11855737704918033,0.007713473666036787,0.79
7726,CropDuster Supreme,0,5.083453359444096,0.0,0.0004923493829385186,0.79
7729,Bullet Heaven 2,0,14.733542319864801,0.0,0.004496791030838467,8.99
7730,Days Under Custody,0,0.1664339132308738,0.0,0.0013129316878360488,3.99
7731,Audioshield,0,1.8216768582426093,0.02098360655737705,0.07897284102333835,14.99
7733,Boogeyman,0,2.0587986106555163,0.03095081967213115,0.008238646341171206,3.99
7734,Adventure Time: Magic Man's Head Games,0,1.0665838254666553,0.0,0.0013457549800319503,3.99
7735,STEINS;GATE,0,16.845999604733016,2.7399344262295084,0.18873393012643203,23.99
7736,Drift Streets Japan,0,0.6928857351737339,0.1358688524590164,0.0911174591358218,1.69
7739,Altitude,0,4.567341636436521,0.3446557377049181,0.05146692216317312,0.0
7742,Stardew Valley,0,12.018970116394787,0.9064918032786886,4.00043720625205,10.99
7744,Danganronpa: Trigger Happy Havoc,0,13.087964543685834,0.9862295081967214,0.18975145218450498,14.99
7745,Danganronpa 2: Goodbye Despair,0,12.083887666350927,1.0848524590163935,0.15509005562563327,14.99
7754,Statues,0,0.7868711018092076,0.0,0.003938795063508147,3.99
7756,Blood and Gold: Caribbean!,0,0.5016910940375588,0.0,0.027144862646010313,14.99
7760,Sickness,0,5.26863630319261,0.09547540983606558,0.00013129316878360492,6.99
7763,Shut Up And Dig,0,0.5013747689224755,0.14111475409836066,0.010601923379276096,3.99
7764,Life is Hard,0,0.9327366694782463,0.17836065573770493,0.012177441404679353,5.99
7766,Modbox,0,3.556722867198432,0.2539016393442623,0.0018381043629704685,10.99
7768,Junk Jack,0,1.5070601276943052,0.0,0.007188300990902367,10.99
7770,Princess.Loot.Pixel.Again,0,2.142744926179704,0.20826229508196722,0.03354540462421105,3.19
7772,Hellblade: Senua's Sacrifice,18,4.250413197023242,0.25022950819672135,0.7198804444405056,24.99
7777,5089: The Action RPG,0,2.223405671978685,0.0,0.006269248809417134,5.59
7778,Skyforge,0,0.4619709149870887,0.38242622950819677,0.06945408628652698,0.0
7779,Death Toll,0,0.5792670680101725,0.0,0.002888449713239308,0.79
7780,Uriel's Chasm 2: את,0,0.13666824014215143,0.10334426229508198,0.007713473666036787,3.99
7781,Vampire Legends: The True Story of Kisilova,0,2.3092876167496725,0.0,0.007516533912861381,6.99
7782,Outlast 2,0,2.597817403729992,0.12485245901639346,0.4021837992763777,23.79
7783,Astrox: Hostile Space Excavation,0,2.181705216320576,0.224,0.007910413419212194,7.19
7784,Epic Clicker Journey,0,0.739871592373817,0.025704918032786888,0.018052810707745674,0.0
7785,RAID: World War II,18,0.3694999248095756,0.14636065573770493,0.05232032776026655,15.49
7789,Super Mega Baseball 2,0,1.8364346860942655,0.0,0.011488152268565428,23.79
7790,Corgi Warlock,0,1.3411695807262451,0.0,0.0053830199201278,1.69
7791,Star Nomad 2,0,0.9508664680943929,0.0,0.0013457549800319503,9.99
7792,Torchlight,0,4.580783031991306,0.6001311475409836,0.13267174705583273,10.99
7794,One More Dungeon,0,1.2889909444022176,0.0419672131147541,0.01398272247545392,3.99
7797,Pang Adventures,0,1.6235043823864572,0.0010491803278688525,0.0020022208239499745,6.99
7798,Engare,0,9.317970007748105,0.0,0.0050547869981687876,5.19
7800,Motorsport Manager,0,3.313365269548447,2.249967213114754,0.1531534813860751,24.99
7801,Feesh,0,1.2835196742731618,0.0,0.0006892891361139262,0.79
7802,Star Crusade CCG,0,1.59767553539279,0.04301639344262295,0.05655453245353781,0.0
7803,Monster Monpiece,0,1.128597249420933,0.02098360655737705,0.005284550043540098,14.99
7805,Shooting Stars!,0,3.3154917005462132,0.0739672131147541,0.01500024453352686,3.99
7807,Cross Set,0,2.0256879947330555,0.0,0.0028228031288475056,1.99
7808,Nyan Cat: Lost In Space,0,4.997396994836345,0.0,0.04595260907426171,3.99
7809,Hyperdevotion Noire: Goddess Black Heart (Neptunia),0,1.6869085836911244,0.1337704918032787,0.019595505440953034,19.49
7811,Earthfall,16,0.7060733531691408,0.04459016393442623,0.05458513492178373,23.79
7813,Red Comrades Save the Galaxy: Reloaded,0,5.663271180788166,0.0,0.010273690457317082,2.79
7814,Tiger Knight,0,0.5440359263682647,0.007344262295081968,0.0430313360688265,0.0
7816,OmniBus,0,1.5066790930195055,0.0,0.004693730784013875,6.99
7818,Mystic Saga,0,0.6644098098214608,0.16052459016393444,0.001050345350268839,3.99
7819,BAD END,0,1.9547760929680638,0.10859016393442623,0.006531835146984343,2.09
7820,Tactical Craft Online,0,0.3174486865594838,0.020459016393442626,0.0349239828964389,0.0
7821,Disc Jam,0,1.047596664168706,0.07816393442622951,0.041652757796598654,10.99
7825,Voidspire Tactics,0,10.700669321480028,0.0,0.0005251726751344197,10.99
7826,Yohjo Simulator,0,0.4173866893495994,0.0,0.0044639677386425665,3.99
7827,Energy Cycle,0,1.179839111184822,0.11698360655737707,0.0039059717713122457,1.99
7832,Heavy Gear Assault,0,0.21488726301193725,0.0,0.0035777388493532336,29.99
7833,Your Quest,0,0.4631077357953562,0.0839344262295082,0.000951875473681136,0.0
7834,CLASH,0,0.22480160424720294,0.14268852459016396,0.0035120922649614313,0.0
7836,The Odyssey: Winds of Athena,0,0.6487254155714327,0.17731147540983608,0.013523196384711304,1.99
7838,Blitz Breaker,0,2.762951038816893,0.0,0.0,0.79
7842,HotLead,0,0.13729791641654407,0.06504918032786886,0.005415843212323702,0.79
7846,Block'hood,0,1.0412880271103395,0.19986885245901642,0.02806391482749555,10.99
7857,The Hurricane of the Varstray -Collateral hazard-,0,1.2019977537671862,0.0,0.00036105621415491364,6.99
7860,Emporea: Realms of War and Magic,0,0.5951304181188803,0.3409836065573771,0.009781341074378565,0.0
7862,Rubber Ducky and the Rainbow Gun,0,3.8462624671415564,0.0,0.0014770481488155548,0.79
7863,Emily Wants To Play,0,1.5276566069622601,0.018885245901639345,0.03400493071495367,3.99
7865,Full Metal Furies,0,3.8811505430318194,0.33416393442622955,0.03141189063147747,14.99
7867,True Lover's Knot,0,0.2783453984237521,0.2733114754098361,0.0003282329219590125,5.19
7868,Diabolical,0,1.4993731637247034,0.0,0.0005251726751344197,4.79
7869,Gunslingers,0,0.4030888467672244,0.0,0.007352417451881874,0.0
7870,Zombie Night Terror,0,5.037676007945952,0.07501639344262295,0.03695902701258478,9.99
7871,Oh...Sir! Prototype,0,4.0449127566383085,0.04773770491803279,0.025831930958174265,0.0
7874,Pay2Win: The Tricks Exposed,0,0.5510679759601669,0.002098360655737705,0.0006892891361139262,3.99
7875,SquareCells,0,4.580387938721233,0.2035409836065574,0.016444469390146516,1.99
7876,The Metronomicon: Slay The Dance Floor,0,3.387726284408975,0.0,0.004890670537189282,14.99
7883,S.T.A.L.K.E.R.: Call of Pripyat,0,8.258881171510168,1.671344262295082,0.34602314632919073,12.99
7885,Mayjasmine Episode01 - What is God?,0,0.7712471664707555,0.14531147540983608,0.0058097227186745155,6.99
7888,Ghost of a Tale,0,4.650804790346431,0.5046557377049181,0.07194865649341547,19.49
7891,Cargo! The Quest for Gravity,0,1.3333082299510293,0.2832786885245902,0.007615003789449083,6.99
7894,Moto Racer  4,0,0.6687834275570589,0.40078688524590167,0.020547380914634168,11.39
7896,Left Alone,0,1.2377513130091384,0.0,0.006597481731376146,4.99
7898,Emily is Away,0,2.9340251972283644,0.02518032786885246,0.9591294212564296,0.0
7899,Everybody's Gone to the Rapture,16,0.8206875926448248,0.0,0.028228031288475054,15.99
7900,Apotheon Arena,0,1.700166760448428,0.027278688524590165,0.02704639276942261,0.0
7902,Street Warriors Online,0,0.45350083467983365,0.01416393442622951,0.051860801669523934,1.59
7905,Major\Minor,0,1.5154614820844206,0.39029508196721313,0.010404983626100688,14.99
7906,Gratuitous Space Battles,0,1.1008769630982844,0.17468852459016396,0.018807746428251403,10.99
7907,Subsistence,0,0.8572641775356223,0.04301639344262295,0.12177441404679354,10.59
7908,hocus,0,4.51786751195976,0.28275409836065574,0.014081192352041626,0.79
7910,Battle Riders,0,0.7584028273931374,0.0,0.0002954096297631114,3.99
7911,Turbo Pug,0,3.714073057782533,0.11960655737704919,0.10670852292887488,0.79
7912,Cally's Caves 3,0,1.6871856996785848,0.11593442622950821,0.010700393255863798,5.99
7913,The Madness of Little Emma,0,1.658712003544872,2.2436721311475414,0.0010175220580729383,5.99
7916,Tempest: Pirate Action RPG,0,0.8824002426263843,0.06767213114754099,0.053239379941751784,14.99
7917,Helen's Mysterious Castle,0,6.3022978486739945,0.15055737704918035,0.014573541734980143,1.59
7919,Shadow Tactics: Blades of the Shogun,0,8.717621345024755,0.11436065573770493,0.32298119520766805,34.99
7920,Polaris Sector,0,0.8780281569984426,0.0,0.008074529880191701,29.99
7924,Wick,0,2.0587986106555163,0.0,0.010798863132451502,4.79
7926,RWBY: Grimm Eclipse,0,1.80253330059345,0.14321311475409837,0.34707349167945956,14.99
7928,RESIDENT EVIL 7 biohazard / BIOHAZARD 7 resident evil,18,4.198977845310471,0.3378360655737705,0.6774727509234012,19.99
7930,Tick Tock Isle,0,3.3390757528718606,0.0,0.0044639677386425665,0.79
7931,Rising Storm 2: Vietnam,0,1.3293461692094153,0.9300983606557378,0.718107986661927,18.99
7933,Swiftly,0,0.3499541199577283,0.1259016393442623,0.0006892891361139262,0.79
7934,The TakeOver,0,4.171255895523731,0.0,0.0034136223883737275,15.99
7936,Space Pirate Trainer,0,8.675087985483453,0.059278688524590166,0.06213449212684101,10.99
7937,Pankapu,0,1.7149102155248008,0.02675409836065574,0.004628084199622072,8.99
7938,Idle Civilization,0,0.4361864933542055,0.0,0.00187092765516637,3.99
7940,DreadOut: Keepers of The Dark,0,1.497735980522695,0.08340983606557378,0.013588842969103105,4.99
7942,The Bard's Tale,0,1.2620303891309954,0.040393442622950824,0.024026649887399696,6.99
7948,"That Dragon, Cancer",0,3.424039599893689,0.0,0.03302023194907663,6.99
7949,Starpoint Gemini Warlords,0,1.065564496459907,0.0,0.07739732299793509,26.99
7956,Half-Life 2: Episode Two,0,7.618070995115207,0.1579016393442623,0.475872090256176,5.79
7958,Home Design 3D,0,1.1586853952595209,0.0,0.016772702312105526,6.99
7960,Candle,0,2.3247023247165526,0.0,0.008993582061676934,11.99
7962,CLANNAD Side Stories,0,3.787172752820419,0.0,0.0014114015644237526,14.99
7963,NEKOPARA Vol. 2,0,13.939555318888726,0.3158032786885246,0.28914038095369393,6.99
7967,KRUM - Edge Of Darkness,0,0.13838289713895782,0.0,6.564658439180268e-05,2.09
7968,Into the Void,0,0.5267336302740748,0.0,0.0004267027985467159,3.99
7969,Blackwake,0,2.5739532868105974,0.256,0.3485505398282751,14.99
7974,Atlantic Fleet,0,1.9352075004633595,0.0,0.017199405110652242,6.99
7976,Lost Technology,0,3.4716758857644483,0.0,0.006072309056241726,3.99
7977,OneShot,0,19.12431097402022,0.24603278688524594,0.36450265983548313,6.99
7978,Super Arcade Football,0,1.298313988102959,0.0,0.0004267027985467159,6.99
7982,The Deed,0,3.8096009656928222,0.11645901639344264,0.04644495845720023,0.49
7983,The Legend of Dark Witch,0,1.2660116110124326,0.0,0.0023961003303007897,3.99
7984,StarBreak,0,1.2115563840815002,0.051409836065573776,0.02786697507432014,0.0
7985,BLARP!,0,6.945189703851185,0.0,0.0023961003303007897,1.99
7986,Cosmic Leap,0,0.9961685823816596,0.0,0.00039387950635081477,0.79
7987,I must kill...: Fresh Meat,0,0.09517354358483526,0.0,0.00400444164789995,0.0
7990,CHKN,0,1.5057188851627472,0.0,0.013326256631535896,10.99
7993,Army Gals,0,4.5279045281985555,0.0,0.0026586866678679996,10.29
7994,DiRT 4,0,0.7011256190902411,0.7165901639344263,0.18387608288143864,44.99
7995,Catch Me,0,1.4125634814858423,0.14321311475409837,0.016641409143321923,4.79
7996,Plantera,0,2.883587462302284,0.21245901639344264,0.1343785582500196,2.09
7997,Deponia Doomsday,0,2.6036276614158833,0.1295737704918033,0.06689386949524669,14.99
7999,Samorost 3,0,7.345820646266412,0.27016393442622955,0.06190472908146971,16.99
8002,Lead and Gold: Gangs of the Wild West,16,0.9830134413045503,0.06714754098360656,0.06288942784734675,7.99
8003,Militia,0,13.645306749000113,0.0,0.0003282329219590125,4.79
8004,Hamilton's Great Adventure,0,0.7283901343038504,0.09652459016393443,0.004989140413776986,6.99
8008,A Study in Steampunk: Choice by Gaslight,0,12.237001892293275,0.0,0.001050345350268839,2.89
8009,Harmonia,0,16.365895676353876,0.11488524590163936,0.008205823048975306,6.99
8010,CUPID - A free to play Visual Novel,0,2.5217825541494805,0.0,0.029344023223135698,0.0
8011,Krater,0,0.4471670651410245,0.1935737704918033,0.021597726264903007,10.99
8012,Sakura Santa,0,2.3000816104800923,0.4285901639344263,0.014967421241330959,6.99
8014,Goetia,0,1.6257636950131875,0.0,0.0057112528420868135,9.99
8015,OH! RPG!,0,1.1266943985976987,0.0,0.007680650373840886,1.99
8023,Heaven Island Life,0,0.38633530562234053,0.11436065573770493,0.01897186288923091,0.79
8024,Wand Wars,0,6.305051132935056,0.1180327868852459,0.0019037509473622716,8.99
8025,Comic Book Hero: The Greatest Cape,0,0.294190209607328,0.0,3.2823292195901556e-05,14.99
8029,ShipLord,0,0.4692108142443298,0.15108196721311476,0.015164360994506366,10.99
8033,Godus Wars,0,0.025776703098047464,0.0,0.014146838936433427,10.99
8038,Metaverse Construction Kit,0,0.7049055326263426,0.0,0.00452961432303437,0.0
8042,River City Ransom: Underground,0,1.1076280044041578,0.00419672131147541,0.05284550043540097,14.99
8043,Holodance,0,2.7571315973189767,0.0,0.002724333252259802,15.49
8044,Super Duper Flying Genocide 2017,0,0.8172781572583458,0.08813114754098361,0.04401603483470354,0.79
8045,Particle Fleet: Emergence,0,4.459318252551214,0.0,0.013457549800319503,11.39
8046,Creeper World: Anniversary Edition,0,6.331723573229859,0.0,0.0013457549800319503,3.99
8048,Divergence: Online,0,0.4885763508253988,0.0,0.0007549357205057284,14.99
8049,Devil Daggers,0,7.666066473236523,0.20931147540983608,0.1504619714260112,3.99
8051,RACE - The WTCC Game,0,1.0092690926248002,0.0,0.002035044116145876,25.99
8052,Community College Hero: Trial by Fire,0,2.9894616102532265,0.0,0.004332674569858962,2.89
8055,Furi,0,3.3487993768544504,0.35777049180327875,0.15010091521185628,14.99
8059,Air Missions: HIND,0,1.410978376501236,0.0,0.008566879263130218,12.99
8060,Day D: Tower Rush,0,1.0437217334561806,0.0,0.00026258633756720984,3.99
8061,Project Highrise,0,1.6017396708385752,0.18413114754098361,0.06643434340450408,14.99
8062,The Little Acre,0,2.6718543960651737,0.07868852459016394,0.010536276794884293,9.99
8064,Where's My Mommy?,16,1.3430072991142232,0.0,0.0017396344863827647,4.79
8065,HERO DEFENSE,0,1.3361679555575097,0.0,0.011422505684173625,24.99
8068,Invasion: Brain Craving,0,0.23885497752516407,0.12537704918032788,0.005448666504519603,0.79
8073,Hit Tank PRO,0,0.562660787414866,0.0,0.00039387950635081477,1.99
8074,Our Love Will Grow,0,0.8484901027184973,0.0,0.0014442248566196541,3.99
8077,Marooners,0,0.860939309349563,0.0,0.014475071858392438,7.19
8079,Carpe Diem,0,3.2355073055732917,0.005770491803278689,0.24564951879412475,0.0
8080,Gods and Idols,0,0.8257448053986377,0.0005245901639344263,0.016477292682342416,0.0
8081,Dinocide,0,0.3645651923291394,0.0,0.002888449713239308,6.99
8082,Deadlight: Director's Cut,18,0.7782264737655016,0.0,0.01926727251899402,8.99
8083,Project Pulsation,0,0.19938433729250835,0.21088524590163937,0.0013457549800319503,3.99
8085,War of Rights,0,1.40561646367682,0.0,0.04697013113233465,23.79
8092,Balrum,0,1.401814287529518,0.0,0.008665349139717922,9.99
8094,Iron Snout,0,19.204575148981277,0.0398688524590164,0.4616924280275466,0.0
8097,Wolcen: Lords of Mayhem,0,0.765973575869503,2.327081967213115,0.13106340573823358,27.99
8102,Imperia Online,0,0.28479082784564175,0.0,0.00295409629763111,0.0
8103,Bell Ringer,0,0.06691111507234851,0.10754098360655738,0.010043927411945774,4.99
8104,Little Nightmares,0,2.9124037993916856,0.04721311475409837,0.27729117247097357,15.99
8107,DogFighter,0,0.5325734907841068,0.033049180327868855,0.009321814983635946,1.99
8113,Shadwen,0,1.2058765479720441,0.0419672131147541,0.021860312602470216,12.99
8114,One Piece Burning Blood,0,1.1109805328799647,0.31213114754098364,0.06236425517221232,39.99
8116,Pressure Overdrive,0,1.2906323252488927,0.0,0.00026258633756720984,9.99
8121,Road to Ballhalla,0,2.9443236342810772,0.002622950819672131,0.007122654406510566,10.99
8124,The Room Two,0,16.05601041342114,0.14636065573770493,0.24479611319703132,3.99
8126,Halloween Forever,0,6.091671609040289,0.0,0.0006236425517221235,3.99
8127,Seraph,0,2.020390296385185,0.0,0.011422505684173625,9.99
8128,Cloudlands : VR Minigolf,0,2.000739530828432,0.0,0.005678429549890911,14.99
8130,Answer The Question,0,10.39340280731738,0.0,0.0013457549800319503,0.79
8136,HunieCam Studio,18,1.860206783990248,0.12432786885245903,0.1233827553643927,4.99
8141,Miner Meltdown,0,1.3644944679582733,0.0,0.0007221124283098269,4.99
8145,Perception,0,0.963350210713484,0.0,0.0052189034591482945,15.49
8146,MetaHuman Inc.,0,3.067016860251709,0.0,0.0015098714410114564,5.19
8148,Bubsy Two-Fur,0,0.8902052192142469,0.0,0.007385240744077775,3.99
8149,Narcissu 10th Anniversary Anthology Project,0,20.878872603117788,0.08236065573770493,0.007647827081644985,1.99
8150,Singularity™,18,4.626402879442456,0.07763934426229509,0.09495778432274224,14.99
8151,Grow Up,0,3.009241641680238,0.1694426229508197,0.031477537215869274,8.59
8153,Call of Duty®: Black Ops,18,2.9122818963952724,0.27121311475409837,0.5232032776026655,29.99
8156,Fernbus Simulator,0,0.383421103967398,0.0,0.0913143988889972,27.1
8157,DEAD RISING®,0,3.170618234229936,0.08708196721311476,0.05530724735009356,15.99
8158,Cosmic Trip,0,3.0872879150908465,0.0,0.010273690457317082,14.99
8159,8-Bit Armies,0,1.5170694019917865,0.0,0.052681383974421465,10.99
8160,Vampyr,0,0.9708612987871276,0.6053770491803279,0.2034059417379999,44.99
8161,Democracy 3 Africa,0,0.901495456882621,0.7895081967213116,0.005415843212323702,10.99
8163,Shadowhand: RPG Card Game,0,1.9462225172104994,0.0,0.008534055970934318,11.39
8164,Way of the Samurai 3,0,1.2873773834657347,0.4275409836065574,0.005415843212323702,14.99
8165,Factorio,0,25.402075810002557,3.609180327868853,1.5932754264812414,21.0
8166,Tibetan Quest: Beyond the World's End,0,0.6654757208158394,0.08026229508196722,0.0011488152268565427,6.99
8167,Dawn of Andromeda,0,0.37904258763539794,0.7868852459016394,0.0022319838693212837,22.99
8170,NightCry,0,0.5114291679961437,0.0,0.003774678602528641,18.99
8171,Zwei: The Arges Adventure,0,3.7173394540772557,0.0,0.0006236425517221235,14.99
8172,Zwei: The Ilvard Insurrection,0,14.925583891216457,0.0,0.003282329219590122,24.99
8173,Who's Your Daddy,0,0.9458595337443757,0.036721311475409836,0.4397664688406846,3.99
8174,A Chair in a Room : Greenwater,0,2.658201091086232,0.0,0.014179662228629328,18.99
8176,PERFECT ANGLE: The puzzle game based on optical illusions,0,1.4012017148615532,0.05036065573770492,0.007089831114314665,6.99
8177,CALENDULA,0,1.2387291979084565,0.0,0.007319594159685973,4.99
8178,Hitman GO: Definitive Edition,7,1.9223480204441732,0.11016393442622952,0.027374625691381622,6.49
8180,P.A.M.E.L.A.®,0,0.8874722053251264,0.0,0.013818606014474414,18.99
8182,Zavix Tower,0,1.22998761844562,0.0,0.0075493572050572815,6.99
8184,The Withering,0,0.6757113341570664,0.0,0.006137955640633529,7.19
8186,Aozora Meikyuu,18,1.4906756286121732,0.0797377049180328,0.012538497618834266,3.99
8190,Racket: Nx,0,11.340807892780242,0.008918032786885247,0.008796642308501528,15.49
8195,Islet Online,0,1.2838543873687018,0.0,0.009223345107048244,13.49
8196,MadOut Open City,0,0.20239675438420415,0.0,0.00508761029036469,5.59
8197,Attack Heroes,0,0.8218249600034045,0.0,0.004037264940095851,6.99
8199,TurnOn,0,1.845807049527278,0.0,0.007450887328469578,10.99
8207,Windlands,0,1.1946115395730648,0.0,0.020153501408283352,14.99
8209,Chasing Dead,0,0.5925047305027411,0.0,0.0042013814010753575,6.99
8212,Arsenal of Democracy: A Hearts of Iron Game,0,2.1765015092630553,0.0,0.003643385433745036,7.99
8216,Momodora: Reverie Under The Moonlight,0,6.193247316233238,0.10072131147540984,0.20242124297212286,6.99
8218,Longsword - Tabletop Tactics,0,0.7959797929329208,0.0,0.0001969397531754076,0.0
8219,White Mirror,0,0.44321078830745636,0.13901639344262295,0.006203602225025331,3.99
8220,Deliver Us The Moon: Fortuna,0,1.7072148109440552,0.0,0.008632525847522022,19.99
8221,Youtubers Life,0,0.9077355397090126,0.9259016393442624,0.29452340087382173,19.99
8223,Neon Chrome,0,4.624599932869553,0.04511475409836066,0.023107597705914463,10.99
8226,Save the Dodos,0,3.3207860796475637,0.0,0.0012144618112483459,1.99
8227,Red Haze,0,2.086233120684003,0.0,0.0012472851034442465,2.28
8228,Take the Dream IX,0,1.442941157647229,0.0,0.001378578272227852,0.0
8229,The Quest,0,2.3394747534888785,0.0,0.0059738391796540224,6.99
8230,Sword of the Stars: Complete Collection,0,2.9104612312988305,0.0,0.009879810950966269,7.99
8231,"Linea, the Game",0,2.5186412721703264,0.128,0.024256412932771004,1.59
8235,"Kivi, Toilet and Shotgun",0,0.32562342920682225,0.11331147540983608,0.012374381157854763,0.79
8240,Feed and Grow: Fish,0,0.8828058609268159,0.13429508196721313,0.05878651632285909,10.99
8242,Magicka,0,4.035927211788141,0.1935737704918033,0.7475833030538462,7.99
8243,Project CARS - Pagani Edition,0,0.5176888863050397,0.02518032786885246,0.029540962976311102,0.0
8244,The Kings' Crusade,0,0.16505533743376197,0.0,0.0004267027985467159,7.99
8248,Gems of the Aztecs,0,0.7709904264780986,0.18727868852459018,0.00022976304537130872,3.99
8250,Sepia Tears,0,3.168121099241659,0.05088524590163935,0.022910657952739055,0.0
8251,Stikbold! A Dodgeball Adventure,0,2.625555443143663,0.09862295081967214,0.007450887328469578,7.99
8256,Space Pilgrim Episode I: Alpha Centauri,0,2.4921667583687865,0.16052459016393444,0.025011348653276734,0.9
8258,Resilience Wave Survival,0,0.6056840542226815,0.004721311475409836,0.0020678674083417776,7.19
8262,Prime World: Defenders 2,0,1.8423153846285285,0.0,0.01815128058433338,0.0
8263,A Wild Catgirl Appears!,0,0.44382044386395253,0.1437377049180328,0.004628084199622072,1.99
8264,Victoria II,0,2.8287880753668335,2.564196721311476,0.17314286633337894,14.99
8265,Fairy Tale Mysteries: The Puppet Thief,0,0.5769963627092632,0.0,0.0037418553103327396,6.99
8266,The Emerald Maiden: Symphony of Dreams,0,1.8042318764131544,0.1379672131147541,0.004956317121581084,6.99
8267,Dungeon Rushers: Crawler RPG,0,0.8745422541149995,0.7302295081967214,0.024978525361080833,10.99
8268,Tales of Berseria™,0,5.268329200681949,1.5097704918032788,0.25808954653637134,39.99
8269,Spellweaver,0,1.029192553756124,0.06452459016393443,0.03695902701258478,0.0
8271,Squirbs,0,0.6727594435755798,0.1479344262295082,0.009814164366574465,1.59
8272,IMSCARED,0,3.935415369194586,0.0,0.018019987415549773,2.79
8273,Bunny Hop League,0,0.9329980215412809,0.06767213114754099,0.01628035292916701,4.79
8274,AdventureQuest 3D,0,0.8760636596785548,0.11593442622950821,0.12190570721557714,0.0
8275,Victoria I Complete,0,0.7707149002107658,0.008918032786885247,0.000951875473681136,7.99
8276,Unseen Diplomacy,0,3.3774840671421917,0.0,0.0016083413175991602,1.99
8277,Sword of the Stars II: Enhanced Edition,0,0.23354635431638257,0.038819672131147544,0.022418308569800538,14.99
8278,The Sad Story of Emmeline Burns,0,4.379300931282719,0.0,0.016477292682342416,0.0
8281,Front Mission Evolved,0,0.5422896858305507,0.163672131147541,0.022680894907367747,7.99
8282,Dance of Death,12,0.5937957664540512,0.0,0.0059738391796540224,2.79
8283,Never Again,0,1.6039633102070943,0.0,0.0033479758039819253,5.79
8288,Megaton Rainfall,0,0.9988288985498618,0.0,0.025076995237668535,11.99
8294,Memoranda,0,1.1946115395730648,0.0,6.564658439180268e-05,10.99
8297,Lucy -The Eternity She Wished For-,0,8.565618910728594,0.16629508196721313,0.1798388179413428,6.99
8298,World of Zoo,0,1.4186600393553024,0.06032786885245902,0.0014770481488155548,4.99
8300,Tethered,0,1.8187466464659463,0.0,0.0013457549800319503,18.99
8301,WolfQuest,0,2.9904382998858043,0.0,0.032166826351983195,6.99
8303,Porradaria 2: Pagode of the Night,0,0.362054844880754,0.0,0.002527393499084394,7.19
8304,Tiny Guardians,0,1.51468082503113,0.11593442622950821,0.0007221124283098269,6.99
8305,Golf With Your Friends,0,3.500949447333501,0.15475409836065576,0.5766724205897886,4.79
8306,Mushroom Wars,0,1.546687753845795,0.291672131147541,0.007910413419212194,6.99
8307,Cursed,0,1.4319459342407654,0.0,0.01365448955349491,3.99
8308,tiny & Tall: Gleipnir,0,14.157417605809833,0.06609836065573771,0.00045952609074261744,12.49
8314,Alchemist's Awakening,0,1.456634361567118,0.06242622950819673,0.006269248809417134,11.99
8317,Clash of the Monsters,0,0.33486473617396495,0.0005245901639344263,0.008140176464583503,0.0
8318,Frosty Kiss,0,3.335490977001324,0.01416393442622951,0.03702467359697658,0.0
8319,Hard Room,0,0.8265318612770856,0.13114754098360656,0.009682871197790861,1.99
8320,Earn to Die 2,0,3.2823777653772326,0.47842622950819674,0.007844766834820393,3.99
8321,Automobilista,0,2.5477555191244514,0.0,0.03269199902711762,22.99
8324,Doodle Kingdom,0,0.25951681122843184,0.14216393442622952,0.0005908192595262224,6.19
8325,Phoning Home,0,0.8943946525673436,0.0,0.01470483490376375,14.99
8327,Age of Fear 3: The Legend,0,5.323505323633666,0.0,0.0006564658439180246,19.99
8328,Space Pilgrim Episode II: Epsilon Indi,0,2.2360677536189293,0.1820327868852459,0.008599702555326121,0.9
8330,Iron Sea Defenders,0,1.069045896736668,0.17731147540983608,6.564658439180268e-05,3.99
8332,Rencounter,0,0.8204615816080831,0.002622950819672131,0.00295409629763111,4.79
8334,3DRPG,0,0.4752427024987203,0.0,0.0014770481488155548,3.99
8338,The Haunted: Hells Reach,0,2.350417292978824,0.17468852459016396,0.0160177665915998,5.99
8339,Psychocat: The Answer,0,1.473741730473305,0.0,0.0037418553103327396,0.79
8340,Kabounce,0,5.097574063265139,0.0,0.004759377368405678,11.99
8341,Wallpaper Engine,0,12.49719997406874,0.28432786885245903,2.148940940065653,2.79
8342,Locked-in syndrome,0,0.28009633245746995,0.10649180327868853,0.00561278296549911,1.99
8343,World's Dawn,0,1.6529375577712064,0.1274754098360656,0.014048369059845722,6.99
8344,What's under your blanket !?,18,1.9550415531843925,0.08918032786885247,0.0830101059634342,0.79
8345,Negligee,0,1.4958049441421162,0.2397377049180328,0.0160505898837957,10.29
8356,Elemental Heroes,12,0.44300056193563037,0.0,0.0010831686424647405,0.0
8359,Epic Battle Fantasy 5,0,21.63693143758257,0.0,0.03256070585833401,11.49
8365,Magdalena,0,0.23230103770196417,0.1180327868852459,0.00456243761523027,1.99
8368,Evertown,0,0.2955078191190323,0.0,0.00016411646097950648,1.99
8380,INVERSUS Deluxe,0,6.305051132935056,0.0,0.0019037509473622716,10.99
8382,Lost Lands: The Golden Curse,0,7.344995548489012,0.0,0.009354638275831849,4.99
8383,The Town of Light,18,1.5474321008310237,0.0,0.025897577542566066,13.99
8387,Die Young,0,1.592955195049946,0.21980327868852462,0.01424530881302113,10.99
8390,Warlords Battlecry III,0,1.3584117032826342,0.07029508196721312,0.007155477698706466,6.99
8391,Slime Rancher,0,9.5802609827654,0.4338360655737705,0.8228799353512436,14.99
8392,BlackShot: Mercenary Warfare FPS,0,0.35512016958352266,0.058754098360655746,0.07680650373840886,0.0
8399,Heliborne,0,1.4683259630469518,0.0,0.05340349640273129,15.49
8403,A Legend of Luca,0,1.8907622357228173,0.0,0.0030853894664147155,14.99
8407,Professional Farmer 2017,0,0.15493820490814658,0.0,0.0025930400834761965,10.99
8409,The Grandfather,0,0.5084142174920386,0.0,3.2823292195901556e-05,0.0
8413,Z1 Battle Royale,0,0.4132631373938874,0.08498360655737705,6.663062669183557,0.0
8416,Neon Drive,0,1.7775095041575495,0.19304918032786886,0.042342046932712575,6.99
8417,Aveyond 4: Shadow of the Mist,0,8.857070236504132,0.0,0.0006892891361139262,10.99
8418,Bit Blaster XL,0,13.7759833124725,0.0818360655737705,0.17284745670361584,0.79
8419,Paws: A Shelter 2 Game,0,3.364681295846776,0.0,0.009715694489986762,10.99
8420,Last Hope - Tower Defense,0,1.923960911539655,0.0,0.006203602225025331,5.99
8421,Aerofly FS 2 Flight Simulator,0,1.0258893019952766,9.41849180327869,0.03174012355343648,44.99
8422,Duke Nukem 3D: 20th Anniversary World Tour,18,1.6953300997576497,0.028852459016393446,0.028982967008980783,14.99
8429,The Jackbox Party Pack 3,0,7.200275225339726,0.15842622950819674,0.02543805145182345,18.99
8430,It's Spring Again,0,3.9973314534216757,0.12013114754098361,0.016805525604301427,0.79
8434,Masked Shooters 2,0,0.8328835686509086,0.11908196721311476,0.0456900227366945,0.79
8435,My Name is Mayo,0,1.6964834042621526,0.0,0.06912585336456797,0.79
8437,Typefighters (Steam Edition),0,0.8161766782445373,0.0015737704918032788,0.00036105621415491364,1.59
8441,Buried: An Interactive Story,0,8.78025360796347,0.0,0.0006564658439180246,1.99
8442,Pixel Z - Gun Day,0,0.1827001826877695,0.009442622950819672,0.01257132091103017,0.79
8444,Moonlight,0,8.822929512665606,0.013114754098360657,0.0038403251869204434,1.69
8445,Abbot's Book Demo,0,3.2537239434675875,0.0,0.0023961003303007897,0.0
8446,Rock of Ages 2: Bigger & Boulder™,0,1.5168881996308052,0.14478688524590166,0.054847721259350946,10.99
8450,Formicide,0,1.5730464009015923,0.0,0.0054814897967155034,0.0
8451,Simutrans,0,1.019923122300857,0.046163934426229514,0.0070570078221187625,0.0
8454,Blood and Bacon,0,6.439855523208531,0.07344262295081967,0.5815302678347819,0.79
8456,Lost Castle,0,3.238088375018909,0.35619672131147545,0.433989569414206,6.99
8458,Lamia's Game Room,0,0.5667833253910812,0.12642622950819674,0.002297630453713086,0.79
8460,Half Dead,0,1.437406954727075,0.027803278688524592,0.08645655164400382,1.59
8461,Lichtspeer,0,1.8061123325005872,0.027278688524590165,0.00036105621415491364,6.99
8469,Hieroglyphika,0,0.7852597689390356,0.0,0.0006892891361139262,6.99
8475,M.U.D. TV,0,0.2626450904568723,0.0,0.0018052810707745678,7.99
8479,Lost Lands: Mahjong,0,4.631161276663495,0.012065573770491804,0.13057105635529506,0.0
8484,2Dark,18,1.2129984983688262,0.14531147540983608,0.0033479758039819253,18.99
8485,Rusty Lake Hotel,0,5.801376210673036,0.10754098360655738,0.04257180997808389,1.59
8487,Divinity: Original Sin 2 - Definitive Edition,0,6.8275711694900245,1.0245245901639346,1.52657849673917,29.99
8491,We Know the Devil,0,4.264366960258559,0.0,0.009978280827553972,5.59
8493,Hidden Folks,0,10.714982979069887,0.0619016393442623,0.1501665617962481,5.99
8495,Galaxy Control: 3D Strategy,0,0.3628170225417996,0.008918032786885247,0.008074529880191701,0.0
8497,Trials of the Blood Dragon,0,0.6837809597776604,0.0,0.0015098714410114564,12.49
8498,Pierhead Arcade,0,5.597850425454865,0.0,0.003938795063508147,7.19
8499,The Final Station,0,1.948426490369863,0.131672131147541,0.12906118491428362,10.99
8502,10 Second Ninja X,0,2.9964133415305763,0.0010491803278688525,0.001706811194186864,7.99
8510,Medusa's Labyrinth,0,1.4293800633491875,0.0099672131147541,0.03006613565144552,0.0
8512,Governor of Poker 3,0,0.9056621544340853,1.3193442622950822,0.09613942284179468,0.0
8513,The Panic Room,0,0.38993030732246836,0.0,0.006761598192355651,0.0
8514,Spacelords,16,0.31803468950788594,0.04721311475409837,0.07480428291445888,0.0
8515,A-10 VR,0,6.475754751743601,0.0,0.0014442248566196541,3.99
8516,Detached,0,1.3411695807262451,0.0,0.0024945702068884935,19.49
8518,Ultimate Arena,0,0.4187635913123753,0.0,0.004037264940095851,13.99
8521,Children of Zodiarcs,0,0.9938408057824929,0.0,0.006137955640633529,13.59
8522,Raw Data,0,2.064779143921062,0.0,0.05852392998529188,29.99
8525,Prison Run and Gun,0,4.043228181417321,0.0,0.0070570078221187625,1.99
8529,Firebird - La Peri,0,1.7131237822225354,0.0,0.0031510360508065177,3.19
8530,Diaries of a Spaceport Janitor,0,1.2592785993374438,0.0,0.010930156301235108,6.99
8532,Line of Sight,0,0.46214565207652897,0.03567213114754099,0.25795825336758776,0.0
8533,Bullshot,0,1.2748912126730154,0.0,0.00564560625769501,0.79
8534,Kings and Heroes,0,0.5551005551349475,0.0,0.022680894907367747,11.39
8535,The Legend of Heroes: Trails in the Sky the 3rd,0,6.431437466194789,0.0,0.011980501651503946,24.99
8537,Waltz of the Wizard,0,18.078266354111445,0.02675409836065574,0.03469421985106759,0.0
8543,GUILTY GEAR 2 -OVERTURE-,0,0.9065491825455813,0.0,0.0008534055970934322,14.99
8550,The Lion's Song: Episode 1 - Silence,0,5.5102613471076705,0.06767213114754099,0.05212338800709114,0.0
8554,A House of Many Doors,0,2.307322997291345,0.0,0.004693730784013875,7.99
8557,HoPiKo,0,1.1889632581982807,0.0,0.0014442248566196541,4.99
8559,The Secret Order 3: Ancient Times,0,3.115027253089623,0.0,0.002789979836651604,6.99
8561,A Blind Legend,0,1.4826738966005486,0.09914754098360656,0.002297630453713086,4.99
8562,GoNNER,0,2.241395514538462,0.031475409836065574,0.02465029243912182,6.99
8563,SQUIDS FROM SPACE,16,4.555339038227042,0.0,0.0022648071615171844,2.09
8564,State of Mind,0,2.067943447459706,0.0,0.0057112528420868135,25.99
8570,Earth Space Colonies,0,0.36035302509482625,0.0,0.001969397531754074,6.99
8572,AuroraRL,0,0.9987291367943761,0.30268852459016393,0.0028556264210434063,3.19
8573,Party Jousting,0,3.7540621368979576,0.0005245901639344263,0.017494814740415355,0.0
8574,Tricky Towers,0,3.450845979582432,0.2575737704918033,0.12233241001412387,11.99
8576,AI: Rampage,0,0.10482223409853339,0.1379672131147541,0.006269248809417134,1.59
8577,Dead6hot,0,0.26016535712354233,0.12904918032786886,0.011389682391977725,0.79
8578,Shakes and Fidget,0,2.508580185825061,0.43436065573770494,0.24548540233314525,0.0
8579,Surfingers,0,1.594542773145908,0.15265573770491805,0.014606365027176044,1.59
8581,VRChat,0,2.930469697327214,0.027278688524590165,0.9532212286611674,0.0
8582,Root Double -Before Crime * After Days- Xtend Edition,0,6.347727037637192,0.37718032786885247,0.005415843212323702,26.99
8583,Star Realms,0,1.422660905553156,0.0,0.01706811194186864,0.0
8585,Super Mustache,0,0.9857663307281391,0.10754098360655738,0.016181883052579303,0.79
8589,Learn Japanese To Survive! Hiragana Battle,0,5.135828333309426,0.05245901639344263,0.03863301491457574,4.99
8591,Rush Rover,0,19.662609317762605,0.0,0.00187092765516637,3.99
8592,Drizzlepath: Genie,0,0.6246158119113789,0.0,0.0009846987658770367,4.99
8595,Zenith,0,0.870860040960157,0.0,0.009354638275831849,10.99
8596,Valentino Rossi The Game,0,1.293780547610435,0.0,0.005744076134282714,15.49
8600,Rock 'N' Roll Defense,0,1.833114720187297,0.16262295081967215,0.02330453745908987,0.79
8601,GOD EATER 2 Rage Burst,0,1.2869892601524533,0.3446557377049181,0.10549406111762653,39.99
8603,Soccer Manager,0,0.6603420397968964,0.005770491803278689,0.004037264940095851,0.0
8604,LEGO® STAR WARS™: The Force Awakens,0,1.6100948446079444,0.7527868852459016,0.07057007822118763,24.99
8607,One Troll Army,0,2.0735710390437587,0.00839344262295082,0.032987408656880726,0.0
8610,Friday the 13th: The Game,18,0.8558098751379287,2.5935737704918034,0.9146866836231794,15.49
8613,Random Access Murder,0,0.06310260116910874,0.0,0.0020678674083417776,0.79
8616,Legends of Callasia,0,1.562691217869044,0.0,0.004923493829385183,0.0
8618,Stories: The Path of Destinies,0,2.5560885251511563,0.15895081967213115,0.15252983883435298,10.99
8619,Space Pilgrim Episode III: Delta Pavonis,0,2.209317680134823,0.17416393442622952,0.00508761029036469,0.9
8621,Until I Have You,0,1.349079759991393,0.0,0.00022976304537130872,10.99
8622,Tavern Tycoon - Dragon's Hangover,0,0.9121156050483271,0.0,0.012636967495421971,10.29
8623,Midair,0,0.40658826438420975,0.03514754098360656,0.02218854552442923,0.0
8626,Ships 2017,0,0.12423246566675242,0.0,0.001280108395640148,10.99
8627,BLUE REVOLVER,0,44.69202745072311,0.0,0.004431144446446666,10.99
8637,Risky Rescue,0,1.4826738966005486,0.12852459016393444,0.006892891361139257,0.79
8638,Royal Heroes,0,1.3475335315184083,0.19777049180327871,0.004956317121581084,3.99
8640,Lucid9: Inciting Incident,0,4.246990599875629,0.0005245901639344263,0.02514264182206034,0.0
8643,Team Fortress 2,0,5.767837023641536,0.32681967213114754,18.04673839868943,0.0
8646,Banzai Escape,0,0.8774519746719163,0.0,0.0004267027985467159,4.79
8649,True Fear: Forsaken Souls,0,3.605800157740318,0.0,0.009157698522656441,5.99
8652,Ara Fell,0,7.938225179847467,0.0,0.01532847745548587,6.99
8653,Atomik: RunGunJumpGun,0,3.326272981576445,0.0,0.0031510360508065177,5.59
8654,The Brookhaven Experiment,0,2.622794383503462,0.0,0.021564902972707106,14.99
8655,Niche - a genetics survival game,0,2.438502955493884,0.0,0.07217841953878679,13.59
8659,Survival Zombies The Inverted Evolution,0,0.4712174093811568,0.10701639344262295,0.02320606758250217,3.99
8660,Tap Tap Legions - Epic battles within 5 seconds!,0,0.4066962981383399,0.0005245901639344263,0.006892891361139257,0.0
8662,Cube Destroyer,0,2.1251402444999288,0.12222950819672132,0.03285611548809712,0.79
8668,The Count Lucanor,0,7.5034366742364895,0.23029508196721313,0.021827489310274315,7.19
8669,Conan Exiles,18,0.8271223579982574,2.7105573770491804,1.0337695877099091,33.99
8672,Mount Your Friends 3D: A Hard Man is Good to Climb,0,2.7518181941954842,0.13481967213114754,0.0029869195898270117,5.19
8673,Polandball: Can into Space!,12,8.396170465260159,0.0,0.011061449470018712,1.99
8677,Pharaoh Rebirth+,0,6.266254855898197,0.14268852459016396,0.0030197428820229123,6.99
8679,PAC-MAN™ CHAMPIONSHIP EDITION 2,0,0.469121158868578,0.01416393442622951,0.007877590127016294,9.99
8681,STAR WARS™ Rebellion,0,1.981408723813293,0.00419672131147541,0.010569100087080193,4.79
8683,Jelly Killer,0,1.4119217388554384,0.11698360655737707,0.002724333252259802,2.89
8684,Obscuritas,0,0.7772150630168232,0.0,0.0018052810707745678,10.99
8685,Fragmented,0,0.2628761037924647,0.07763934426229509,0.05527442405789766,6.99
8686,I am Setsuna,0,0.9969945677752025,0.5959344262295082,0.03472704314326349,29.99
8688,OutDrive,0,0.8579489812634872,0.02675409836065574,0.08685043115035464,1.99
8691,Drawful 2,0,2.9463420891371843,0.1736393442622951,0.007418064036273677,6.99
8692,Riders of Icarus,0,0.6898455780611394,0.0760655737704918,0.260846703080827,0.0
8693,Pinball FX3,0,1.406617828730901,0.12537704918032788,0.028556264210434067,0.0
8696,Switchcars,0,5.812338414451721,0.0,0.008468409386542515,5.99
8699,Pointless,0,0.4106806476088081,0.0,0.0015755180254032586,0.0
8700,Age of Gladiators,0,1.377625515499841,0.20091803278688528,0.014868951364743253,6.99
8704,STRAFE: Millennium Edition,0,0.9203509383477596,0.09495081967213116,0.053239379941751784,11.39
8705,UFO Online: Invasion,0,0.41013983780339214,0.003672131147540984,0.01207897152809165,0.0
8710,Armored Warfare,0,0.5189954088727466,0.14478688524590166,0.023862533426420193,0.0
8714,Red Comrades 2: For the Great Justice. Reloaded,0,2.951227089380054,0.0,0.0016411646097950617,3.99
8717,Artificial Defense,0,2.1411021411250593,0.0,0.002888449713239308,2.09
8720,GRID 2,0,1.4720793798392875,0.1274754098360656,0.48781976861548404,19.98
8723,Antenna,0,1.0106596314595577,0.010491803278688525,0.0643008294117705,0.0
8724,F1 2011,0,0.7714088174634408,0.0015737704918032788,0.007877590127016294,9.99
8729,This Is the Police,0,1.8089343035023064,0.16314754098360656,0.2071477970483326,13.99
8732,Riptide GP: Renegade,0,2.7263716919842165,0.0,0.0023961003303007897,6.99
8733,Loot Rascals,0,0.8265318612770856,0.009442622950819672,0.0019037509473622716,10.99
8735,Unknown Battle,0,0.11286688432868994,0.19724590163934427,0.016903995480889132,2.79
8736,S2ENGINE HD,0,0.8861192282853926,0.0,0.002035044116145876,14.99
8738,Super Night Riders,0,2.2081642773050354,0.0,0.00078775901270163,6.39
8740,Paladins®,0,1.9561793034738653,0.2135081967213115,6.626595991553911,0.0
8742,Sonicomi,0,3.9947852625662468,0.0,0.0107332165480597,26.99
8743,Bonsai,0,0.48754939047068807,0.15422950819672132,0.0019365742395581723,0.79
8745,Techwars Online,0,0.7352688621300998,0.0,0.0004267027985467159,3.99
8747,World of Tanks Blitz MMO,0,0.8487571130943901,0.20091803278688528,0.6550544423536007,0.0
8749,Asteroid Bounty Hunter,0,0.7508944351990725,0.0918032786885246,0.0160177665915998,4.99
8750,Crown and Council,0,0.5912570506247457,0.0,0.02028479457706696,0.0
8751,Mindless Running,0,0.6684176340695279,0.2969180327868853,0.008534055970934318,0.79
8753,Alice's Patchwork,0,1.9274017461071333,0.11488524590163936,0.0005579959673303208,3.99
8754,28 Waves Later,0,0.08461125716049417,0.0,0.0034136223883737275,3.19
8757,HACK_IT,0,0.07081271459788757,0.0,0.0014114015644237526,10.99
8762,Broken Dreams,0,0.8436111886571072,0.12642622950819674,0.009748517782182664,1.59
8763,POLYWAR,0,0.9370604601077415,0.13849180327868854,0.009288991691440046,3.99
8764,Leave Me Alone: A Trip To Hell,0,1.3824782942397027,0.14268852459016396,0.0002954096297631114,1.59
8767,ALONE IN SPACE,0,0.4118966502296091,0.0,0.0015098714410114564,7.19
8768,Skautfold: Shrouded in Sanity,0,2.1525863549915747,0.0,0.006236425517221231,3.99
8770,Bloons TD Battles,0,1.976629234282389,0.1594754098360656,0.24988372348739604,0.0
8773,TRAPPED,0,0.6210819819811401,0.1274754098360656,6.564658439180268e-05,19.49
8775,Inexistence,0,0.7375525997561241,0.16734426229508198,0.006761598192355651,4.79
8776,Mimpi Dreams,0,5.3758802974989965,0.04563934426229509,0.007647827081644985,0.0
8777,Abandoned Knight,0,0.13747274760635436,0.11750819672131149,0.007089831114314665,3.19
8778,NO THING,0,2.7487257372495146,0.0,0.004070088232291751,2.79
8781,Death Stair,0,0.6226616422031154,0.015213114754098362,0.0050547869981687876,1.69
8782,Zaccaria Pinball,0,1.27585989686065,0.0,0.010043927411945774,0.0
8783,UBERMOSH:BLACK,0,3.695724385546686,0.07921311475409837,0.004135734816683554,0.79
8785,SPATIAL SOUND CARD,0,0.8031421826756319,0.0,0.0022319838693212837,7.19
8788,Frozen Synapse 2,0,0.8996905549424388,0.0,0.003118212758610616,23.79
8792,Tasty Planet: Back for Seconds,0,3.2494563530357823,0.22819672131147542,0.004595260907426171,4.79
8793,The Average Everyday Adventures of Samantha Browne,0,1.55293300796762,0.0005245901639344263,0.02461746914692592,0.0
8796,Expeditions: Viking,0,1.8703466012344379,0.0,0.06003380142630334,24.99
8798,Avorion,0,3.0247966655893928,2.6192786885245902,0.11448764317930346,13.59
8799,Lost girl`s [diary],16,1.6676895567770889,0.002098360655737705,0.02622581046452508,0.0
8800,Might and Magic: Heroes VII – Trial by Fire,0,0.35077324409000993,0.0,0.006892891361139257,25.99
8807,Battle Islands: Commanders,0,0.30864655830961574,0.005245901639344262,0.0214664330961194,0.0
8808,Settled,18,2.986999538983214,0.0,0.00022976304537130872,0.79
8809,Airport Madness 3D,0,1.8228618231046483,0.0,0.00347926897276553,14.99
8815,Wizard of Legend,0,2.8108118666063735,0.24236065573770493,0.14524306796686293,12.39
8816,City Life 2008,0,0.6676682033598225,0.0,0.0005908192595262224,6.99
8818,Stellar Monarch,0,1.4826738966005486,0.0,0.0009846987658770367,14.99
8820,Jalopy - The Road Trip Driving Indie Car Game (公路旅行驾驶游戏),0,1.1664279640979414,0.19986885245901642,0.15738768607934636,10.99
8822,Blade Arcus from Shining: Battle Arena,0,1.6156257536310668,0.0,0.001280108395640148,22.99
8825,Mantis Burn Racing®,0,1.2019977537671862,0.0,0.00036105621415491364,12.99
8827,Bunker Punks,0,1.8484673656954806,0.06347540983606557,0.004923493829385183,10.99
8828,GUNS UP!,0,0.6152180329286472,0.0398688524590164,0.08130329476924733,0.0
8833,Sophie's Curse,0,2.0034645984214134,0.13481967213114754,0.009026405353872837,3.99
8834,Onechanbara Z2: Chaos,16,1.1857356685120473,0.0,0.013227786754948194,29.99
8842,Smash Up: Conquer the bases with your factions,0,0.46869439986380584,0.0,0.002527393499084394,5.19
8844,Just Dance 2017,0,1.7918139871533787,0.0,0.04358933203615682,41.99
8849,Zombie Training Simulator,0,3.6412211585931598,0.064,0.014146838936433427,14.99
8850,Space Pilgrim Episode IV: Sol,0,3.403089610117107,0.1820327868852459,0.005251726751344195,0.9
8852,Skeet: VR Target Shooting,0,1.4003703661310056,0.0,0.001115991934660642,0.0
8853,AMOK,0,0.22068642760850085,0.13849180327868854,0.0022319838693212837,0.79
8854,Diluvion: Resubmerged,0,0.7386906238968777,0.0,0.023862533426420193,14.99
8856,Transport Fever,0,1.286688343684889,0.4500983606557377,0.18328526362191244,26.99
8857,Blossom Tales: The Sleeping King,0,2.210410377471657,0.0,0.0010175220580729383,10.99
8858,Splasher,0,5.832155971954025,0.011540983606557378,0.016542939266734218,10.99
8861,GT Legends,0,3.1630376459275373,0.0,0.004102911524487654,4.99
8863,The Huntsman: Winter's Curse,0,1.050580361059323,0.0,0.004857847244993382,0.0
8866,Farming Simulator 17,0,4.147274118958483,3.3589508196721316,0.39834347408945725,15.99
8867,Watch_Dogs® 2,0,1.4426622533686562,0.7040000000000001,0.8590183800589309,49.99
8869,Where the Water Tastes Like Wine,0,2.0895252620717812,0.015213114754098362,0.007516533912861381,14.99
8870,APE OUT,0,4.683366752333452,0.0,0.005908192595262219,10.99
8871,"Destiny's Princess: A War Story, A Love Story",16,1.3333082299510293,0.0,0.0021663372849294806,11.99
8873,Pub Encounter,16,2.4767714423756986,0.0,0.000951875473681136,13.59
8874,The Men of Yoshiwara: Ohgiya,16,2.959916753092658,0.0,0.0004923493829385186,11.99
8876,Zasa - An AI Story,0,8.396170465260159,0.0,0.0004923493829385186,0.79
8877,IKEA VR Experience,0,1.01080032111473,0.00419672131147541,0.0053830199201278,0.0
8878,Redeemer,0,1.3342781370593901,0.0,0.016707055727713725,10.99
8880,VA-11 Hall-A: Cyberpunk Bartender Action,0,16.07783331932639,0.3499016393442623,0.41166973072099317,10.99
8882,Regeria Hope Episode 1,0,2.1708228607386766,0.0,0.007418064036273677,0.0
8884,LostWinds,0,2.067943447459706,0.0,0.0057112528420868135,6.99
8885,LostWinds 2: Winter of the Melodias,0,1.9521088487081335,0.0,0.00039387950635081477,6.99
8886,Day of Infamy,0,1.6854416776051029,3.9108196721311477,0.5717161034682074,11.39
8887,The Next Door,0,0.3292981250863959,0.1416393442622951,0.019070332765818612,0.79
8889,Cat on a Diet,0,2.0365622181225747,0.16629508196721313,0.016805525604301427,3.99
8892,Brine,0,0.09174422997530562,0.12485245901639346,0.00938746156802775,2.79
8898,Sparkle ZERO,0,0.4217229204320866,0.1757377049180328,0.005678429549890911,3.99
8900,Share,0,1.2129984983688262,0.0,0.0033479758039819253,0.79
8903,Red Risk,0,0.4733391261424292,0.14111475409836066,0.016805525604301427,0.79
8911,Hybrid Animals,0,0.50813457923058,0.0,0.0075493572050572815,4.99
8912,NUKED KNIGHT,0,0.7702616156559922,0.12642622950819674,0.003118212758610616,3.19
8913,Cubium Dreams,0,0.4496226853505724,0.13849180327868854,0.0033151525117860237,3.19
8914,Job Simulator,0,2.42357598702826,0.05350819672131148,0.0429328661922388,15.49
8915,Nefarious,0,1.9378835471407545,0.0,0.007680650373840886,10.99
8917,Bitardia Cards: Memes of 2ch,0,1.0425786290476984,0.006295081967213115,0.002789979836651604,0.0
8918,GIBZ,0,1.8869719415716177,0.0,0.008041706587995799,5.59
8919,Case #8,0,0.49784532560580935,0.10701639344262295,0.00295409629763111,3.19
8920,IS Defense,0,6.0611888200770725,0.0,0.03170730026124058,4.12
8924,Bizarre Earthquake,0,0.4796542246315055,0.1594754098360656,0.009026405353872837,1.69
8926,Bacteria,0,0.42334780951678047,0.19304918032786886,0.005842546010870418,0.79
8929,Overcooked,0,3.8775800154936273,0.04773770491803279,0.23642617368707652,12.99
8934,Mind Games,0,1.0876169496553925,0.0,0.001280108395640148,1.99
8935,Origin Of Destiny: Crimson Awakening,0,0.9905673700119307,0.0,0.0006236425517221235,0.0
8936,Dead End Road,0,2.9738202152632733,0.0,0.0016739879019909624,1.99
8937,Draw Rider,0,0.8494557422790597,0.15580327868852462,0.00078775901270163,1.69
8939,Rabiez: Epidemic,0,0.1745646426386405,0.14216393442622952,0.0003282329219590125,1.59
8941,Shake Your Money Simulator 2016,0,0.6036852025860946,0.12852459016393444,0.01923444922679812,0.79
8948,Sixtieth Kilometer,0,1.208501338754045,0.15842622950819674,0.04145581804342324,0.79
8954,Overload,0,8.947674465078666,0.10281967213114755,0.02799826824310375,23.79
8956,About Elise,0,1.1786080751657326,0.0,3.2823292195901556e-05,0.0
8957,Envoy 2,0,0.24178989700890716,0.15895081967213115,0.0012472851034442465,0.79
8960,Steno Arcade,0,1.0985907538972368,0.0005245901639344263,0.0022319838693212837,0.0
8961,The Bottom of the Well,0,2.4721762301754167,0.0,0.011389682391977725,0.0
8962,Jesus Christ RPG Trilogy,0,1.939369772608854,0.16104918032786886,0.037549846272111,0.0
8963,Rock Paper Scissors Champion,0,0.34085206502255466,0.0,0.011422505684173625,0.0
8964,Cellar,0,1.6823971308062704,0.012065573770491804,0.0012472851034442465,0.79
8970,Istrolid,0,2.5890003404071202,0.016262295081967214,0.06810833130649503,0.0
8975,Calcu-Late,0,0.47910181397884716,0.11488524590163936,0.006433365270396639,0.79
8976,Verdict Guilty - 유죄 평결,0,1.8127453473612072,0.12642622950819674,0.009026405353872837,3.99
8977,A grande bagunça espacial - The big space mess,0,0.5821680829385765,0.12852459016393444,0.030361545281208633,0.79
8979,A Little Lily Princess,0,5.353050180794234,0.0,0.0031510360508065177,10.99
8980,Planar Conquest,0,0.5506679487580437,0.0,0.008796642308501528,14.99
8986,The Big Elk,0,1.299361487687809,0.07239344262295083,0.0032495059273942215,3.19
8989,Atulos Online,0,0.7934288048790397,0.0,0.004398321154250763,0.0
8991,The Crow's Eye,0,1.4643842229921686,0.0,0.00013129316878360492,3.99
8993,Grand Pigeon's Duty,0,1.4676118126784023,0.15318032786885247,0.013326256631535896,2.89
8994,There's Poop In My Soup,0,2.670904969806314,0.1935737704918033,0.11865620128818292,0.79
8995,Chicken Invaders 2,0,9.26035753634261,0.0,3.2823292195901556e-05,2.89
9000,REDCON,0,1.012784945543545,0.0,0.008369939509954813,4.79
9001,Ahnayro: The Dream World,0,3.475105199373978,0.18465573770491805,0.0020678674083417776,3.99
9002,Tenrow,0,1.733805182273342,0.12013114754098361,0.001542694733207358,1.99
9005,Attack on Titan / A.O.T. Wings of Freedom,18,1.9517524737074279,1.9561967213114755,0.09453108152419552,49.99
9008,Book of Demons,0,5.191199048144563,0.06504918032786886,0.18384325958924275,19.99
9009,S.T.A.L.K.E.R.: Shadow of Chernobyl,0,7.384751522936133,0.18885245901639347,0.3777632698826272,9.99
9010,Sol Survivor,0,3.6975533529843405,0.0,0.007319594159685973,7.19
9016,Amigdala,0,0.8076186759287535,0.0,0.00022976304537130872,4.79
9020,BOOR,0,2.660528867685399,0.0,0.0006892891361139262,3.99
9021,MAZE LORD,0,1.3342781370593901,0.17940983606557379,0.003380799096177826,3.99
9022,Overload Playable Teaser 3.0,0,6.724279138379429,0.0,0.017527638032611256,0.0
9025,The Lab,0,7.696874260680351,0.06662295081967214,0.09751800111402253,0.0
9026,Creepy Castle,0,2.9229856817379676,0.0,0.00016411646097950648,10.99
9027,Ace of Seafood,0,3.9152004669268283,0.0,0.00564560625769501,8.99
9028,"Hot Dogs, Horseshoes & Hand Grenades",0,11.794724333842632,0.2979672131147541,0.10020951107408643,14.99
9034,Table Top Racing: World Tour,0,1.1119501676733774,0.0,0.011947678359308045,7.19
9035,The Spatials: Galactology,0,1.2266184680036465,0.0,0.0026915099600639003,9.99
9038,Andarilho,0,0.4977749807782232,0.21665573770491806,0.007910413419212194,0.79
9039,Danmaku Unlimited 3,0,3.137185896056071,0.048262295081967214,0.0006892891361139262,6.99
9040,Secret of the Magic Crystals,0,1.891396335098681,0.09232786885245903,0.04946470133922314,3.99
9041,Ember Kaboom,0,2.2508401820071717,0.0,0.00039387950635081477,2.09
9042,Kittypocalypse,0,3.37565510008862,0.0,0.001280108395640148,10.99
9043,Battle Chasers: Nightwar,0,3.005691585005386,0.7276065573770493,0.1070695791430298,24.99
9047,Khan: Absolute Power,0,0.3867566628817938,0.0,0.0020022208239499745,0.0
9052,Gold Rush: The Game,0,0.6289647511528089,0.11908196721311476,0.15961966994866764,15.49
9056,theBlu,0,2.14824263006289,0.0,0.028982967008980783,6.99
9058,Demetrios - The BIG Cynical Adventure,0,2.8572872492717343,0.0,0.0020678674083417776,7.99
9059,CounterAttack,0,3.147034181520205,0.0,0.0022319838693212837,11.39
9062,Whirligig VR Media Player,0,1.4106583073436776,0.0,0.006827244776747454,2.79
9066,Highway Blossoms,0,6.865570478614772,0.40236065573770496,0.03853454503798803,10.29
9067,Trillion: God of Destruction,0,1.0985907538972368,0.0005245901639344263,0.007089831114314665,15.49
9069,One way to exit,0,1.5375429170416048,0.11855737704918033,0.00026258633756720984,1.59
9070,Out of Ammo,0,2.1047215949588796,0.0,0.016707055727713725,10.99
9072,Catch a Falling Star,0,0.9556108977478642,0.11278688524590165,0.013030847001772787,0.79
9074,Thorne - Death Merchants,0,1.9507752267702099,0.0,0.0032495059273942215,2.89
9078,The Body VR: Journey Inside a Cell,0,5.049160221812467,0.0,0.003282329219590122,0.0
9079,Cranks and Goggles,0,0.8425353253003349,0.0,0.0006564658439180246,1.69
9080,Full Spectrum Warrior,0,0.624888211357847,0.128,0.0021663372849294806,7.99
9082,Caveblazers,0,2.724942811281572,0.22819672131147542,0.04861129574212971,6.99
9085,Spellstone,0,0.645921335546584,0.0005245901639344263,0.007089831114314665,0.0
9090,Koihime Enbu 恋姫†演武,0,2.3003992971699163,0.0,0.0039716183557040475,3.99
9091,Flowers -Le volume sur printemps-,0,16.048288462165825,0.3042622950819672,0.01503306782572276,14.99
9092,Rising Islands,0,0.6003207310449655,0.0,0.0,6.99
9093,The Cubicle.,0,2.5196983818994902,0.0,0.014409425274000636,0.0
9094,UNDER NIGHT IN-BIRTH Exe:Late,0,5.511279304553517,0.2979672131147541,0.019595505440953034,22.99
9095,Skylar & Plux: Adventure On Clover Island,0,2.4756693388427,0.0,0.006925714653335158,11.99
9096,Battle Chef Brigade Deluxe,0,11.525318422170825,0.18675409836065576,0.031477537215869274,15.49
9098,Realities,0,1.2368606852704291,0.0,0.003873148479116345,0.0
9099,Mad Bullets,0,4.284221525707994,0.0,0.0035777388493532336,2.09
9102,Asemblance,0,0.748397300210796,0.0,0.00016411646097950648,5.79
9103,Full Spectrum Warrior: Ten Hammers,0,0.7145076111939254,0.0005245901639344263,0.00045952609074261744,4.99
9104,Wings of Prey,0,0.7612204259923596,0.6053770491803279,0.011882031774916244,6.99
9105,Wave Beta,0,6.60378246585001,0.006819672131147541,0.009354638275831849,0.0
9107,Parkitect,0,4.002525728933545,0.3252459016393443,0.06236425517221232,23.79
9108,Frederic: Resurrection of Music Director's Cut,0,1.7918139871533787,0.1694426229508197,0.00452961432303437,4.79
9111,Madness Cubed,0,0.9324009324170477,0.12642622950819674,0.00889511218508923,1.69
9112,Awareness Rooms,0,1.4739447341616325,0.0,0.0039059717713122457,3.99
9113,A Healer Only Lives Twice,0,1.5160724308488585,0.0,0.0005579959673303208,3.99
9114,Blackwood Crossing,0,1.8305227804205748,0.0,0.006991361237726961,11.99
9116,Hustle Cat,0,6.030567472736043,0.002622950819672131,0.021039730297572685,14.99
9120,Shadowverse CCG,0,1.0142378325948576,0.12065573770491804,0.24587928183949606,0.0
9125,The Lost Souls,0,0.25951681122843184,0.128,0.0005908192595262224,3.99
9127,Dark Quest 2,0,1.7995424893307808,0.0,0.004365497862054863,5.79
9129,TableTop Soccer,0,1.5375429170416048,0.0,0.00026258633756720984,0.79
9130,Last Will,0,0.9636426228121028,0.0,0.0011488152268565427,5.99
9133,Tyto Ecology,0,1.1141616922914093,0.0,0.006531835146984343,5.19
9136,Candice DeBébé's Incredibly Trick Lifestyle,0,1.8333585050555505,0.0,0.0011816385190524443,3.99
9138,Hero Quest: Tower Conflict,0,0.09343699730564306,0.12013114754098361,0.005251726751344195,0.79
9140,Dear RED - Extended,0,0.7315779729211467,0.1180327868852459,0.0057112528420868135,1.99
9143,Black Rose,0,1.6825220357965271,0.0,0.01900468618142681,0.0
9146,Envy the Dead,0,0.8041270110300037,0.11908196721311476,0.0030853894664147155,0.79
9147,Airstrike HD,0,0.40773990619278794,0.1857049180327869,0.007844766834820393,1.69
9149,Fortix,0,4.410612056996478,0.15055737704918035,0.025306758283039844,0.99
9151,Jackal,0,0.2098402261569072,0.10649180327868853,0.0014770481488155548,3.19
9152,Blueprint Tycoon,0,1.5955118821294982,0.06662295081967214,0.027473095567969327,1.99
9153,Boundel: The Second Era,0,0.4926664856272798,0.0,0.005941015887458122,0.0
9155,Ignite,0,0.4606787517517548,0.0,0.0055471363811073066,6.99
9156,Dungeon Escape,0,1.2799633489773379,0.4055081967213115,0.01257132091103017,2.79
9158,First Person Tennis - The Real Tennis Simulator,0,5.400321952174328,0.0,0.001706811194186864,19.49
9159,Voxel Warfare Online,0,0.42839350208081095,0.13219672131147542,0.02225419210882103,3.99
9160,Dark Fear,0,6.750099853564799,0.0,0.0010175220580729383,2.79
9162,CrazyCars3D,0,0.6922419219511077,0.12642622950819674,0.003380799096177826,1.99
9163,Cubicolor,0,3.926839350306744,0.0,0.0008205823048975307,1.59
9165,Neon Hardcorps,0,0.28470028485374715,0.10806557377049181,0.004496791030838467,0.79
9168,The Eyes of Ara,0,2.5282335627631007,0.0,0.005842546010870418,10.99
9170,[the Sequence],0,5.13146375228201,0.0,0.0005251726751344197,1.59
9172,Days of War,0,0.24413729679991755,0.0,0.03925665746629786,19.99
9173,Champions of Breakfast,0,,0.0,0.00039387950635081477,2.09
9175,GIGA WRECKER,0,2.1061132007766075,0.01678688524590164,0.011717915313936737,14.99
9180,Fortix 2,0,3.8895949243359964,0.2554754098360656,0.013359079923731797,1.59
9183,LuckCatchers,0,0.4088319740173508,0.002098360655737705,0.02117102346635629,0.0
9186,Age of Cavemen,0,0.43166814195202574,0.0,0.014475071858392438,0.0
9189,DRAGON BALL XENOVERSE 2,0,1.413554324966312,1.6655737704918034,0.391450582728318,39.99
9191,Cyber City 2157: The Visual Novel,0,0.4777440301385825,0.17521311475409837,0.0024289236224966904,4.79
9199,Project Starship,0,2.0471597276596833,0.12013114754098361,0.0107332165480597,0.79
9201,Twin Saga,0,0.8031421826756319,0.5592131147540984,0.0160177665915998,0.0
9202,Under Zero,0,0.13838289713895782,0.1138360655737705,0.0214336098039235,3.19
9203,Mainlining,0,1.538881185617389,0.0010491803278688525,0.003643385433745036,10.29
9206,Jackpot Poker by PokerStars,0,0.30010211528101877,0.015737704918032787,0.0039059717713122457,0.0
9210,Stay Close,0,0.46952484983979953,0.09914754098360656,0.011061449470018712,5.99
9217,PAC-MAN 256,0,3.7919145200095445,0.04511475409836066,0.025996047419153772,3.99
9218,Spell Fighter VR,0,1.0360655910065313,0.0,0.0075493572050572815,0.0
9225,Project RPG Remastered,0,0.16581740716744445,0.11960655737704919,0.0017724577785786662,0.79
9227,Omensight: Definitive Edition,0,2.4327743024169908,0.18413114754098361,0.015361300747681774,15.49
9229,STAR WARS™: Rogue Squadron 3D,0,0.8720801824609038,0.06662295081967214,0.018545160090684194,7.19
9233,Judgment: Apocalypse Survival Simulation,0,1.8751984270640227,0.6950819672131148,0.03269199902711762,15.49
9235,Company of Heroes - Legacy Edition,18,5.673981191350437,0.09757377049180328,0.1638538746419389,0.0
9242,Christmas Adventure: Candy Storm,0,3.435096538547689,0.3032131147540984,0.004660907491817974,1.59
9245,STAR WARS™: Rebel Assault I + II,0,0.6833657347896636,0.0,0.00026258633756720984,7.19
9247,Hand of Fate 2,0,2.431704730726179,0.15895081967213115,0.08941064794163493,23.79
9250,The Room Three,0,12.237001892293275,0.20878688524590167,0.03787807919407001,4.99
9253,Zombillie,0,0.9756841482321773,0.13639344262295083,0.0027571565444557034,3.99
9257,"Warhammer® 40,000: Dawn of War® - Game of the Year Edition",16,6.444058570004538,0.17836065573770493,0.1178684422754813,9.99
9258,Devil May Cry 4,0,4.267276681199559,0.49626229508196723,0.054617958213979634,15.99
9259,StarsOne,0,1.129944479808686,0.0,0.009846987658770366,6.99
9260,Dark Void™,0,0.3103853480184445,0.07501639344262295,0.011422505684173625,6.49
9262,Oxygen Not Included,0,5.30023721618079,0.562360655737705,0.5876025768910237,18.99
9263,Lost Planet: Extreme Condition Colonies Edition,0,0.48810070610230644,0.057180327868852465,0.004234204693271258,12.99
9264,SEUM: Speedrunners from Hell,0,7.6054110539703155,0.18518032786885247,0.03177294684563238,10.99
9266,Dark Void™ Zero,0,0.3055557759661479,0.0,0.0055471363811073066,2.99
9267,HoloBall,0,4.149917942980621,0.0,0.010831686424647404,10.99
9268,High Octane Drift,0,0.3463285321806144,0.07868852459016394,0.1261727352010443,0.0
9272,Dead Rising® 2,18,1.0619918249696128,0.5209180327868853,0.11642421741886164,14.99
9273,Surgeon Simulator VR: Meet The Medic,0,1.2293424620842437,0.007344262295081968,0.0034136223883737275,0.0
9274,Watch This!,0,0.9768594845139119,0.096,0.018840569720447304,3.19
9276,Domino Sky,0,2.3948713605209138,0.002098360655737705,0.0044639677386425665,2.79
9277,"Forgotten, Not Lost - A Kinetic Novel",0,2.6829337175483974,0.14321311475409837,0.003118212758610616,1.59
9278,Lost Planet® 2,0,0.7068869138571005,0.46111475409836067,0.046018255658653515,12.99
9279,Moustache Mountain,0,0.7678524921676168,0.0,0.0004267027985467159,1.59
9280,My Lady,0,1.6267050751142904,0.0,0.000951875473681136,0.79
9281,Bigscreen Beta,0,2.8950111220046044,0.08131147540983608,0.032888938780293024,0.0
9282,Camp Sunshine,0,3.4839492191881374,0.20983606557377052,0.0030853894664147155,2.09
9283,The Visitor,0,1.2469865134383953,0.003672131147540984,0.003052566174218814,0.79
9284,Luna Online: Reborn,0,0.4164590924561554,2.0448524590163935,0.005842546010870418,0.0
9285,Ultra Street Fighter® IV,0,2.7224444614383154,0.5539672131147542,0.3048627379155306,22.99
9289,OPUS: The Day We Found Earth,0,2.361208901236597,0.0,0.017527638032611256,5.99
9291,Dead Rising 2: Off the Record,18,1.3631586632758497,0.3257704918032787,0.05458513492178373,14.99
9292,Mushroom Wars 2,0,1.1191666367066642,0.0,0.011619445437349033,14.99
9293,The Signal From Tölva,0,0.7812167887927504,0.0,0.016510115974538317,14.99
9296,Outrage,0,0.6272159879570136,0.128,0.0007221124283098269,2.79
9297,Apollo 11 VR,0,2.241238103439589,0.0,0.01503306782572276,7.5
9299,TumbleSeed,0,1.331062129784408,0.004721311475409836,0.002461746914692592,10.99
9300,Holopoint,0,3.8319824529304998,0.08498360655737705,0.018610806675075996,10.99
9302,"Warhammer® 40,000: Dawn of War® - Dark Crusade",16,8.173806540698907,0.3252459016393443,0.09459672810858732,9.99
9303,March of the Living,0,1.1244114694666898,0.0,0.01260414420322607,11.39
9319,Grim Legends 3: The Dark City,0,5.0871464667331985,0.0,0.008993582061676934,6.99
9320,Mythic Wonders: The Philosopher's Stone,0,2.9092684265316824,0.11226229508196722,0.002724333252259802,6.99
9324,Wrath of Anna,0,0.18569748726004934,0.08131147540983608,0.004070088232291751,15.49
9326,Plastic Playground,0,0.1308518551778847,0.0,0.0016739879019909624,0.0
9328,ABE VR,0,0.6152501699333635,0.0,0.0047265540762097755,0.0
9329,ZRoll,0,0.573003295319622,0.1117377049180328,0.0,0.79
9330,Political Animals,0,1.0217741253565744,0.23816393442622952,0.00045952609074261744,10.99
9334,Kingdom Rush Frontiers,0,8.769682512208167,0.18045901639344264,0.08248493328829977,6.99
9335,Conception II: Children of the Seven Stars,0,2.176316587056837,0.0718688524590164,0.011685092021740836,14.99
9337,Palinurus,0,10.865276382803199,0.0005245901639344263,0.00347926897276553,0.0
9338,WRC 6 FIA World Rally Championship,0,0.46759701940121307,0.0,0.015131537702310465,34.99
9340,Snooker Nation Championship,0,0.4936598041395211,0.0,0.0030853894664147155,2.89
9342,Carnival Games® VR,0,0.36346387847108225,0.0,0.0030853894664147155,15.99
9343,The Atomy,0,0.17135973267790036,0.1374426229508197,0.00187092765516637,3.19
9346,Ghost Town Mine Ride & Shootin' Gallery,0,2.590262494074265,0.0,0.007844766834820393,5.99
9350,Masquerada: Songs and Shadows,0,4.898992376394839,0.0,0.0053830199201278,15.99
9351,Epsilon corp.,0,0.6909923166643178,0.12485245901639346,0.0014442248566196541,3.19
9354,Allods Online My.com,0,0.6916907906793979,0.0,0.0064661885625925414,0.0
9356,Halo Wars: Definitive Edition,0,2.48396016447459,0.299016393442623,0.09009993707774885,15.99
9358,The Hero Project: Redemption Season,0,0.6020930327761614,0.0,0.00036105621415491364,2.89
9372,Crush Crush,0,2.7776833524094626,1.9446557377049183,0.26655795592291387,0.0
9376,30 IMPOSSIBLE LEVELS,0,0.26172667046195697,0.0,0.004070088232291751,2.79
9377,Deer Man,0,0.9639122491782804,0.0,0.005941015887458122,1.59
9379,Varenje,0,3.503542124539858,0.0010491803278688525,0.018610806675075996,0.0
9380,Megadimension Neptunia VII,0,8.73550605749896,0.555016393442623,0.07746296958232689,23.79
9383,The Leisure of Grisaia,0,4.024938507808941,0.0010491803278688525,0.0047265540762097755,1.99
9387,Guards,0,3.225820467153694,0.0,0.008927935477285133,3.99
9388,The Letter - Horror Visual Novel,0,4.762153037966941,0.0,0.014048369059845722,14.99
9389,One Dark Night,0,0.2653256309070367,0.0,0.00026258633756720984,0.0
9394,Breached,0,0.5036384347475451,0.0,0.0008205823048975307,5.19
9396,Song of the Deep,0,1.7493983010849226,0.16052459016393444,0.016903995480889132,10.99
9399,Bayonetta,18,3.985820736281981,0.09442622950819674,0.31539901471041487,14.99
9400,Vanquish,18,2.718317523789701,0.2675409836065574,0.08491385691079646,14.99
9401,Allumette,0,11.289596806830412,0.0,0.011750738606132637,0.0
9402,A-Gents,0,1.5494709647130847,0.13481967213114754,0.0006236425517221235,3.99
9403,Steep™,0,1.0975578755894635,0.3158032786885246,0.33824402607876214,25.99
9404,Tom Clancy's Ghost Recon® Wildlands,0,0.9717089030685239,0.6515409836065574,1.1944724263010416,41.99
9406,Katana ZERO,0,16.07783331932639,0.12013114754098361,0.05881933961505499,11.39
9407,The Deed: Dynasty,0,2.5037729831590787,0.13534426229508198,0.007024184529922862,1.99
9410,Roll'd,0,1.4912090774641593,0.163672131147541,0.004135734816683554,0.79
9413,Klabi,0,0.34400940282932263,0.21718032786885247,0.017494814740415355,0.79
9414,Bucket Detective,0,2.4679306538530184,0.0,0.0024289236224966904,2.79
9416,Riding Out,0,0.45092114063594996,0.0,0.0005908192595262224,14.99
9417,Beglitched,0,4.043228181417321,0.0,0.00016411646097950648,7.19
9418,Dashy Square,0,3.3390757528718606,0.1657704918032787,0.002527393499084394,2.09
9427,Massive,0,0.8345335932887102,0.0,0.0001969397531754076,7.19
9429,EmergeNYC,0,0.7583772474558331,0.0,0.04056958915413391,26.99
9431,Kaboom Monsters,0,0.4858866930095929,0.10649180327868853,3.2823292195901556e-05,1.99
9433,Grizzly Valley,0,0.2486289843821646,0.14321311475409837,0.003052566174218814,3.99
9434,MANDAGON,0,7.041853198894688,16.705573770491803,0.15587781463833492,0.0
9438,Predynastic Egypt,0,4.053679423259776,0.0,0.034333163636912675,6.99
9439,Sins Of The Demon RPG,0,2.206259102778788,0.1458360655737705,0.022024429063449723,0.79
9441,FPV Air Tracks,0,0.14222372856599094,0.0,0.0016739879019909624,0.0
9442,Iron Impact,0,2.5315163248405343,0.14216393442622952,0.0033151525117860237,3.19
9443,Seduce Me 2: The Demon War,0,4.244414589189084,0.0,0.005120433582560591,7.19
9445,Tank Blast,0,0.7247955524065974,0.1678688524590164,0.007844766834820393,3.19
9446,Blaite,0,0.7273103824893413,0.17731147540983608,0.008665349139717922,0.79
9447,Ghoul Kid,0,0.8638732778434447,0.003672131147540984,0.0007221124283098269,0.0
9449,Moonstone Tavern - A Fantasy Tavern Sim!,0,0.33042446849061363,0.0,0.001050345350268839,5.59
9451,Legionwood 1: Tale of the Two Swords,0,2.5869129318725697,0.0,0.0008534055970934322,0.0
9453,Zenge,0,8.876274393639298,0.0697704918032787,0.07631415435547034,0.79
9456,Hyposphere,0,0.4174833142980586,0.1736393442622951,0.002199160577125382,1.99
9457,NORTH,0,0.6990203875615365,0.10491803278688526,0.008763819016305626,0.79
9458,Forge of Gods (RPG),0,1.2791098309677935,0.07239344262295083,0.08474974044981695,0.0
9460,Beat Cop,0,1.8013558848855806,0.03409836065573771,0.05852392998529188,11.49
9461,Skyreach,0,0.2156410004459219,0.0,0.0015755180254032586,0.0
9464,Cyberpong,0,3.193589714271702,0.0,0.00013129316878360492,5.99
9465,BitRay,0,0.9938408057824929,0.11855737704918033,0.01286673054079328,0.79
9467,Starr Mazer: DSP,0,1.9249514550511901,0.0,0.003380799096177826,6.99
9470,Dungetris,0,1.3497220395700305,0.1720655737704918,0.01260414420322607,3.19
9475,ROKH,0,0.23194161154477297,0.0,0.010109573996337577,15.49
9477,NecroVisioN: Lost Company,0,0.8605673978016518,0.0,0.004595260907426171,4.99
9483,Star Wolves 3: Civil War,0,1.292790095894771,0.22137704918032788,0.009879810950966269,3.99
9488,Star Wolves,0,1.610701610706958,0.0,0.004070088232291751,2.79
9491,Pyre,0,3.6053280792292055,0.25022950819672135,0.1528908950485079,15.49
9492,Darksiders Warmastered Edition,0,2.1075808746448312,0.09809836065573771,0.19966408642766714,19.99
9496,Theatre of War,0,0.4644069600151856,0.0,0.0033479758039819253,2.79
9498,AdVenture Communist,0,0.7796914344704051,0.04878688524590164,0.11626010095788213,0.0
9499,Making History: The Second World War,0,1.0588580149439173,0.0,0.0004267027985467159,22.99
9501,Caveman World: Mountains of Unga Boonga,0,0.691914485310706,1.4567868852459018,0.013129316878360489,1.59
9502,Tomoyo After ~It's a Wonderful Life~ English Edition,0,7.628004179853536,0.14688524590163934,0.004989140413776986,14.99
9503,Hero Battle,0,0.6710265007644325,0.14321311475409837,0.0017396344863827647,5.19
9505,Wander No More,0,3.275061896010697,0.003672131147540984,0.0005251726751344197,0.0
9506,Bottle,0,0.5740901181047882,0.16734426229508198,0.004759377368405678,1.59
9507,Experience,0,0.32523415556452845,0.14321311475409837,0.001542694733207358,3.19
9508,The Pit And The Pendulum,0,0.13838289713895782,0.13324590163934427,0.0035120922649614313,3.19
9509,Clover Tale,0,1.1666906020713375,0.0,0.0160505898837957,0.0
9511,Liveza: Death of the Earth,0,0.5189743749435197,0.11331147540983608,0.0012144618112483459,1.99
9512,Farnham Fables,0,1.0300044782498958,0.1138360655737705,0.00725394757529417,0.79
9514,BARRIER X,0,2.606819680010022,0.10124590163934427,0.06072309056241726,1.99
9515,Super Dungeon Tactics,0,1.1697172617341312,0.0,0.0004267027985467159,7.19
9516,Jagged Alliance: Rage!,0,0.30598281381528175,0.0,0.003709032018136838,17.99
9517,Super Blue Fighter,0,1.1429080394460487,0.10806557377049181,0.00022976304537130872,0.0
9518,State of Anarchy,0,2.0668003426671406,0.11750819672131149,0.02753874215236113,0.79
9519,Dungeon of Zolthan,0,1.197463642281412,0.1259016393442623,0.010831686424647404,0.79
9522,Ghost 1.0,0,5.1852353922604735,0.005770491803278689,0.04477097055520927,9.99
9523,Kismet,0,4.555339038227042,0.0,0.00013129316878360492,2.89
9525,One Thousand Lies,0,3.849456505628942,0.0,0.02382971013422429,0.0
9526,Theatre of War 2: Africa 1943,0,0.6069643312369981,0.0,0.0011816385190524443,3.99
9536,Pristine world,0,0.4938641037243721,0.064,0.00045952609074261744,3.99
9537,Empires of the Undergrowth,0,3.9558821704710696,0.4527213114754099,0.03689338042819297,15.99
9539,Neon Space ULTRA,0,1.1547980429140774,0.15527868852459017,0.002297630453713086,1.99
9540,Theatre of War 2: Kursk 1943,0,0.6870731011654387,0.0,0.0007549357205057284,3.99
9542,Rig n Roll,0,0.3084768603910077,0.0,0.007877590127016294,3.99
9543,Super Cloudbuilt,0,3.079651174217068,0.0,0.0024289236224966904,15.99
9544,Puzzle Galaxies,0,0.7650448666712778,0.1138360655737705,0.0006236425517221235,0.79
9545,The Beggar's Ride,0,1.5525071953437113,0.0,0.00045952609074261744,4.79
9549,Muddy Heights® 2,0,0.8638732778434447,0.0,0.0007221124283098269,2.09
9550,Shadows of Kurgansk,0,0.6040179399579487,0.0,0.00321668263519832,4.79
9553,The Dweller,0,4.387302663294344,0.061377049180327874,0.00991263424316217,3.99
9554,Solitairica,0,2.154819396331344,0.0,0.0029212730054352094,6.99
9555,Greed: Black Border,0,0.2124381437936627,0.014688524590163936,0.0052189034591482945,3.99
9560,RUINER,0,3.6796577663481984,0.10963934426229509,0.1877820546527509,14.99
9562,Kyoto Colorful Days,0,3.9408060099017437,0.0,0.00045952609074261744,6.99
9563,Avencast: Rise of the Mage,0,0.7101180897276375,0.029377049180327873,0.013884252598866218,6.99
9564,Codex of Victory,0,1.1557946261330316,0.0,0.003118212758610616,10.99
9566,Regalia: Of Men and Monarchs,0,1.6987206643711614,1.0161311475409838,0.0054814897967155034,15.49
9569,Syberia 3,0,0.3201448711001336,0.7989508196721312,0.04995705072216166,23.79
9570,Screeps,0,2.860621666306947,20.35672131147541,0.0240594731795956,10.99
9571,3030 Deathwar Redux - A Space Odyssey,0,8.612217233030771,0.008918032786885247,0.0214664330961194,10.99
9573,Future Wars,0,0.10449320812208715,0.0015737704918032788,0.00617077893282943,3.99
9576,DoDonPachi Resurrection,0,9.788471857559664,0.02675409836065574,0.010700393255863798,22.99
9578,Grotesque Tactics: Evil Heroes,0,0.5416701969774351,0.010491803278688525,0.008435586094346614,6.99
9581,Colosse,0,1.642708539521623,0.0,0.0009846987658770367,0.0
9583,Siralim 2,0,5.124841629251152,0.0,0.010503453502688392,11.39
9588,Maui,0,0.27617543697892466,0.016262295081967214,0.007516533912861381,0.0
9590,Bibou,0,0.14724635424872015,0.1300983606557377,0.00321668263519832,1.69
9591,ChuSingura46+1 S,0,2.806455602131246,0.2376393442622951,0.025273934990843943,0.0
9592,Still Life,0,1.6355233106589142,0.006819672131147541,0.014081192352041626,5.59
9594,Don Bradman Cricket 17,0,0.4739706936422166,0.0,0.004431144446446666,39.99
9595,Stars in Shadow,0,1.316819812181558,0.0,0.00991263424316217,18.99
9596,Still Life 2,0,0.25112988415340576,0.0,0.005842546010870418,5.59
9598,Surviving Mars,0,0.8879182837119766,1.4268852459016395,0.17888694246766168,26.99
9601,Hiiro,0,3.5471207886308487,0.1217049180327869,0.004890670537189282,1.99
9602,Syberia,0,3.0367333816333195,0.20301639344262296,0.07391805402516956,9.99
9605,Sector Six,0,5.995650823364461,0.02098360655737705,0.001115991934660642,7.19
9610,Syberia II,0,2.0686468965037332,0.11908196721311476,0.030131782235837328,9.99
9613,Crime Secrets: Crimson Lily,0,0.9684980766910533,0.0,0.004168558108879455,6.99
9616,Wasteland Angel,0,0.4853487615232484,0.05298360655737706,0.006105132348437627,6.99
9617,Fury Unleashed,0,2.9229856817379676,0.0,0.005908192595262219,12.99
9618,Serious Sam VR: The Last Hope,0,2.2285744927643543,0.00419672131147541,0.028162384704083252,29.99
9619,Yesterday Origins,18,2.10551142545395,0.0,0.004759377368405678,11.39
9622,Trapped Dead,0,0.18803266936629032,0.08236065573770493,0.018643629967271896,3.99
9623,Vertigo,0,1.9571295436049039,0.0,0.0036762087259409374,10.99
9626,Stellar Tactics,0,2.646925922919962,0.0,0.013588842969103105,15.49
9627,Post Mortem,0,0.37457195625920015,0.0,0.0027571565444557034,5.59
9629,PRICE,0,6.866431596477461,33.30622950819672,0.1421576785004482,0.0
9631,Out of the Park Baseball 18,0,4.7393788775670735,0.0,0.01795434083115797,15.49
9634,Grotesque Tactics 2 – Dungeons and Donuts,0,0.4010604487667188,0.05508196721311476,0.00295409629763111,6.99
9635,Heroes Tactics,0,0.501642255177382,0.01416393442622951,0.003380799096177826,0.0
9636,Demon Hunter 2: New Chapter,0,0.8825439861266242,0.0,0.0003282329219590125,6.99
9638,Scrap Garden,0,0.9288795978636903,0.0,0.006761598192355651,7.19
9639,New Retro Arcade: Neon,0,1.7808437045698695,0.0,0.011127096054410514,14.99
9640,THE LAST BLADE,0,0.8809436395706661,0.0,9.84698765877038e-05,6.99
9646,OddPlanet,0,0.43188039282609697,0.0,0.0006564658439180246,4.99
9661,Shaolin vs Wutang,0,5.737910819546572,0.0,0.016772702312105526,10.99
9662,White Day: A Labyrinth Named School,0,0.7278027970506105,0.0,0.022615248322975946,22.99
9664,Idling to Rule the Gods,0,2.4023095903268854,3.773901639344263,0.01394989918325802,0.0
9666,Deceit,0,1.134885082615875,0.033049180327868855,0.8073873414347783,0.0
9669,Planescape: Torment: Enhanced Edition,0,7.2055127228798925,0.12013114754098361,0.035908681662315936,14.99
9670,Fossil Echo,0,0.6134330998551373,0.0,0.00013129316878360492,6.99
9675,35MM,0,0.8759721169182398,0.1500327868852459,0.09472802127737093,5.99
9677,Northgard,0,1.9736496685900553,0.2255737704918033,0.4735744598024629,23.79
9679,Stash,0,0.8404703622005608,0.0199344262295082,0.01703528864967274,0.0
9681,King's Guard TD,0,0.5554731849183354,0.195672131147541,0.007582180497253182,2.09
9682,ARAYA,0,1.0951614402877072,0.0099672131147541,0.011389682391977725,10.99
9685,PixBit,0,0.2133259492894394,0.13429508196721313,0.001280108395640148,3.19
9686,The Dope Game,0,1.5175905459721302,0.0,0.0022319838693212837,1.59
9687,Soulslayer～灭魂·误佳期～,0,8.277991036617882,0.0,0.006400541978200738,6.99
9690,Super Space Pug,0,0.3752341686006944,0.11593442622950821,0.0050547869981687876,0.79
9691,上帝之城 I：监狱帝国 [City of God I - Prison Empire],0,0.8380167000468743,0.0,0.05232032776026655,14.49
9692,Z.I.O.N.,0,0.19404712063008514,0.20931147540983608,0.004168558108879455,3.99
9694,Worm.is: The Game,0,1.4975303550828352,0.031475409836065574,0.1420920319160564,0.0
9696,The Sandbox Evolution - Craft a 2D Pixel Universe!,0,0.5207814646212828,0.008918032786885247,0.015394124039877674,0.0
9697,Can't Drive This,0,1.3717165442213606,0.0,0.0036762087259409374,6.99
9699,Insincere,0,0.3892127044305492,0.13429508196721313,0.003643385433745036,2.79
9706,Evo Explores,0,6.091671609040289,0.09442622950819674,0.006203602225025331,2.79
9715,Off-Peak,0,2.2035255918860805,0.0,0.02786697507432014,0.0
9716,Escape This,0,0.28309027822266686,0.1117377049180328,0.014212485520825229,0.79
9717,Khimera: Destroy All Monster Girls,0,7.836745018329347,0.0,0.02924555334654799,0.0
9718,Approaching Blocks,0,0.6670366608254393,0.14426229508196722,0.005120433582560591,1.69
9719,World Basketball Manager 2010,0,0.12092457264520873,0.0,0.0009190521814852345,2.09
9725,Dark Fall: Lost Souls,0,0.6108661281812725,0.0,0.002363277038104888,9.99
9726,Power & Revolution,0,0.37585365745380994,0.0,0.022582425030780045,39.99
9727,TITANS: Dawn of Tribes,0,0.3046470763474082,0.0,0.00617077893282943,6.99
9729,Paranormal Activity: The Lost Soul,18,1.5224066355538681,0.0,0.01129121251539002,23.79
9730,Making History II: The War of the World,0,1.2603099720392978,0.0,0.004989140413776986,10.99
9731,Trapper's Delight,0,4.747380609578698,0.0,0.0011488152268565427,6.99
9735,Zero G Arena,0,4.128579990821595,0.025704918032786888,0.021302316635139897,7.19
9736,METAGAL,0,0.8132718478341936,0.0,0.00045952609074261744,2.79
9741,SMASHING THE BATTLE,0,1.0985907538972368,0.08498360655737705,0.01286673054079328,8.99
9742,Survive in Space,0,1.0389916454672576,0.41757377049180333,0.004037264940095851,4.99
9743,Home Behind,0,2.495059086104669,0.7312786885245902,0.12955353429722213,4.79
9744,Impact Winter,0,0.21566791968114454,0.11121311475409837,0.005875369303066319,15.99
9745,The Last Time,0,14.029389891703424,0.0,0.0004267027985467159,2.79
9746,90 Minute Fever - Football (Soccer) Manager MMO,0,0.8825439861266242,0.0,0.00213351399273358,0.79
9754,VR Regatta - The Sailing Game,0,4.507328645389128,0.00839344262295082,9.84698765877038e-05,15.49
9757,Mini Golf Mundo,0,0.3134796239821783,0.12065573770491804,0.0010831686424647405,2.09
9761,Neon Space,0,1.4352562247092857,0.08078688524590165,0.009682871197790861,4.99
9763,A Date in the Park,0,2.3797631950714724,0.02675409836065574,0.031149304293910263,0.0
9765,Blind Trust,0,0.3589397320224454,0.022032786885245903,0.041652757796598654,0.0
9769,NVIDIA® VR Funhouse,0,1.529338203618475,0.19095081967213115,0.01470483490376375,0.0
9772,Arkshot,0,1.3349496107977044,0.1479344262295082,0.0006564658439180246,3.99
9773,Titans of Space PLUS,0,5.622236656932705,0.0,0.001378578272227852,5.59
9774,Ultimate Fishing Simulator,0,2.0059175984157616,0.0519344262295082,0.03994594660241179,14.99
9775,Phantaruk,0,0.5361832950485543,0.0010491803278688525,0.001378578272227852,3.99
9778,Legion TD 2,0,1.0258649518921956,0.46059016393442626,0.06013227130289105,15.49
9779,Rick and Morty: Virtual Rick-ality,0,1.0586461070560924,0.18465573770491805,0.02868755737921767,22.99
9780,Disney Movies VR,0,0.4062927435166341,0.0,0.0025602167912802958,0.0
9782,Monsters' Den: Godfall,0,1.7881945781217814,0.0,0.00508761029036469,10.99
9783,Super Mega Neo Pug,0,1.813780054288823,0.11855737704918033,0.01903750947362271,0.79
9784,Linelight,0,28.56053545718402,0.0,0.011586622145153132,6.99
9786,Genital Jousting,18,3.9069935623093692,0.033049180327868855,0.17048417966551097,5.19
9787,Fable Fortune,0,0.862618104119252,0.055606557377049184,0.013720136137886712,0.0
9788,Space Codex,0,1.5160724308488585,0.1699672131147541,0.004398321154250763,0.79
9790,hackmud,0,1.1714824452524433,0.20091803278688528,0.015558240500857181,14.99
9793,NEKOPALIVE,16,4.771116084762942,0.0,0.03633538446086265,0.0
9794,Total War: MEDIEVAL II – Definitive Edition,0,6.466232029362299,0.18937704918032788,0.3536709734108357,0.0
9797,1917 - The Alien Invasion DX,0,1.306635789656225,0.0,0.0002954096297631114,3.99
9802,Rocketbirds 2 Evolution,0,1.2039038735220482,0.13534426229508198,0.005415843212323702,6.99
9803,UNO,0,0.5035001475324306,0.1437377049180328,0.15879908764377013,8.59
9804,Event[0],0,1.4815273796133437,0.06872131147540984,0.05166386191634852,14.99
9805,Tribal Pass,0,1.4296969115855112,0.13481967213114754,0.0059738391796540224,4.79
9808,Troubleshooter,0,3.122053164264739,0.0,0.02166337284929481,14.99
9816,Video blogger Story,0,0.5479715610374113,0.14426229508196722,0.018282573753116982,3.19
9817,Demolish & Build 2017,0,1.1955814466814259,0.07029508196721312,0.010536276794884293,14.99
9819,She Remembered Caterpillars,0,8.835122628404527,0.033049180327868855,0.0022648071615171844,8.99
9821,Seven: Enhanced Edition,0,1.2537012538942025,0.024131147540983607,0.01926727251899402,27.99
9831,VERSUS SQUAD,0,1.6441633996080396,0.17731147540983608,0.012374381157854763,5.99
9834,Nine Parchments,0,0.9891717190305437,0.1715409836065574,0.03866583820677164,15.49
9836,Rexodus: A VR Story Experience,0,0.9339836925740679,0.0,0.0,0.0
9837,Kingspray Graffiti VR,0,2.915599467543846,0.0,0.004168558108879455,10.99
9839,Rec Room,0,5.803182493008033,0.04091803278688525,0.11671962704862475,0.0
9844,Pan-Pan,0,4.598014942929179,0.0,0.0005908192595262224,9.99
9845,Condemned: Criminal Origins,18,2.106591761843003,0.163672131147541,0.04477097055520927,9.99
9846,Ortus Regni,0,1.7867397180353648,0.0,0.001280108395640148,0.0
9847,"Duke Grabowski, Mighty Swashbuckler",0,1.8318403899322788,0.0,0.0009846987658770367,1.59
9848,Elisa: The Innkeeper - Prequel,0,1.3169393899386252,0.012065573770491804,0.018610806675075996,0.0
9853,Higurashi When They Cry Hou - Ch.3 Tatarigoroshi,0,11.21278017828975,0.2497049180327869,0.0026915099600639003,5.59
9855,The Narrator Is a DICK,0,1.8454190867607505,0.0,0.00022976304537130872,3.99
9856,Memory Oblivion Box,0,4.505241236854578,0.42229508196721316,0.016149059760383402,6.99
9857,Purgatory,0,0.5954959331461328,0.12327868852459017,0.0029869195898270117,0.79
9860,Autumn,0,0.450138694907464,0.11698360655737707,0.0025602167912802958,1.99
9861,Slime-san: Superslime Edition,0,2.6644681818710523,0.0,0.003610562141549135,11.39
9863,Cosmic Dust & Rust,0,0.4785047164047849,0.12013114754098361,0.009715694489986762,0.79
9864,Shock Tactics,0,0.24956485941958315,0.0,6.564658439180268e-05,6.99
9865,The Dolls: Reborn,0,0.2804624335955982,0.1180327868852459,0.004267027985467159,3.99
9866,Absolver,0,0.6945020622770105,0.5214426229508197,0.31438149265234194,24.99
9867,EeOneGuy Adventure,0,0.1922482157640931,0.13639344262295083,0.014376601981804736,0.79
9869,Physic Monster,0,0.20767624757519362,0.14740983606557378,0.0020678674083417776,3.19
9870,Crystal City,18,2.664060666583979,0.1458360655737705,0.035153745941810206,3.19
9871,BallisticNG,0,3.6952554196453615,0.015737704918032787,0.038042195655049516,5.79
9874,Killbot,0,0.20042709729137734,0.11436065573770493,0.00026258633756720984,0.79
9876,The Nest,0,0.6364907228323152,0.0,0.0025930400834761965,0.0
9878,Zombie City Defense 2,0,0.9414658319171625,0.0,0.0019037509473622716,6.99
9879,Stronghold 3 Gold,0,0.10271228257208817,0.39763934426229514,0.10687263938985438,0.0
9880,The NADI Project,0,0.6364907228323152,0.005245901639344262,0.008468409386542515,0.0
9881,The Abbey of Crime Extensum,0,2.495256727224158,100.00000000000001,0.0022319838693212837,0.0
9883,Stronghold Kingdoms,0,0.6656323318695261,0.22085245901639347,0.24272824578868954,0.0
9884,BUTCHER,0,3.968344046468681,0.05770491803278689,0.016674232435517824,6.99
9888,Reigns,0,3.222656769314166,0.03724590163934426,0.17783659711739283,1.99
9889,BATTLE PIXEL'S SURVIVAL GROUND,0,0.17329954651053917,0.0,0.005908192595262219,0.79
9891,The Magical Silence,0,0.9065491825455813,0.10229508196721313,0.007516533912861381,0.79
9895,The Mahjong Huntress,0,0.4656650116743665,0.13429508196721313,0.002199160577125382,3.99
9896,Quantum Break,0,1.9870194645176258,0.20878688524590167,0.396439723142095,29.99
9902,Titan Quest Anniversary Edition,0,3.9055827753794943,0.29481967213114757,0.377172450623101,17.99
9903,Scanner Sombre,0,2.3832262864889038,0.012065573770491804,0.05337067311053539,4.79
9904,Kabitis,0,0.33430409615589124,0.12642622950819674,0.0032495059273942215,1.69
9905,ORCS,0,2.0267916822249346,0.0,0.006827244776747454,1.69
9906,Kimulator : Fight for your destiny,0,0.5801963279836242,0.163672131147541,0.010897333009039206,1.59
9908,Major\Minor - Complete Edition,0,1.2750613868547203,0.0,0.012965200417380982,14.99
9911,Beholder,3,3.4353596093827865,0.11908196721311476,0.35915246320755123,6.99
9914,Rome: Total War™ - Collection,0,5.281133161866941,0.6253114754098361,0.27138297987571136,8.99
9916,Reflection of Mine,0,2.5965150104401524,0.0,0.0019037509473622716,5.59
9918,KNIGHTS,0,7.828395384575227,0.0,0.012965200417380982,0.79
9919,Strike Vector EX,0,2.0587986106555163,0.0,0.01506589111791866,8.99
9922,Heart of Crown PC,0,1.5018780537357141,0.0,0.0033479758039819253,19.49
9924,Picross Touch,0,4.043228181417321,2.318688524590164,0.01739634486382765,0.0
9925,Heaven Forest - VR MMO,0,0.7709904264780986,0.20249180327868854,0.010766039840255601,0.79
9927,Cally's Trials,0,0.7785214684391717,0.0,0.0010831686424647405,4.99
9928,Children of a Dead Earth,0,4.433130765618549,0.0,0.005875369303066319,19.49
9929,Google Spotlight Stories: Pearl,0,7.820045751205192,0.0,0.003774678602528641,0.0
9930,Call of Duty®: WWII,18,0.4446576909593226,0.1699672131147541,0.6217059774825651,44.99
9931,The Silver Case,0,2.5462887532287772,0.0,0.0033479758039819253,14.99
9933,Island 359™,0,1.4377810616942297,0.0,0.009059228646068737,19.49
9935,Rescue Lucy,0,0.280543540816926,0.11436065573770493,0.0014442248566196541,1.99
9936,Amulet of Dreams,0,0.677036084926643,0.0,0.0006236425517221235,4.99
9938,Rome: Total War™ - Alexander,0,0.9168109458034961,0.017311475409836068,0.011882031774916244,8.99
9939,Command & Conquer 4: Tiberian Twilight,0,0.031144730142012057,0.1400655737704918,0.06531835146984344,9.99
9941,Surge,0,7.523254231738791,0.0015737704918032788,0.0042013814010753575,0.0
9943,Human: Fall Flat,0,4.015356576706692,0.12852459016393444,1.0158480701709471,11.99
9947,Descent: Road to Legend,0,2.364642594546203,0.0,0.0031838593430024193,0.0
9948,Lightblade VR,0,1.7252527234295572,0.012065573770491804,0.014278132105217034,2.79
9949,Magma Tsunami,0,0.6655558382549084,0.19986885245901642,0.006334895393808935,0.79
9953,Eador. Imperium,0,1.7672656226585097,0.0,0.02799826824310375,14.99
9954,Zero Escape: The Nonary Games,0,6.589941631892561,0.0,0.018939039597035006,23.79
9956,Ride 2,0,2.0783946893021614,0.024655737704918034,0.04939905475483134,29.99
9957,Dead Space™ 2,0,6.9135939529404435,0.14268852459016396,0.3064382559409338,14.99
9959,Yomawari: Night Alone / 夜廻,0,1.4659746294763938,0.0,0.026652513263071796,14.99
9960,Medal of Honor™,0,0.845993008058951,0.08708196721311476,0.14701552574544158,14.99
9964,Overhell,0,0.46401860509976917,0.11593442622950821,0.002035044116145876,1.59
9965,Medieval II: Total War™ Kingdoms,0,7.43596260850188,0.0,0.016903995480889132,0.0
9966,RISK™: Factions,0,0.6732276470718656,0.9201311475409837,0.01703528864967274,7.99
9967,ABC Coloring Town,0,0.8852112300024715,0.13639344262295083,0.004857847244993382,1.69
9969,Dragon Age: Origins - Ultimate Edition,0,4.606126891823517,0.2434098360655738,0.3096549385761322,19.99
9971,Need For Speed: Hot Pursuit,0,1.5248884402475866,0.2177049180327869,0.46215195411828924,14.99
9972,The Sims™ 3,0,1.7456622337122258,0.2617704918032787,0.46188936778072204,24.99
9974,Mansions of Madness,0,2.463096655626585,0.0,0.006137955640633529,0.0
9984,Shift 2 Unleashed,0,0.6003207310449655,0.0,0.052517267513441955,19.99
9986,Cuties,0,0.5524725353659657,0.15422950819672132,0.00213351399273358,1.99
9990,Heroes of Annihilated Empires,0,2.1088964120279807,0.0,0.00672877490015975,9.99
9991,LIMBO,0,5.786755051894214,0.06662295081967214,1.057402358090958,6.99
9993,Hide and Shriek,0,1.4428008586046128,0.04773770491803279,0.07257229904513761,0.0
9994,Floppy Heroes,0,7.0075621802497565,0.7973770491803279,0.004989140413776986,1.99
9995,Slash or Die,0,2.532501153194906,0.11855737704918033,0.004332674569858962,1.99
9996,Prey,0,3.136524443815116,0.2822295081967213,0.651607996673031,19.99
9998,Pathfinder Adventures,0,0.5940555015270549,0.004721311475409836,0.011619445437349033,11.39
9999,Yu-Gi-Oh! Legacy of the Duelist,0,1.8824126023527814,1.1677377049180329,0.06968384933189829,14.99
10004,Silent Hunter 5®: Battle of the Atlantic,0,0.20988773762574278,0.7973770491803279,0.03833760528481263,25.99
10005,The Bunker,0,1.2083287947793497,0.0,0.016411646097950615,9.99
10006,System Crash,0,2.7885565817918083,0.0,0.0008534055970934322,10.99
10007,Stable Orbit,0,0.3500491548019768,0.0,0.005941015887458122,9.99
10010,Night in the Woods,0,6.414607186774325,0.0,0.23212632240941344,14.99
10012,Mini Thief,0,1.1712551321738478,0.0,0.006892891361139257,2.79
10013,Assassin’s Creed® Brotherhood,18,2.706447957385695,0.24708196721311476,0.24633880793023868,12.49
10015,Beater Spirit,0,0.7994817577893084,0.15422950819672132,0.008665349139717922,4.79
10017,Investigator,0,1.0104775622229234,0.0,0.017757401077982564,1.59
10019,The Night Cafe: A VR Tribute to Vincent Van Gogh,0,8.492191250935987,0.0,0.0028228031288475056,0.0
10020,Anno 2070™,0,0.5353869051815725,0.44380327868852465,0.3032543965979314,16.99
10022,Nitroplus Blasterz: Heroines Infinite Duel,0,3.0774539021562957,0.1038688524590164,0.010536276794884293,14.99
10025,Hero Zero,0,1.1452550609151635,0.002622950819672131,0.054617958213979634,0.0
10027,Adam Wolfe,0,5.464023546751892,0.09022950819672132,0.01739634486382765,4.79
10030,Autobahn Police Simulator 2,0,0.15381480895796595,0.0918032786885246,0.008041706587995799,18.1
10033,SMILE GAME BUILDER,0,3.275061896010697,0.0,0.0014770481488155548,52.99
10034,Purino Party,0,0.7808923518416933,0.0,0.005153256874756491,8.99
10036,Mad Father,0,9.101629298843884,0.555016393442623,0.036663617382821666,3.99
10037,VRZ: Torment,0,0.8890908580518321,0.0,0.0042013814010753575,7.19
10041,Aven Colony,0,0.9997809826640688,0.7512131147540985,0.026324280341112782,24.99
10043,Evil Maze,0,1.1233233803594023,0.14059016393442625,0.03193706330661189,1.59
10045,Cossacks: Back to War,0,2.8497950127669007,0.633704918032787,0.03689338042819297,3.99
10046,Cthulhu Realms,0,0.758824896742737,0.0015737704918032788,0.002035044116145876,0.0
10047,PLANET ALPHA,0,1.4477572472289673,0.0,0.003807501894724542,15.99
10048,Nurse Love Addiction,0,5.887627439479155,0.0,0.014015545767649821,29.99
10051,Frog Climbers,0,1.8859611964390257,0.12537704918032788,0.0006892891361139262,4.99
10053,The Orb Chambers™,0,0.5744772988780374,0.12118032786885247,0.005021963705972887,0.79
10059,Head Shot,0,0.31874626498304665,0.11855737704918033,0.05412560883104112,1.59
10060,Star Drifter,0,0.2512320679371894,0.11855737704918033,0.0024289236224966904,0.79
10062,Winter Novel,0,1.8168761116301728,0.1138360655737705,0.01155379885295723,1.59
10064,Mad Combat Marines,0,0.7598992552617562,0.195672131147541,0.007976060003603997,0.79
10065,Welcome to the Game,18,1.8596966873933387,0.11226229508196722,0.05012116718314117,3.99
10066,Machine Made: Rebirth,0,1.7858974302328297,0.17836065573770493,0.0003282329219590125,3.99
10067,Alien Run,0,0.1277139208674029,0.1416393442622951,0.007155477698706466,3.19
10068,Wolf Simulator,0,0.09337315385341349,0.15737704918032788,0.00833711621775891,3.19
10071,Ninja Stealth,0,0.7187752016257307,0.11908196721311476,0.00561278296549911,0.79
10072,The Banner Saga 3,0,1.5518565746314639,0.4076065573770492,0.0240922964717915,18.74
10073,Dungeon Journey,0,1.5220670396093348,0.16839344262295083,0.0032495059273942215,1.59
10075,Nioh: Complete Edition / 仁王 Complete Edition,0,1.3637190125429843,1.6912786885245903,0.4073042328589383,39.99
10078,24 HOURS,0,0.24402923846446625,0.1437377049180328,0.020547380914634168,0.79
10080,Ball 3D: Soccer Online,0,1.1533773885041834,0.017836065573770495,0.08727713394890135,0.0
10083,Campaign Clicker,0,0.27017613241794547,0.02255737704918033,0.009059228646068737,0.0
10085,Mini Golf Arena,0,0.39443832573586,0.1516065573770492,0.00013129316878360492,5.99
10087,Hope Lake,0,1.033015583313576,0.10229508196721313,0.007024184529922862,5.59
10088,Shift,0,0.9492250872477178,0.12065573770491804,0.003118212758610616,0.79
10089,Color Syndrome,0,0.59632818255165,0.1720655737704918,0.00016411646097950648,0.79
10096,Impossible Quest,0,0.914898815915617,0.02832786885245902,0.004693730784013875,1.59
10097,Super Duper Party Pooper,0,1.4243321534731743,0.2040655737704918,0.009288991691440046,0.79
10099,Summer Sale,0,0.5055504609329756,0.07711475409836066,0.02783415178212424,0.79
10100,Hardware Engineers,0,3.0497331188300603,0.0,0.004168558108879455,11.39
10102,Rise of the Ancients,0,0.1922650647233972,0.11593442622950821,0.0042013814010753575,0.72
10104,Syrian Warfare,0,2.3570759450051355,0.024655737704918034,0.06407106636639918,10.99
10114,Meadow,0,3.0672211598365604,0.14531147540983608,0.13749677100863023,3.99
10117,Timore Inferno,0,0.5333952351315879,0.11121311475409837,0.006925714653335158,3.99
10124,Tales of Destruction,0,0.03306977751414648,0.11540983606557378,0.00045952609074261744,1.59
10127,TOKYO WARFARE,0,1.6132621651196746,0.0,0.0054814897967155034,10.99
10131,Potato Thriller,0,1.2699509251980863,0.0,0.006203602225025331,1.99
10133,Pastelia Stories,0,1.061701412407835,1.3922622950819674,0.019398565687777626,6.99
10134,Bastard Bonds,0,3.205857725839366,0.17626229508196722,0.008238646341171206,10.29
10136,Fruit Ninja VR,0,2.1810068832640095,0.10229508196721313,0.01394989918325802,10.99
10139,Abrix for kids,0,0.14408710217156892,0.003672131147540984,0.0017396344863827647,3.99
10143,Cossacks: Art of War,0,1.7270904418175348,0.0,0.00078775901270163,3.99
10144,Mount & Blade: Warband,0,13.114509515235405,0.988327868852459,2.5597244418973566,14.99
10145,Quest Hunter,0,1.5315572055671294,0.16052459016393444,0.015230007578898168,10.99
10149,Citadel: Forged with Fire,0,0.594067435758465,0.5046557377049181,0.11425788013393216,19.49
10151,The Lords of the Earth Flame,0,0.8681408682752499,0.11016393442622952,0.00452961432303437,7.19
10152,Mount & Blade: With Fire & Sword,0,2.2166185560477163,0.37403278688524594,0.2360322941807257,7.99
10153,Freebie,0,1.1118766487827,0.128,0.038829954667751146,0.79
10154,Spaera,0,0.28325636307115143,0.0,0.00022976304537130872,6.99
10155,Go Mission: Space Travel,0,0.31153513355319395,0.11540983606557378,0.0006236425517221235,1.69
10157,Pirate Pop Plus,0,0.572563841214734,0.41442622950819674,0.0006892891361139262,3.99
10158,Akin,0,2.404473439088497,0.1379672131147541,0.002789979836651604,1.99
10160,KARAKARA,0,3.927393582665748,0.17416393442622952,0.043720625204940425,6.99
10162,Ludo Supremo,0,0.4613619035380229,0.1217049180327869,9.84698765877038e-05,1.69
10163,Pepe Porcupine,0,0.369616625783904,0.12013114754098361,9.84698765877038e-05,0.79
10166,Conan the mighty pig,0,2.0504489772854804,0.11068852459016394,0.006499011854788442,0.79
10167,Agony,0,0.2840754822103523,0.2601967213114754,0.06623740365132867,11.39
10171,Cossacks: European Wars,0,0.9356463904192461,0.0005245901639344263,0.0044639677386425665,3.99
10172,Ship Simulator Extremes,0,0.2733441020301866,0.0,0.04496791030838467,14.99
10179,JDM Tuner Racing,0,0.1935948489025589,0.0,0.005350196627931899,0.79
10181,Gun Done,0,3.740142163761204,0.006819672131147541,0.014212485520825229,0.79
10182,Infinite Air with Mark McMorris,0,1.5741222638742813,0.0,0.003938795063508147,29.99
10183,Eleven: Table Tennis VR,0,6.922802343982256,0.2565245901639345,0.035088099357418405,15.49
10187,Angeldust,0,0.55799971955077,0.04668852459016394,0.0376483161486987,0.0
10191,Dream Car Builder,0,5.559864180534134,0.0,0.010043927411945774,7.19
10194,Just Deserts,0,1.3386427180868068,0.14059016393442625,0.00400444164789995,6.99
10196,God's Trigger,0,2.1014745153576526,0.0,0.0006236425517221235,11.95
10197,Left-Hand Path,0,2.2282470561239527,0.0,0.0005908192595262224,23.79
10198,Her Majesty's SPIFFING,0,1.4639381334669075,0.06767213114754099,0.003380799096177826,9.99
10199,South Park™: The Fractured But Whole™,18,0.8679885297624428,0.512,0.22178698536770458,49.99
10201,Astral Heroes,0,0.7943170954718255,0.0,0.004825023952797479,0.0
10202,Knockout League - Arcade VR Boxing,0,1.497735980522695,0.09127868852459017,0.005153256874756491,23.79
10203,Werewolves Within™,0,0.8755747356648866,0.0,0.0001969397531754076,16.99
10205,Cossacks II: Battle for Europe,0,0.6310112759572344,0.03724590163934426,0.009321814983635946,3.99
10206,The Infinite Black,0,0.6808161075423571,0.0,0.0021663372849294806,0.0
10207,iGrow Game,0,0.5490564111715566,0.20931147540983608,0.002199160577125382,3.99
10214,Mr. Shifty,0,2.5329012399299167,0.07921311475409837,0.029212730054352088,10.99
10216,Galaxy Reavers,0,0.8087166839832014,0.0,0.002363277038104888,3.99
10217,Unforgiving Trials: The Darkest Crusade,0,0.5816938140013013,0.13849180327868854,0.015361300747681774,0.79
10220,CASE: Animatronics,0,1.9352691673164195,0.10806557377049181,0.03423469376032497,6.99
10221,Quarantine,0,0.4714549974519859,0.0,0.006663128315767949,6.99
10222,QuiVr,0,4.489496213928224,0.0,0.011455328976369528,14.99
10224,The Last Leviathan,0,1.1983046468621672,0.02255737704918033,0.01125838922319412,6.99
10226,Greed Corp,0,2.200005648481866,0.025704918032786888,0.012046148235895749,6.99
10227,Minion Masters,0,2.967324858873664,0.10072131147540984,0.4876228288623086,0.0
10228,Astroflux,0,0.8088438216487666,0.0015737704918032788,0.002789979836651604,0.0
10231,The Golf Club VR,0,1.2848128837509765,0.0,0.006433365270396639,15.49
10232,Chicken Assassin: Reloaded,0,6.532655958013116,0.06452459016393443,0.012801083956401478,3.99
10233,"Warhammer 40,000: Gladius - Relics of War",0,1.250566098041175,0.036196721311475416,0.03682773384380117,30.99
10234,Fabric,0,3.137185896056071,0.0,0.0006892891361139262,6.99
10241,The Elder Scrolls V: Skyrim Special Edition,18,1.192321758014707,0.430688524590164,2.0471230876739672,29.99
10243,Bayla Bunny,0,0.26441017833848196,0.08550819672131148,0.0005579959673303208,1.69
10245,BATTALION 1944,0,0.3565035337451745,0.44380327868852465,0.24262977591210183,15.99
10246,Zen of Sudoku,0,2.702702702744225,0.0,0.001280108395640148,0.0
10253,Prismata,0,1.7799437263270512,0.22924590163934427,0.02438770610155461,0.0
10254,SWARMRIDERS,0,3.8986807621286355,0.006819672131147541,0.008205823048975306,0.0
10256,Realms of Magic,0,4.276005843638474,0.0,0.0011488152268565427,11.39
10258,Imperium Galactica II,0,1.7552490299956436,0.0,0.002527393499084394,8.99
10259,神明的一天世界(God's One Day World),0,2.287614099982778,0.0,0.018610806675075996,6.99
10260,Tokyo 42,0,0.8261913619690006,0.0,0.011947678359308045,14.99
10261,Blasters of the Universe,0,3.3604137054149708,0.0,0.0025602167912802958,10.99
10264,Fly O'Clock,0,1.7078260838746653,0.11960655737704919,0.007352417451881874,0.79
10265,Gnomes & Goblins (preview),0,8.359591118427483,0.0,0.012505674326638365,0.0
10267,Weird Hero,0,1.6848229188940416,0.0,0.00016411646097950648,2.89
10271,Wolfpack,0,5.061630453538847,0.0,0.0070570078221187625,27.79
10272,Need to Know,0,0.603839587109803,0.0,0.001969397531754074,11.39
10273,Darconika: The Cube of Soul,0,0.2904158076643243,0.13534426229508198,0.0026915099600639003,3.19
10275,Daily Chthonicle: Editor's Edition,0,1.1554919601667524,0.12695081967213115,0.00039387950635081477,2.79
10276,Gravity Cat,0,1.8362742503406437,0.0,0.008960758769481034,2.09
10280,Bot Vice,0,7.7310508767044785,0.09127868852459017,0.025339581575235748,9.99
10283,BoneBone: Rise of the Deathlord,0,0.6715332735058253,0.11855737704918033,0.010273690457317082,1.59
10284,Ant Queen,0,0.44903838004966096,0.0,0.00187092765516637,2.89
10287,Red Trigger,0,3.57848017823232,0.011540983606557378,0.05609500636279519,0.0
10288,GemBreak,0,1.2488841576305472,0.3168524590163935,3.2823292195901556e-05,1.59
10289,Crazy Forest,0,0.7684140171132513,0.14531147540983608,0.008468409386542515,3.99
10291,Mr. Pumpkin Adventure,0,3.7173394540772557,0.0,0.0006236425517221235,2.79
10293,Take Thy Throne,0,0.5308156732123054,0.11068852459016394,0.004332674569858962,1.59
10294,Drift Horizon Online,0,0.2141021452170274,0.0,0.0064661885625925414,3.99
10295,12 Labours of Hercules V: Kids of Hellas (Platinum Edition),0,3.085227698874634,4.154229508196722,0.005448666504519603,1.99
10298,the 9th day:第九日,0,5.600898704389595,0.0,0.006006662471849923,5.99
10300,PRINCIPIA: Master of Science,0,1.1164550861517244,0.0,0.0024289236224966904,6.99
10302,Zero-G VR,0,0.8737615970617092,0.0,0.0013129316878360488,3.99
10303,Notruf 112 | Emergency Call 112,0,0.5278815288083443,0.39029508196721313,0.03475986643545939,18.1
10307,Reset 1-1,0,0.7206041690633853,0.1217049180327869,0.00295409629763111,1.59
10316,Orwell: Keeping an Eye On You,0,4.102817117405266,0.1300983606557377,0.24932572752006568,7.19
10317,Natural Selection 2,0,2.0928994505323373,0.13272131147540986,0.320683564753955,6.99
10320,"Bye-Bye, Wacky Planet",0,1.612504818072315,0.12904918032786886,0.009157698522656441,3.19
10321,RPG World - Action RPG Maker,0,1.0669137935990505,0.0,0.009190521814852342,0.0
10326,Bohemian Killing,0,0.9790982206544382,0.0,0.0021663372849294806,9.99
10327,Space Hulk: Tactics,0,0.5773350602833259,0.0,0.006433365270396639,34.99
10328,The Cat! Porfirio's Adventure,0,1.858027876864944,0.13114754098360656,0.005350196627931899,2.09
10330,Has-Been Heroes,0,1.0936026611298681,0.2974426229508197,0.0067944214845515535,14.99
10331,Pixel Cup Soccer 17,0,3.8395477266857494,0.10963934426229509,0.004759377368405678,6.99
10335,Alteric,0,0.7935835523613178,0.0,0.0002954096297631114,2.79
10337,Heroes of the Monkey Tavern,0,1.1118350003430377,0.0,0.004398321154250763,6.99
10342,Bear With Me - Episode One,0,2.863646993969401,0.036721311475409836,0.021827489310274315,0.0
10343,VR Ping Pong,0,1.546687753845795,0.0,0.00078775901270163,6.99
10344,Tropico 6,16,2.131681857558747,0.8251803278688525,0.1425187347146031,39.99
10345,Aftercharge,0,1.6813375909830632,0.0,0.001969397531754074,14.99
10346,Shonen Idle Z,0,0.42444482125955624,0.2617704918032787,0.010864509716843305,0.0
10351,Commander: Conquest of the Americas,0,0.2577600902140028,0.0,0.001115991934660642,7.99
10354,Ballistic Tanks,0,2.4428817533588276,0.0,0.00213351399273358,3.99
10355,Card Quest,0,8.066956342997903,0.0010491803278688525,0.0018052810707745678,7.19
10360,RiME,0,3.488926372883519,0.15475409836065576,0.08530773641714728,29.99
10362,WALLSLIDE,0,1.559490525141211,0.15108196721311476,0.00013129316878360492,0.79
10366,Planet Coaster,0,2.934801535266715,0.25285245901639347,0.8117856625890291,29.99
10372,City Car Driving,0,0.8697507977056187,0.1038688524590164,0.07135783723388926,20.51
10374,Figment,0,2.0743695490496887,0.27068852459016396,0.01260414420322607,14.99
10377,Deep Space Dash,0,0.08699149068304171,0.11540983606557378,0.006269248809417134,0.79
10379,Monster Puzzle,0,0.4462590672421864,0.1138360655737705,0.0014770481488155548,3.99
10380,Laraan,0,0.34402033191514825,0.12485245901639346,0.004267027985467159,3.99
10381,Haven Moon,0,1.1474740628638176,0.0,0.004168558108879455,7.19
10382,HardCube,0,1.343750206555833,0.13639344262295083,0.003873148479116345,3.19
10388,Marvel vs. Capcom: Infinite,0,0.4769177182743682,0.0,0.0454930829835191,32.99
10389,Dungeons 3,16,6.474299891273101,0.3514754098360656,0.3086045932258633,29.99
10398,The Thrill of the Fight - VR Boxing,0,6.1655337517496696,0.02098360655737705,0.026061694003545573,6.99
10401,Heart's Medicine - Time to Heal,0,4.686090746414049,0.20668852459016396,0.017297874987239947,9.99
10404,Wizrogue - Labyrinth of Wizardry,0,0.5667833253910812,0.015213114754098362,0.0011816385190524443,8.99
10409,Praey for the Gods,0,1.6655706311480145,0.0,0.01181638519052444,23.79
10415,STANDBY,0,0.8225309950792318,0.0,0.00016411646097950648,5.59
10416,EARTH'S DAWN,12,1.706722396382786,0.19986885245901642,0.001115991934660642,24.99
10418,TransRoad: USA,0,0.33607274986539765,0.0,0.0057112528420868135,22.49
10419,Magic: The Gathering - Duels of the Planeswalkers 2012,0,2.7966425428525445,0.4904918032786886,0.022976304537130857,0.0
10421,Morphblade,0,4.213931800225867,0.011540983606557378,0.007450887328469578,3.99
10425,VR: Vacate the Room (Virtual Reality Escape),0,2.456599008565113,0.0,0.003643385433745036,2.89
10435,Mega Man Legacy Collection 2 / ロックマン クラシックス コレクション 2,0,1.978085486286115,0.0,0.010962979593431009,11.99
10437,Enigmatis 3: The Shadow of Karkhala,0,4.683366752333452,0.0,0.011159919346606416,6.99
10439,NARUTO: Ultimate Ninja STORM,0,0.5200196503028902,0.0,0.022418308569800538,14.99
10440,Borderlands 2,18,4.985494035859829,0.5975081967213115,5.104547109137775,19.99
10443,Disgaea 2 PC / 魔界戦記ディスガイア2 PC,0,3.4420545664840794,0.0,0.019595505440953034,14.99
10447,Woodle Tree 2: Worlds,0,0.9427309280452638,0.19986885245901642,0.004857847244993382,2.79
10453,Divided We Fall: Play For Free,0,0.3961229009568467,0.0,0.00213351399273358,0.0
10458,Intrude,0,2.1635485587702603,0.0,0.0016083413175991602,2.99
10464,Hexoscope,0,3.326272981576445,0.11488524590163936,0.0031510360508065177,1.99
10467,Montaro,0,7.9439818579349515,0.10019672131147542,0.34411939538182845,0.79
10469,Dungeon Fighter Online,0,1.0311854340520912,0.13481967213114754,0.0725394757529417,0.0
10471,Selma and the Wisp,0,1.0865881556877584,0.0,0.0008862288892893329,6.99
10472,True Love ～Confide to the Maple～,0,1.7241632977129326,0.08498360655737705,0.02757156544455703,8.99
10473,Beat Hazard,0,7.318864089300706,0.33206557377049184,0.2141391582860596,6.99
10482,Senza Peso,0,6.119106119068775,0.0,0.00456243761523027,0.0
10484,Onward,0,3.0863894747169316,0.12222950819672132,0.09971716169114792,18.99
10485,Paddle Up,0,2.8198522450864085,0.0,0.004234204693271258,6.99
10486,Corona Blossom Vol.1 Gift From the Galaxy,0,7.13917108903548,0.12537704918032788,0.0038403251869204434,6.99
10488,Kingdom: New Lands,0,2.3405114150156074,0.11593442622950821,0.17265051695044042,10.99
10491,Fighting Fantasy Legends,0,0.6751144681851392,0.0,0.0004267027985467159,5.19
10492,Supipara - Chapter 1 Spring Has Come!,0,17.230082747436327,0.0,0.0027571565444557034,10.99
10499,Life is Feudal: Forest Village,0,0.6214463701084518,0.04931147540983607,0.10244149494340772,18.99
10502,Moon Colonization Project,0,0.20349570459460117,0.17416393442622952,0.009485931444615453,1.59
10507,Noob Squad,0,0.24300255925861605,0.07239344262295083,0.01230873457346296,0.75
10510,Monster Slayers,0,1.6399362857782278,0.45901639344262296,0.01926727251899402,5.99
10512,Strange Night,0,0.4244856462249604,0.0,0.0003282329219590125,2.79
10513,Antihorror,0,1.3546461824941392,0.0,0.0008534055970934322,0.79
10516,SweatShop,0,0.2862549070797328,0.11750819672131149,0.009092051938264638,0.79
10518,Sorcerer King: Rivals,0,0.6117877011147063,0.0,0.004431144446446666,15.49
10520,The Housewife,0,0.13709402741657262,0.1238032786885246,0.004037264940095851,3.99
10523,MegaTagmension Blanc + Neptune VS Zombies (Neptunia),0,3.239436792607656,0.0,0.03285611548809712,19.49
10526,Inverted,0,0.5778000520763722,0.13481967213114754,0.0018381043629704685,3.19
10527,Replica,0,2.5438407509242813,0.05036065573770492,0.0858985556766735,1.99
10528,Sumeru,0,1.5417636109216863,0.0,0.001115991934660642,4.99
10537,Shape Shifter,0,0.33042446849061363,0.11226229508196722,0.0009846987658770367,0.79
10543,Street Legal Racing: Redline v2.3.1,0,1.578352971185976,0.7464918032786886,0.04513202676936418,4.79
10546,Fabulous Food Truck,0,0.3454865524127599,0.10596721311475411,0.00013129316878360492,2.09
10549,Conclusion,0,0.16792775429952667,0.11331147540983608,0.003446445680569629,1.59
10551,1 Moment Of Time: Silentville,0,1.2731740007551435,0.20826229508196722,0.011192742638802317,0.79
10554,HOMEBOUND,0,0.25608579574649687,0.0,0.00039387950635081477,5.99
10563,Agent Walker: Secret Journey,0,0.8059559784676583,0.0,0.0011816385190524443,6.99
10565,Trick & Treat,0,9.76249902202071,0.03252459016393443,0.04989140413776986,0.0
10568,Safety First!,0,1.8427518428849032,0.005245901639344262,0.00295409629763111,1.99
10571,The Wardrobe,0,2.002315795371343,0.0,0.003807501894724542,12.99
10572,Recursed,0,15.789770962298908,0.0,0.0022648071615171844,5.79
10574,Golden Krone Hotel,0,19.150498460952885,0.0,6.564658439180268e-05,6.99
10575,Quanero VR,0,4.395304395305969,0.0419672131147541,0.006630305023572047,0.0
10576,8-Bit Hordes,0,1.7585646046800412,0.0,0.010043927411945774,10.99
10577,Zezenia Online,0,0.844600288400109,0.004721311475409836,0.0035120922649614313,0.0
10579,Destiny of Ancient Kingdoms™,0,0.3560300114655288,0.0,0.0018052810707745678,0.0
10580,Flight of the Icarus,0,0.1928811809424367,0.011540983606557378,0.004693730784013875,3.99
10585,CreaVures,0,1.7438504336388003,0.0,0.001378578272227852,3.99
10586,Dragon Rage,0,1.2266184680036465,0.0,0.0018381043629704685,4.99
10587,Batman - The Telltale Series,0,1.180448069630414,0.3016393442622951,0.24328624175601987,11.99
10590,Trolley Gold,0,0.11286688432868994,0.1259016393442623,0.003446445680569629,1.69
10591,Cats are Liquid - A Light in the Shadows,0,3.7514440883114437,0.0031475409836065576,0.012111794820287552,0.79
10600,I Am The Hero,0,1.8399605409221294,0.0,0.013457549800319503,6.99
10603,Extreme Forklifting 2,0,2.0587986106555163,0.044065573770491806,0.0022648071615171844,1.59
10605,MSI Electric City,0,1.0323695224363987,0.002622950819672131,0.00036105621415491364,0.0
10608,Mind Spheres,0,1.4752159713951025,0.1437377049180328,0.013556019676907205,0.79
10611,After Dreams,0,0.9760110275679389,0.0005245901639344263,0.0023961003303007897,0.0
10620,Plain Sight,0,0.7654101961863724,0.0,0.005251726751344195,3.99
10633,Star Fields,0,0.22800229697503618,0.11016393442622952,0.00013129316878360492,0.79
10634,klocki,0,14.335308745689284,0.048262295081967214,0.11665398046423295,0.79
10635,Tomato Jones,0,1.8500577721797056,0.0,0.0012144618112483459,1.59
10637,The Turing Test,0,2.326708457033192,0.227672131147541,0.11153354688167236,14.99
10642,Ultimate Booster Experience,0,1.424699082694558,0.023081967213114757,0.005153256874756491,3.99
10644,Aaero,0,2.3893619712921943,0.06609836065573771,0.011455328976369528,10.99
10649,Half-Life: Opposing Force,0,6.9478569481111165,0.2177049180327869,0.17849306296131084,3.99
10650,Left 4 Dead,0,7.219206826322502,0.1458360655737705,0.617045069990747,7.19
10651,Nimbus,0,6.821429580176581,0.0005245901639344263,0.0029212730054352094,5.99
10662,Ben and Ed - Blood Party,0,2.0217997758960418,0.03829508196721312,0.019628328733148934,10.99
10672,Kitty Cat: Jigsaw Puzzles,0,1.4261910813163754,0.07921311475409837,0.00213351399273358,0.79
10674,Tormentor❌Punisher,0,2.8876096028654126,0.27121311475409837,0.007516533912861381,5.59
10677,Wild Terra Online,0,0.5436231622009632,0.027803278688524592,0.03630256116866675,0.0
10681,Arcanum: Of Steamworks and Magick Obscura,0,2.584386069233131,0.0,0.01634599951355881,4.99
10682,Riddles Of The Past,0,1.3245220142657634,0.0,0.0018381043629704685,4.99
10690,Fishing: Barents Sea,0,0.9231927852680304,0.20039344262295083,0.031608830384652876,17.99
10693,Clock Simulator,0,3.1054251745220403,0.0,0.00882946560069743,0.79
10694,Acan's Call: Act 1,0,1.8383064361691024,0.0,0.007221124283098269,0.0
10695,Axis Football 2016,0,1.2083287947793497,0.0,0.0006564658439180246,14.99
10699,Mafia II,18,6.45711999018583,0.5182950819672132,1.0897333009039207,19.99
10700,What Remains of Edith Finch,0,7.971857270061775,0.07816393442622951,0.3603669250187996,14.99
10702,The Shrouded Isle,0,0.9109639313608482,0.19514754098360657,0.016772702312105526,6.99
10707,Blue Solar: Chaos War,0,1.1800629356362324,0.0,0.001280108395640148,2.79
10714,Bulletstorm: Full Clip Edition,18,1.761639547434704,0.33468852459016396,0.050285283644120674,29.99
10715,Francisca,0,0.6860570080591677,0.0,0.004496791030838467,0.79
10716,Unforeseen Incidents,0,4.103476517489989,0.0,0.0033151525117860237,15.49
10718,Don't Disturb,0,1.9787812893870207,0.0,0.006630305023572047,2.69
10722,Totem,0,0.5076936114540267,0.1358688524590164,0.0009190521814852345,3.19
10726,Phantasmagoria,0,2.1635485587702603,0.010491803278688525,0.0016083413175991602,7.99
10728,Invisible Mind,0,0.21840021840745336,0.20039344262295083,0.0007549357205057284,3.99
10731,Ctrl CV,0,1.420148733709843,0.002098360655737705,0.003544915557157332,0.0
10732,Drayt Empire,0,0.3454865524127599,0.1259016393442623,0.003544915557157332,0.79
10737,You Deserve,0,1.0721022613897182,0.05455737704918033,0.0042013814010753575,0.79
10738,BERSERK and the Band of the Hawk,18,1.33231576717603,0.04091803278688525,0.03574456520133643,49.99
10742,"Warhammer 40,000: Sanctus Reach",0,2.0741619363636485,0.06924590163934427,0.01818410387652928,22.99
10744,Redactem,0,0.8608249989087148,0.0,0.003709032018136838,0.99
10751,ACE COMBAT™ 7: SKIES UNKNOWN,0,1.0451078269126446,0.5398032786885246,0.20238841967992693,49.99
10752,Ultimate General: Civil War,0,2.2687703534098986,0.0,0.09085487279825459,22.99
10755,Strike.is: The Game,0,1.0093173749485032,0.007344262295081968,0.042473340101496185,0.0
10760,The Last Sniper VR,0,0.7724824250999159,0.0,0.002199160577125382,5.79
10763,50 years,0,2.718941512176833,0.0,0.005350196627931899,3.99
10764,Quest for Glory 1-5,0,4.869588882187191,0.003672131147540984,0.001706811194186864,7.99
10765,Voodoo Garden,0,1.123370311478609,0.14426229508196722,0.013260610047144095,1.99
10767,SENRAN KAGURA ESTIVAL VERSUS,0,8.526214363907219,1.0455081967213116,0.0940059088490611,24.99
10769,Batman™: Arkham VR,0,1.123144014299926,0.11855737704918033,0.025930400834761967,14.99
10770,The Janitor,0,0.07603173773888985,0.0,9.84698765877038e-05,0.79
10771,The Return Home Remastered,0,0.21141279044282105,0.12118032786885247,0.0006564658439180246,0.79
10773,"Calm Down, Stalin",0,2.511468029006169,0.0,0.01788869424676617,2.79
10775,Spec Ops: The Line,18,4.703063324029887,0.1579016393442623,1.1446794920398593,19.99
10790,Hurricane,0,0.5111694767086182,0.1295737704918033,0.0008534055970934322,0.79
10793,Super Star,0,1.4591167973094399,0.11121311475409837,0.11829514507402801,1.59
10795,Dig 4 Destruction,0,4.843401395254526,0.0,0.0003282329219590125,8.99
10796,White Noise 2,0,1.7046759176683377,0.0,0.06830527105967045,6.99
10797,Hospitalize,0,0.5510679759601669,0.0,0.0006892891361139262,11.99
10799,Four Last Things,0,8.455260179581296,0.06085245901639345,0.006597481731376146,6.99
10803,Security Hole,0,6.091671609040289,0.0,0.0011816385190524443,6.99
10804,Mahluk:Dark Demon,0,0.7145076111939254,0.0,0.0006564658439180246,1.69
10806,911 Operator,0,1.8910033208706607,0.14688524590163934,0.13542890360028845,10.99
10807,Duck Season,0,2.281566833423437,0.025704918032786888,0.014146838936433427,14.99
10808,Fictorum,0,0.9914906467381853,0.0,0.00942028486022365,14.99
10809,INVASION!,0,3.728083038499281,0.0,0.0013457549800319503,0.0
10816,Elven Assassin,0,2.766608973692202,0.007868852459016393,0.0063020721016130345,11.39
10818,A Detective's Novel,0,0.7943170954718255,0.14111475409836066,0.021039730297572685,0.79
10822,Railway Empire,0,1.5659820710419619,0.5670819672131148,0.11829514507402801,39.99
10826,Endless Fables: The Minotaur's Curse,0,3.957876371628965,0.0,9.84698765877038e-05,6.99
10828,Planet Nomads,0,0.7949918773182479,0.0,0.036433854337450354,14.99
10832,Manual Samuel,0,2.07930790458641,0.0,0.018873393012643205,7.99
10833,SHENZHEN I/O,0,10.36614529393946,0.17626229508196722,0.05396149237006161,10.99
10834,Celeste,0,13.443321277374528,0.48786885245901646,0.2410870811788945,14.99
10838,Gangs of Space,0,1.1144292338542885,0.0031475409836065576,0.009584401321203157,0.0
10839,The Cooking Game,0,0.9185517807550597,0.15108196721311476,0.0004267027985467159,4.79
10840,Battlerite,0,1.9154085295124983,0.09757377049180328,1.6081115545537887,0.0
10842,Along the Edge,0,4.826456550746091,0.0,0.004365497862054863,10.99
10843,Optika,0,2.1740235534665096,0.011016393442622952,0.0034136223883737275,3.99
10850,The God's Chain,0,0.12604995209110537,0.1259016393442623,0.007221124283098269,5.59
10859,Slavistan,0,4.139773670756059,0.07659016393442623,0.020580204206830068,1.59
10865,39 Days to Mars,0,2.794957967631558,0.11750819672131149,3.2823292195901556e-05,11.39
10866,Elves Adventure,0,0.09265871350209134,0.14845901639344264,0.0014770481488155548,1.99
10867,Warcube,0,4.632155666767704,0.0,0.0053830199201278,7.99
10871,Burn Zombie Burn!,0,0.2147865329828487,0.0015737704918032788,0.0019037509473622716,6.99
10875,Carmageddon: Max Damage,18,1.1733261438149531,0.7134426229508197,0.05261573739002966,12.99
10876,Neon Space 2,0,1.0564994506241148,0.19619672131147542,0.0060394857640458256,4.99
10879,Apocalipsis,0,1.1397425191320085,0.0,0.0004923493829385186,5.99
10881,Foxhole,0,1.455594295911495,0.4055081967213115,0.2468639806053731,14.99
10883,Let Them Come,0,2.7100700265771387,0.0,0.009092051938264638,3.99
10884,Antihero,0,2.2643167833909827,0.17101639344262295,0.009879810950966269,11.99
10887,Holy Potatoes! We’re in Space?!,0,0.745702181116784,0.10859016393442623,0.016641409143321923,11.99
10888,Trimmer Tycoon,0,0.6529246599443266,0.004721311475409836,0.018807746428251403,0.0
10889,Whispers,0,0.33042446849061363,0.11645901639344264,0.00039387950635081477,3.19
10891,Shop Heroes,0,0.8215906992448407,1.1577704918032787,0.09013276036994476,0.0
10897,Party Panic,0,0.9983212608532316,0.064,0.024453352685946412,12.99
10898,Shadows of Adam,0,8.012087322556846,0.0,0.001050345350268839,10.99
10903,Five Nights at Freddy's: Sister Location,0,3.6721824840414508,0.0697704918032787,0.1691712479776749,5.79
10904,ORBITAL,0,0.9251338508276312,0.13691803278688525,0.0003282329219590125,0.79
10906,Dinosaur Forest,0,0.42414810627748983,0.1217049180327869,0.012111794820287552,1.59
10910,Unexplored,0,5.789891996806521,0.4904918032786886,0.011619445437349033,6.99
10911,Downward,0,1.2852978371131154,0.07344262295081967,0.007319594159685973,6.99
10915,Mr.President!,18,1.073978343538322,0.06767213114754099,0.07332723476564333,7.19
10927,Black Sand Drift,0,0.8611575384777503,0.12065573770491804,0.0028228031288475056,0.79
10928,Gone In November,0,0.7356498027045296,0.12485245901639346,0.007647827081644985,0.79
10931,Ashes of the Singularity: Escalation,0,1.2084450425355697,0.1358688524590164,0.06311919089271806,23.79
10932,Zzzz-Zzzz-Zzzz,0,1.3026349234583712,0.1820327868852459,0.0014770481488155548,3.19
10933,Zombitatos the end of the Pc master race,0,0.6686995299716993,0.22977049180327871,0.007024184529922862,1.69
10934,BlackSmith HIT,0,1.2863647348170875,0.09757377049180328,0.009978280827553972,0.79
10935,Fly and Destroy,0,0.7347225134616829,0.7297049180327869,0.0024289236224966904,4.99
10936,Dragon Knight,0,1.2794715927345754,0.08865573770491804,0.06994643566946551,2.79
10940,Treasure of a Blizzard,0,1.9051653535741913,0.0,0.0007221124283098269,13.0
10941,$1 Ride,0,0.22362583971276415,0.12118032786885247,0.018873393012643205,0.79
10942,Strategy & Tactics: Dark Ages,0,0.6019315177489086,0.005245901639344262,0.00187092765516637,14.99
10945,Scrap Garden - The Day Before,0,1.1403821838726103,0.023606557377049184,0.02274654149175955,0.0
10947,Totally Accurate Battle Simulator,0,3.994187056912318,0.19252459016393444,0.10844815741525764,11.39
10949,HackyZack,0,0.9496605557218339,0.0,0.002527393499084394,6.99
10951,Sneak Thief,0,0.8192575593086694,0.07134426229508198,0.010897333009039206,7.99
10953,ROD: Revolt Of Defense,0,1.504832539566996,0.17678688524590166,0.01398272247545392,0.79
10956,Aircraft War X,0,0.4002577672337763,0.15580327868852462,0.013260610047144095,0.79
10961,Wheels of Aurelia,0,0.5512722755450179,0.0,9.84698765877038e-05,6.99
10963,Flat Heroes,0,3.8146072628489054,0.0,0.006892891361139257,5.99
10967,Zup! X,0,9.932503036073404,0.04511475409836066,0.026849453016247204,0.79
10972,SizeBlock,0,0.6047695703118126,0.2539016393442623,0.00045952609074261744,1.59
10973,Crashday Redline Edition,0,2.753417060110927,0.13429508196721313,0.022352661985408737,8.99
10974,Handsome Mr. Frog,0,5.238153514229393,0.1358688524590164,0.0010831686424647405,0.79
10978,Spikit,0,1.6363071536818734,0.10963934426229509,0.00912487523046054,0.79
10985,Save Jesus,0,3.208890268119573,0.14478688524590166,0.05218903459148294,1.59
10987,Lethal Brutal Racing,0,0.5154572234396695,0.17049180327868854,0.007877590127016294,4.79
10988,TO THE TOP,0,3.331074020860236,0.06347540983606557,0.012177441404679353,15.49
10998,Riding Club Championships,0,0.7843409099370882,0.0,0.009354638275831849,0.0
11003,Heroes of Dire,0,0.7939730891005645,0.0005245901639344263,0.0028228031288475056,0.0
11004,In Celebration of Violence,0,3.464542912949637,0.0,0.0050547869981687876,5.59
11005,The Lord of the Rings: Living Card Game,0,0.9022815921137759,0.0,0.012177441404679353,14.49
11007,Battle Time,0,1.1324804429141075,0.1495081967213115,0.001280108395640148,0.79
11014,The Last Weekend,0,0.4584521825970231,0.0,0.006367718686004838,0.0
11018,"The End o,,,o",0,0.5667833253910812,0.0,6.564658439180268e-05,0.0
11024,BIGFOOT,0,0.769503349881755,0.0,0.086062672137653,12.39
11029,You Have 10 Seconds,0,3.561656045294389,0.0015737704918032788,0.03397210742275777,0.0
11050,The Hex,0,9.299895506734265,0.2601967213114754,0.010864509716843305,7.19
11051,The Fall Part 2: Unbound,0,2.4119073064781333,0.0,0.004267027985467159,13.49
11052,Executive Assault 2,0,1.694779512731753,0.27121311475409837,0.008927935477285133,19.99
11053,WWE 2K17,16,0.5135255571627368,0.0,0.040372649400958506,39.99
11055,Long Gone Days,0,7.628004179853536,0.0,0.0008534055970934322,10.99
11059,Drawn®: The Painted Tower,0,2.5167438960682085,0.0,0.0,6.99
11060,THOTH,0,2.1452173177637612,0.09547540983606558,0.0055471363811073066,3.99
11061,Soccer Manager 2017,0,0.7390608715966146,0.005770491803278689,0.018742099843859602,0.0
11062,Eventide 2: The Sorcerers Mirror,0,1.3369871872330712,0.0,0.001115991934660642,6.99
11063,Big Bang Empire,16,0.5342839827833137,2.7241967213114755,0.018315397045312886,0.0
11064,Re Angel,0,22.22316360257938,0.0,0.0005908192595262224,12.39
11073,Evolvation,0,0.9525309672895105,0.16419672131147542,0.022024429063449723,6.99
11076,Thirst VR,0,2.305709202448228,0.0,0.0,1.99
11081,The Shape Of Heart,0,2.2905729209604915,0.0,0.00347926897276553,1.99
11083,New York Mysteries: The Lantern of Souls,0,4.023531609720886,0.16419672131147542,0.0016739879019909624,4.99
11084,Cubway,0,0.8839560566623618,0.1615737704918033,0.0005579959673303208,2.79
11090,Existentia,0,0.3454865524127599,0.11226229508196722,0.00013129316878360492,2.09
11091,Mr. Massagy,0,8.341301444819102,0.0,0.001969397531754074,4.79
11098,Glass Masquerade,0,15.60912168757239,0.12695081967213115,0.0776270860433064,3.99
11108,Fate/EXTELLA,0,5.280201832069433,0.02832786885245902,0.0964020091793619,29.99
11111,Gal*Gun: Double Peace,0,2.3592200787790323,0.1217049180327869,0.04500073360058057,29.99
11114,ONRAID,0,1.225970226686468,0.05036065573770492,0.05287832372759687,0.0
11121,Stay! Stay! Democratic People's Republic of Korea!,0,5.349993816141184,0.0005245901639344263,0.011061449470018712,6.99
11123,Fancy Skiing VR,0,1.0904187720395282,0.0,0.0028556264210434063,6.99
11130,Nightshade／百花百狼,12,24.2203959446366,0.0,0.00725394757529417,26.99
11131,Trickster VR: Co-op Dungeon Crawler,0,3.7652251447208127,0.00419672131147541,0.009288991691440046,9.99
11132,Sally's Law,3,3.403089610117107,0.0,0.002297630453713086,2.79
11134,Oh...Sir!! The Insult Simulator,0,3.9712125921604495,0.06872131147540984,0.08714584078011775,1.59
11136,Home - A VR Spacewalk,0,1.2302764028789557,0.007344262295081968,0.001706811194186864,0.0
11137,Unbox: Newbie's Adventure,0,1.695539252617092,0.010491803278688525,0.011849208482720341,14.99
11145,The Pirate: Caribbean Hunt,0,1.4357377466726278,0.019409836065573772,0.08973888086359394,0.0
11146,Zombie Estate 2,0,25.103787172854215,0.0,0.005448666504519603,3.99
11148,HoCWar,0,0.49120345839691665,0.0015737704918032788,0.00013129316878360492,0.0
11151,Final Quest,0,0.20239675438420415,0.11593442622950821,0.0009846987658770367,0.79
11157,Quern - Undying Thoughts,0,4.309024848817904,0.4490491803278689,0.03403775400714957,18.99
11159,Streets of Rogue,0,7.776497290644376,0.24288524590163937,0.1855500707834296,10.99
11161,KUBOOM,0,0.22541563911969212,0.02675409836065574,0.05786746414137386,0.0
11167,The Underground Man,0,1.8792041780312856,0.05350819672131148,0.039486420511669174,1.99
11172,Lucius III,0,0.43406595150326643,0.0,0.006105132348437627,14.99
11175,ALICE VR,0,0.2367456532064909,0.0,0.0014442248566196541,6.99
11176,Party Tycoon,0,0.40358316215596673,0.0,0.0027571565444557034,3.99
11178,Mu Cartographer,0,3.787172752820419,0.0,0.0017724577785786662,3.99
11179,Blade & Bones,0,0.19254846853598684,0.0,0.0009190521814852345,7.99
11181,Path of War,0,0.3845206856104815,0.07763934426229509,0.001706811194186864,0.0
11182,Drop Alive,0,2.9738202152632733,0.005770491803278689,0.03636820775305855,0.0
11185,1943 Berlin Blitz,0,6.530623772184658,0.0,0.0008862288892893329,0.0
11186,Intralism,0,2.662990938955412,0.15580327868852462,0.06561376109960654,1.99
11187,Anykey Simulator,0,0.22861929812163648,0.1416393442622951,0.0014442248566196541,3.19
11190,Hunger Dungeon,0,0.9732518284264816,0.007344262295081968,0.07135783723388926,0.0
11191,Wooden House,0,0.7145076111939254,0.1300983606557377,0.003709032018136838,0.79
11193,So Many Cubes,0,0.12433107478872693,0.14478688524590166,0.0006564658439180246,1.59
11196,SkyTime,0,0.4278784001123856,0.1138360655737705,0.0016739879019909624,0.79
11197,Squeezone,0,0.3424270667000921,0.15842622950819674,0.0009846987658770367,3.19
11199,SCUM,0,0.661626598954171,0.31160655737704923,0.8005600966580309,15.49
11201,Joana's Life,0,0.10551091629797327,0.0,0.00187092765516637,4.79
11203,Turbo Pug DX,0,1.2266184680036465,0.12275409836065575,0.04621519541182892,0.79
11210,The Frostrune,0,3.703676417583728,0.0,0.004857847244993382,6.99
11219,Beautiful Japanese Scenery - Animated Jigsaws,0,2.5837122391447362,0.0,0.0005908192595262224,6.99
11227,ALONE?,0,0.26736604226007976,0.0,0.0007549357205057284,2.49
11228,Factory Engineer,0,0.3161991669232348,0.0,0.0001969397531754076,6.99
11229,SENRAN KAGURA Bon Appétit! - Full Course,0,5.4816572059684505,0.06557377049180328,0.01391707589106212,14.99
11241,Atomic Society,0,1.0923958645979148,0.0,0.004825023952797479,11.99
11248,Cooking Witch,0,2.3038171670222094,0.09232786885245903,0.0035120922649614313,1.69
11249,Ellipsis,0,12.851534920618574,0.15527868852459017,0.0023961003303007897,7.19
11252,BitMaster,0,0.8985474505339566,0.12537704918032788,0.002199160577125382,1.99
11268,>observer_,16,1.5722713364829428,0.04773770491803279,0.0968615352701045,22.99
11269,Crash Wheels,0,1.1145942183045692,0.0,0.006269248809417134,3.99
11274,The VR Museum of Fine Art,0,7.034421141304819,0.007344262295081968,0.0037418553103327396,0.0
11275,Make America Great Again: The Trump Presidency,0,2.8465609747087846,0.08131147540983608,0.051729508500740325,1.99
11276,Bus Simulator 18,0,0.8185072014222574,0.0,0.07165324686365238,26.99
11278,F1™ 2017,0,1.838721773309377,0.7622295081967214,0.12998023709576884,44.99
11280,Virtual Rides 3 - Funfair Simulator,0,1.028175511196324,0.0,0.004234204693271258,18.99
11281,Invention 2,0,0.5115206654346478,0.2580983606557377,0.012374381157854763,0.79
11282,Hyper color ball,0,0.24724722722438172,0.11750819672131149,0.005908192595262219,0.79
11283,UBERMOSH Vol.3,0,3.8831935384962466,0.0099672131147541,0.002625863375672098,0.79
11284,Straimium Immortaly,0,3.9408060099017437,0.0,0.00045952609074261744,5.99
11285,Warriors of Vilvatikta,0,0.25256977728791763,0.12118032786885247,0.0010831686424647405,0.79
11290,Hooligan Vasja,0,0.6825006827633439,5.549639344262295,0.0013129316878360488,0.79
11296,ToeJam & Earl: Back in the Groove!,0,5.13146375228201,0.05350819672131148,0.008140176464583503,14.99
11298,Runner3,0,1.149801839462984,0.0,0.00078775901270163,15.49
11306,Pinkman,0,46.99652630694298,0.0,0.004825023952797479,0.79
11308,Orake 2D MMORPG,0,0.8080408117247371,0.0015737704918032788,0.017265051695044047,0.0
11316,Bai Qu · 百曲,0,13.005168177699899,0.0,0.009354638275831849,7.19
11322,My Summer Car,0,3.71587236785624,1.1693114754098362,0.4613641951055876,10.99
11333,Sakura Shrine Girls,0,1.6907189323595369,0.1295737704918033,0.0010831686424647405,6.99
11339,Soundboxing,0,3.0257447682977423,0.0,0.013588842969103105,12.39
11341,Richie's Plank Experience,0,1.9859552561638187,0.05770491803278689,0.008730995724109725,11.39
11356,Tavernier,0,1.4455045600364487,0.0,0.001706811194186864,1.99
11365,Just Cause 4,18,0.1571806171084316,1.3817704918032787,0.18889804658741155,44.99
11369,Redout: Enhanced Edition,0,2.5964109227562306,0.20826229508196722,0.09239756753146194,29.99
11370,Epic Tavern,0,1.0822467905659026,0.13324590163934427,0.0028228031288475056,18.99
11373,Caesar™ 3,0,2.3660651248181654,0.0,0.008698172431913825,4.99
11374,Caesar™ IV,0,0.4064409239453385,0.0,0.003643385433745036,7.99
11376,Sisyphus Reborn,0,5.97217907579749,0.0,0.0213679632195317,0.0
11382,Aim Hero,0,2.1233715408596137,0.08288524590163936,0.09696000514669222,3.99
11384,Chess Ultra,0,1.0231458510308362,0.0,0.003709032018136838,9.99
11386,Chimpact 1 - Chuck's Adventure,0,0.9900455177822721,0.014688524590163936,0.0023304537459089875,4.79
11389,Intruder,0,2.832784337560056,0.0,0.015164360994506366,15.49
11393,Accounting (Legacy),0,6.750572862325284,0.04301639344262295,0.06797703813771143,0.0
11395,Ballistick,0,0.12237943273162546,0.11436065573770493,0.002461746914692592,1.59
11397,Intensive Exposure,0,2.598343977877807,0.0,0.0021663372849294806,3.99
11399,Overkill VR: Action Shooter FPS,0,1.349079759991393,0.0,0.0037418553103327396,14.99
11400,Zombo Buster Rising,0,3.960010167036909,0.13324590163934427,0.004234204693271258,1.59
11402,theHunter: Call of the Wild™,0,1.347513719357658,0.4548196721311476,0.653971273711136,19.99
11403,Lone Leader,0,0.15972084968206762,0.1395409836065574,0.006827244776747454,0.79
11404,Surgeon Simulator: Experience Reality,0,0.6927670557871374,0.05036065573770492,0.0018381043629704685,14.99
11407,Soda Girls,0,2.8600755119846,0.0,0.004890670537189282,5.99
11408,Minds Eyes,0,0.8189185625338387,0.07449180327868853,0.029902019190466016,0.0
11411,Next Day: Survival,0,0.694171079012869,0.131672131147541,0.23787039854369615,8.99
11416,DUSK,0,15.47797313008718,0.14898360655737705,0.11776997239889359,15.0
11422,Climbey,0,5.173211919900355,0.02255737704918033,0.018774923136055503,6.99
11435,GUILTY GEAR Xrd -REVELATOR-,0,5.448141575140176,1.0900983606557377,0.0726707689217253,22.99
11439,INTERSHELTER,0,0.7746249726104328,8.315803278688525,0.03246223598174631,0.0
11441,Purrfect Date - Visual Novel/Dating Simulator,0,0.890088476374856,0.06609836065573771,0.004660907491817974,7.19
11446,Dear Esther: Landmark Edition,0,1.1501840117920523,0.06295081967213115,0.023993826595203795,7.99
11449,Lost in Secular Love,0,5.847255063823303,0.0,0.002625863375672098,6.99
11450,Impulse of War,0,0.7119124547308827,0.01259016393442623,0.01125838922319412,0.0
11453,MX vs ATV All Out,0,0.5224660398422695,0.0,0.008698172431913825,34.99
11461,Another Brick in The Mall,0,1.6672884456923371,0.07449180327868853,0.029278376638743896,10.29
11462,Epic Battle Fantasy 3,0,8.274881051653614,0.0005245901639344263,0.025011348653276734,0.0
11464,Stone Age Wars,0,0.7521628213833742,0.10911475409836066,0.0019037509473622716,1.99
11469,Use Your Words,0,1.6419278824683323,0.0,0.00400444164789995,10.99
11473,Magical Otoge Ciel,0,4.4181664873164435,0.0,0.002527393499084394,0.0
11474,Sakura Space,0,1.633979377082707,0.10072131147540984,0.0025602167912802958,6.99
11478,You Have 10 Seconds 2,0,3.341140715971635,0.01678688524590164,0.016739879019909625,0.0
11480,Toadled,0,1.9205286792823237,0.15580327868852462,0.0067944214845515535,0.79
11494,Command Ops 2,0,1.5538004044374427,0.0,0.0013129316878360488,0.0
11497,Hello Neighbor,0,0.8651402187228804,0.008918032786885247,0.06797703813771143,23.79
11498,Death's Hangover,0,3.2296327070475015,0.07921311475409837,0.006433365270396639,3.99
11499,Minimized,0,0.4186597851613969,0.12852459016393444,0.00213351399273358,3.19
11500,Space Incident,0,1.0711562438687503,0.16524590163934427,0.0003282329219590125,3.19
11501,Bullet Sorrow VR,0,2.336191991411445,0.2586229508196721,0.005251726751344195,14.99
11506,Blue Effect VR,0,1.3644944679582733,0.0,0.0007221124283098269,10.99
11507,Princess Remedy 2: In A Heap of Trouble,0,16.65395803338136,0.05036065573770492,0.0054814897967155034,3.99
11510,Medieval Defenders,0,0.18532639227289965,0.0,0.0015098714410114564,3.99
11513,Serial Cleaner,0,1.3339965511123149,0.07134426229508198,0.010798863132451502,11.99
11515,The Fishing Club 3D,0,0.7319659356876745,0.0,0.0033151525117860237,0.0
11521,The House of Da Vinci,0,3.3714126498189203,0.08865573770491804,0.028293677872866855,17.99
11524,The Last Hope,0,0.1640164547542186,0.12327868852459017,0.020219147992675154,0.79
11539,Princess Maker 2 Refine,0,4.1007100123189915,0.0,0.015722356961836687,14.99
11546,Alice's Patchworks 2,0,1.1102296368930695,0.0,0.0010831686424647405,3.99
11550,A Normal Lost Phone,0,2.5780221184409684,0.05665573770491804,0.03846889845359623,1.99
11555,The Works of Mercy,0,0.16505533743376197,0.0,0.0004267027985467159,11.39
11556,Lust for Darkness,0,0.8974708535783817,0.0,0.02809673811969145,10.99
11557,HYPERCHARGE: Unboxed,0,2.7157829337815143,0.040393442622950824,0.0018381043629704685,10.99
11560,Sword Master VR,0,0.9170241772418307,0.0,0.0030853894664147155,6.99
11563,Techwars: Global Conflict,0,0.5430419226516968,0.0,0.0014114015644237526,0.0
11566,Emily is Away Too,0,5.128903197869294,0.2780327868852459,0.10375442663124376,3.99
11567,Brave Dungeon,0,0.8390751168109725,0.28485245901639344,0.0007549357205057284,0.79
11581,NieR:Automata™,18,1.5532972151917714,0.9348196721311476,1.5985271532325855,29.99
11584,HellAngel,0,0.30564491090924134,0.13691803278688525,0.008534055970934318,0.79
11586,Yore VR,0,0.2996978170743487,0.0,0.0014442248566196541,10.99
11591,Fairy Fencer F Advent Dark Force | フェアリーフェンサー エフ ADVENT DARK FORCE | 妖精劍士 F ADVENT DARK FORCE,0,1.9568990015393277,0.23291803278688528,0.056882765375496816,23.79
11594,Asura: Vengeance Expansion,0,2.696872218855956,0.07763934426229509,0.013326256631535896,6.99
11596,RutonyChat,0,1.2266184680036465,0.0,0.0039716183557040475,10.99
11598,Alicemare,0,2.903056839601814,0.07344262295081967,0.011849208482720341,1.99
11600,Helmet Heroes,0,0.2765907126658963,0.016262295081967214,0.019365742395581722,0.0
11601,The Disney Afternoon Collection,0,4.728176452443533,0.0,0.0055471363811073066,15.99
11608,LOST SPHEAR,7,0.5896805898153491,0.0,0.00022976304537130872,34.99
11613,Shio,0,1.2748171368617809,0.0,0.03403775400714957,8.99
11615,Demon Peak,0,0.7145076111939254,0.0,0.002527393499084394,3.99
11618,.hack//G.U. Last Recode,0,2.6953137557985434,0.04459016393442623,0.03928948075849376,39.99
11620,"Guns, Gore and Cannoli 2",0,5.687104032187495,0.1400655737704918,0.03597432824670774,10.29
11625,Hardware Engineering,0,0.4377418173000929,0.011540983606557378,0.0018052810707745678,3.99
11626,Octogeddon,0,2.1474331821372226,0.0,0.002461746914692592,10.29
11627,Bullets And More VR - BAM VR,0,3.379574315587499,0.0,0.012702614079813773,7.19
11629,Deisim,0,3.4884414195213798,0.0,0.0027571565444557034,5.99
11631,Birthdays the Beginning / バースデイズ・ザ・ビギニング,0,0.3867566628817938,0.0,0.01257132091103017,34.99
11634,Doorways: Old Prototype,0,2.2819820584114336,0.0,0.01391707589106212,0.0
11638,Pro Cycling Manager 2017,0,0.6492859453576445,0.5240655737704919,0.006564658439180245,24.99
11642,The Gallery - Episode 2: Heart of the Emberstone,0,2.5251852838283706,0.0,0.005579959673303207,22.99
11643,The Wild Eight,0,0.9425005207928706,0.08970491803278689,0.12210264696875256,14.99
11644,Deus Ex: Mankind Divided™ - VR Experience,18,0.3441417236968985,0.0,0.0042013814010753575,0.0
11654,KickHim,0,0.28438295612941195,0.12642622950819674,0.01628035292916701,1.99
11656,Higurashi When They Cry Hou - Ch.4 Himatsubushi,0,9.241153379207443,0.13219672131147542,0.0008534055970934322,4.79
11658,8infinity,0,0.6921771958758162,0.09652459016393443,0.005021963705972887,0.79
11663,hack_me,0,0.567981596045433,0.1274754098360656,0.06453059245714181,2.79
11666,Chess Knight 2,0,0.2863493538926898,0.10649180327868853,0.0004923493829385186,2.09
11668,SQUAKE,0,1.1853192056240816,0.11016393442622952,0.0010175220580729383,2.79
11672,Star Trek™: Bridge Crew,0,1.624468031628174,0.0739672131147541,0.04588696248986991,33.99
11675,Cmoar VR Cinema,0,0.7724824250999159,0.0,0.002199160577125382,6.99
11676,WORLD END ECONOMiCA episode.03,0,7.95721830211579,0.0,0.0017396344863827647,9.99
11678,For The King,0,1.9460785578555335,1.06072131147541,0.18413866921900587,15.49
11682,Atelier Sophie: The Alchemist of the Mysterious Book,0,2.9183501953475077,0.019409836065573772,0.03830478199261673,24.99
11683,Nights of Azure,0,0.8256895734745506,0.031475409836065574,0.013129316878360489,24.99
11684,Atelier Firis: The Alchemist and the Mysterious Journey / フィリスのアトリエ ～不思議な旅の錬金術士～,0,1.7113975658594662,0.0,0.013063670293968687,49.99
11689,What The Box?,0,1.4741387157369379,0.1217049180327869,0.018774923136055503,3.99
11693,"Warhammer 40,000: Inquisitor - Martyr",0,0.6170447734522404,0.604327868852459,0.17077958929527406,33.99
11694,Cockroach Simulator,0,1.091772710055285,0.058754098360655746,0.018807746428251403,0.79
11697,Life Beetle,0,0.8242456520760382,0.14636065573770493,0.004267027985467159,0.79
11698,EM: Shader Attack,0,1.751532096492867,0.13219672131147542,0.0023304537459089875,3.19
11705,Crown Champion: Legends of the Arena,0,1.783260704067169,0.0,0.0010831686424647405,2.79
11709,Merger 3D,0,0.2344036828147857,0.11488524590163936,0.0013129316878360488,1.99
11710,Just Hero,0,0.35301759437383307,0.1138360655737705,0.004759377368405678,0.79
11711,Russian SuperHero Dead Ivan,0,0.3038048446210121,0.12013114754098361,0.003118212758610616,0.79
11727,東周列萌志 Philosophic Love,0,6.374680240404813,0.0,0.00777912025042859,0.0
11730,Lost In Woods 2,0,0.4072410970312759,0.14268852459016396,0.0014114015644237526,3.19
11733,Solstice Chronicles: MIA,0,1.0753129875214882,0.0,0.005251726751344195,14.99
11737,SYNTHETIK: Legion Rising,0,4.737273158636861,0.7994754098360657,0.030328721989012732,16.99
11741,Soulless: Ray Of Hope,0,1.0287574551540741,0.11540983606557378,0.003610562141549135,7.19
11745,Rogalia,0,0.8856337637085907,0.0,0.008140176464583503,0.0
11746,Turbo Pug 3D,0,0.6688739705489535,0.11436065573770493,0.006269248809417134,1.59
11747,Drunkn Bar Fight,0,1.4212205937680187,0.0,0.008632525847522022,10.99
11748,Found,0,2.8417373244503823,0.0,0.00036105621415491364,0.0
11749,Double Dragon IV,0,0.600099866722336,0.0,0.013391903215927698,5.54
11751,Spin Rush,0,1.366922812503442,0.14636065573770493,0.007976060003603997,4.99
11754,Shu,0,1.620943827973741,0.0,0.001115991934660642,7.19
11756,Operation: New Earth,0,0.3327382222142401,0.0,0.007647827081644985,0.0
11758,Eisenwald: Blood of November,0,0.4195866265632991,0.0,0.0008205823048975307,5.99
11768,Bad ass babes,18,2.5301733765957395,0.0,0.002297630453713086,6.99
11771,Space Simulator,0,0.27082536006063423,0.0,0.00022976304537130872,7.19
11774,Awkward Dimensions Redux,0,1.5335940103794623,0.0015737704918032788,0.0856687926313022,0.0
11777,Lazerbait,0,13.319418021660047,0.006819672131147541,0.00965004790559496,0.0
11778,Moekuri: Adorable + Tactical SRPG,0,2.858971824492721,0.18675409836065576,0.006860068068943355,8.99
11779,Dark and Light,0,0.39471389809316987,0.2811803278688525,0.27765222868512845,13.99
11780,"Creature Clicker - Capture, Train, Ascend!",0,0.27073587214513267,0.11908196721311476,0.005678429549890911,1.59
11786,Behold the Kickmen,0,3.938062558937303,0.0,0.007188300990902367,2.79
11789,Rogue Trooper Redux,0,0.8105283968697533,0.26281967213114754,0.0005579959673303208,19.99
11791,Mutant Football League,18,6.802225423041416,0.0,0.009092051938264638,11.39
11793,"Please, Don't Touch Anything 3D",0,1.8347501108732789,0.11436065573770493,0.003709032018136838,7.19
11796,Mages of Mystralia,0,3.193589714271702,0.2077377049180328,0.013785782722278513,14.99
11797,The Bellows,0,2.236614880439793,0.0,0.002888449713239308,0.0
11800,TAIKU MANSION,0,0.1308518551778847,0.08078688524590165,0.006630305023572047,0.79
11801,Ley Lines,0,1.5306842894384625,0.0,0.0007549357205057284,0.0
11802,Disturbed,0,5.0129700168815665,0.0005245901639344263,0.04050394256974211,0.0
11809,Polygon Attack,0,2.6925357961159806,0.19095081967213115,0.0020678674083417776,0.79
11810,ARK Park,0,0.4274151612748025,0.0,0.004037264940095851,31.99
11813,12 orbits,0,2.4357691023830967,0.0,0.0033479758039819253,1.69
11816,World to the West,0,1.2873773834657347,0.032,0.005415843212323702,11.39
11817,reconquest,0,0.42968190975117554,0.0,0.0033151525117860237,9.29
11818,Train Sim World®,0,0.7497406060369965,0.0,0.08632525847522021,44.8
11820,VR The Diner Duo,0,13.944038081915068,0.0,0.00777912025042859,10.99
11826,Wandersong,0,23.43028205113037,0.0,0.01099580288562691,14.99
11827,Blameless,0,1.9889653119123536,0.03357377049180328,0.11990348639162716,0.0
11828,Smashbox Arena,0,9.727658693426333,0.015737704918032787,0.009748517782182664,14.99
11831,Slayaway Camp,0,8.749526956547205,0.026229508196721315,0.01634599951355881,6.19
11837,Resident Evil 7 / Biohazard 7 Teaser: Beginning Hour,18,2.6691170620088642,0.029901639344262296,0.12495827338979595,0.0
11838,Empires Apart,0,0.574302453861234,0.015737704918032787,0.030361545281208633,0.0
11841,Argo,0,0.28910444411268665,0.019409836065573772,0.3056176736360363,0.0
11847,Haydee,0,2.1161520663757356,0.1521311475409836,0.109990852148465,10.99
11848,Archimedes,0,1.4826738966005486,0.04563934426229509,0.002461746914692592,1.99
11850,Tower 57,0,0.7229181908770453,0.21193442622950823,0.010306513749512984,9.29
11851,ROM: Extraction,0,0.6568951397884286,0.0,0.00045952609074261744,14.99
11852,Far Beyond: A space odyssey VR,0,1.0665838254666553,0.0,0.0013457549800319503,10.29
11857,AIRHEART - Tales of broken Wings,0,2.130814199912387,0.0,0.00022976304537130872,10.99
11858,HEBEREKE!: March! Red Army Girls' Brigade,0,2.933654658009522,0.002098360655737705,0.0019037509473622716,0.0
11861,The Art of Fight | 4vs4 Fast-Paced FPS,0,0.8285917129983967,0.0,0.007647827081644985,0.0
11864,Just Shapes & Beats,0,12.017525810913133,0.07554098360655738,0.06377565673663607,15.49
11866,Polygod,0,2.6349233247104835,0.0,0.0006564658439180246,2.09
11869,Eternal Card Game,0,1.2834766976739922,0.018885245901639345,0.1427813210521703,0.0
11870,Exoplanet: First Contact,0,1.4172980425070452,0.0,0.004168558108879455,14.99
11871,8-Bit Invaders!,0,1.5748538508493435,0.0,0.005317373335735998,10.99
11872,Corona Blossom Vol.2 The Truth From Beyond,0,8.472987093800821,0.2135081967213115,0.0005251726751344197,6.99
11876,Guardian's Oath,0,0.9178457456792324,0.0,0.0006564658439180246,1.59
11879,Dungeon Rats,0,1.519253243433225,0.036196721311475416,0.00725394757529417,5.99
11880,Bloody Walls,0,1.1606478554024198,0.007868852459016393,0.02799826824310375,0.0
11882,Dream Dealer,0,0.27082536006063423,0.17416393442622952,0.00022976304537130872,2.79
11885,Rusty Lake: Roots,0,6.9157045332109925,0.08340983606557378,0.06584352414497785,1.99
11888,Super Blood Hockey,0,4.690897794294525,0.0,0.011619445437349033,11.39
11889,Life is Strange 2,18,1.86635274109719,0.20983606557377052,0.18377761300485096,6.49
11891,Lethal VR,0,2.607488814681997,0.013114754098360657,0.00036105621415491364,9.99
11892,Dark Train,0,1.1118350003430377,0.004721311475409836,0.0005579959673303208,7.19
11901,Time Leap Paradise SUPER LIVE!,0,1.3156812257430834,0.002622950819672131,0.003610562141549135,0.0
11903,CAYNE,0,1.54132698750956,0.022032786885245903,0.03105083441732256,0.0
11916,Super LOH,0,0.7290013146704231,0.13114754098360656,0.007286770867490071,0.79
11917,Don't Chat With Strangers,0,0.17792086753061254,0.0,0.0002954096297631114,3.99
11921,Zup!,0,6.04339886437092,0.12642622950819674,0.19943432338229583,0.79
11927,Academagia: The Making of Mages,0,0.914898815915617,0.0,0.002035044116145876,11.99
11928,MONMUSU,0,1.0628766607345301,0.20826229508196722,0.07532945558959331,0.0
11932,Think To Die,0,0.9469789870810964,0.00419672131147541,0.0057112528420868135,0.0
11934,Zombie Defense,0,1.7334149672432657,0.20616393442622952,0.04588696248986991,0.0
11935,Atonement 2: Ruptured by Despair,0,1.0588580149439173,0.128,0.0004267027985467159,4.79
11937,Multimirror,0,0.2523058630062382,0.11278688524590165,0.0001969397531754076,3.99
11940,Don't open the doors!,0,2.3032151558725023,0.0,0.00187092765516637,8.29
11942,Blocks by Google,0,2.9229856817379676,0.0,0.0013129316878360488,0.0
11948,Dragon's Sin,0,0.7252511956159504,0.004721311475409836,0.010930156301235108,0.0
11952,Cursed Castilla (Maldita Castilla EX),0,2.1783716646246836,0.06767213114754099,0.008566879263130218,8.99
11956,Pure Farming 2018,0,0.7381243739604216,0.0,0.027768505197732437,15.49
11961,Guacamelee! 2,0,6.80335507916274,0.0,0.017757401077982564,15.49
11966,XGun-Weapon Evolution,0,5.083453359444096,0.0,0.0004923493829385186,2.79
11978,Domina,0,2.523025086161114,0.24131147540983608,0.15738768607934636,6.99
11988,Breathing Fear,0,2.084404153630431,0.2512786885245902,0.0031838593430024193,1.99
11992,Sundered®: Eldritch Edition,0,1.5813701839397918,0.11960655737704919,0.052451620929050154,15.49
11993,Porno Studio Tycoon,0,0.4584521825970231,0.0,0.003380799096177826,14.69
11994,Nidhogg 2,0,1.4232795962815012,0.005770491803278689,0.012144618112483452,10.99
11999,Crash Force®,0,1.3201771824094617,0.0,0.0006236425517221235,0.0
12002,Unforgiving Trials: The Space Crusade,0,0.4994210512800707,0.12222950819672132,0.0047265540762097755,0.99
12004,Micro Machines World Series,0,0.0861224038633078,0.0519344262295082,0.010372160333904786,24.99
12007,Two Point Hospital,0,1.9007897228588426,0.9232786885245903,0.24932572752006568,24.99
12034,Glittermitten Grove,0,1.950556997642022,0.0,0.007943236711408097,14.99
12036,MOBIUS FINAL FANTASY™,12,0.8181603632059851,0.3614426229508197,0.1128464785695084,0.0
12039,Redie,0,1.5837484079393367,0.0,0.0,6.99
12045,Shuffle!,0,2.1228124679007627,0.0,0.0,14.99
12046,Angels of Death,0,6.353245473560254,0.01259016393442623,0.06403824307420329,6.99
12050,Digimon Masters Online,0,0.7532004315954658,0.33626229508196726,0.1341159719124524,0.0
12053,Guts and Glory,0,1.5312721717056819,0.2040655737704918,0.03794372577846181,11.39
12054,JumpBall,0,0.23073876722835787,0.11645901639344264,0.0042013814010753575,1.69
12056,Inner Chains,0,0.3006889993161503,0.0,0.006499011854788442,17.99
12057,ReCore: Definitive Edition,0,0.6383830244279521,0.0,0.006925714653335158,14.99
12058,SYMMETRY,0,0.420043868326692,0.0,0.001115991934660642,8.99
12063,Octave,0,1.0118623021703923,0.12695081967213115,0.0005579959673303208,1.99
12067,Bomber Crew,0,2.929830340621293,0.1395409836065574,0.13802194368376464,14.99
12069,Heroine Anthem Zero -Sacrifice-,0,0.5746619541464717,0.0,0.013588842969103105,7.19
12073,Doodle God: 8-bit Mania - Collector's Item,0,0.38021302416848113,0.1437377049180328,0.0004923493829385186,14.99
12074,Bad Dream: Coma,0,4.555339038227042,0.19095081967213115,0.013785782722278513,5.99
12075,Feel The Snow,0,2.929387067577717,0.12695081967213115,0.04851282586554201,5.99
12087,Sleeping Valley,0,0.14567561512590038,0.11278688524590165,0.004595260907426171,9.99
12088,The Legend of Heroes: Trails of Cold Steel,0,8.42121936575435,0.03934426229508197,0.06636869682011227,29.99
12092,Train Mechanic Simulator 2017,0,0.5036950593571076,0.0,0.007418064036273677,5.79
12093,City Climber,0,1.1826089413635863,0.0,0.0011488152268565427,5.19
12111,Son of a Witch,0,2.781240712425273,0.015737704918032787,0.0024945702068884935,9.99
12112,Citalis,0,0.4024400577474846,0.12327868852459017,0.002461746914692592,1.59
12113,Crab Dub,0,0.9127440718449034,0.1295737704918033,0.003873148479116345,1.99
12116,Racecar.io,0,0.41161277514700334,0.015213114754098362,0.00564560625769501,0.0
12117,TwelveSky2 Classic,0,0.5638867708202133,0.0,0.0010831686424647405,0.0
12119,Sakura Nova,0,3.118583578385447,0.163672131147541,0.004923493829385183,10.99
12121,SWEATER? OK!,0,3.147034181520205,0.0,0.00039387950635081477,2.89
12122,Razortron 2000,0,2.589199141073617,0.1495081967213115,0.01844669021409649,0.79
12126,Final Quest II,0,0.2772437258320396,0.10911475409836066,0.0006892891361139262,0.79
12128,Imprisoned Light,0,0.7419421212224121,0.0,0.002363277038104888,0.79
12138,ISLANDS: Non-Places,0,1.8333585050555505,0.0,0.00564560625769501,3.99
12141,Delicious! Pretty Girls Mahjong Solitaire,0,2.667912061065603,0.526688524590164,0.03997876989460769,0.79
12149,Lara Croft GO,0,2.8643755916253637,0.13219672131147542,0.040175709647783095,7.99
12152,Rose of Winter,0,5.3783743440747225,0.0,0.0001969397531754076,8.99
12153,Nuclear Contingency,0,0.28366652085024663,0.11436065573770493,0.003807501894724542,0.99
12154,Krampus,0,0.28241407565269966,0.11645901639344264,0.0016411646097950617,3.19
12157,Cold Waters,0,1.8554187916267313,0.0,0.04982575755337806,29.99
12158,Alien Shooter TD,0,2.2439815544040296,0.0,0.009551578029007256,7.19
12161,Survive the Nights,0,0.2804883476852364,0.03357377049180328,0.04109476182926833,19.99
12163,Clickdraw Clicker,0,0.112054617232755,0.11226229508196722,0.008369939509954813,0.79
12169,Sally Face,0,11.115235253146556,0.19462295081967215,0.05891780949164269,1.99
12172,Disney Infinity 3.0: Gold Edition,0,1.2147089131673214,0.0,0.002789979836651604,23.79
12180,Forgotton Anne,0,4.758049585850253,0.1820327868852459,0.012702614079813773,15.49
12185,Animal Lover,0,4.811394466823945,0.0,0.0007549357205057284,7.19
12189,The Herbalist,0,7.097603649435435,0.0,0.010240867165121181,4.79
12193,Escape the Game,0,1.7690516784070456,0.027803278688524592,0.061215439945355776,0.0
12194,Slingshot people,0,0.2769092554770456,0.11121311475409837,0.038797131375555245,0.79
12195,Castle of no Escape 2,0,1.6325600009015118,0.13639344262295083,0.0039716183557040475,7.99
12196,Pixel Gladiator,0,1.4432807535917624,0.0005245901639344263,0.0029869195898270117,3.99
12198,Remaining in a dream,0,0.20239675438420415,0.11226229508196722,0.0009846987658770367,0.79
12199,Therian Saga,0,0.8066875654427202,0.0005245901639344263,0.007352417451881874,0.0
12203,SoulSaverOnline,0,0.5550768725683684,0.0,0.0012144618112483459,0.0
12209,Power Overwhelming Prologue,0,0.35346945705281235,0.0,9.84698765877038e-05,1.99
12211,Bubble Blowout,0,0.20449556941992666,0.10649180327868853,6.564658439180268e-05,0.79
12213,Balloon Blowout,0,0.2313062381651246,0.0797377049180328,0.00026258633756720984,0.79
12215,Castle Must Be Mine,0,5.855312752139822,0.0,0.003709032018136838,12.39
12216,Drift GEAR Racing Free,0,0.10066044551371597,0.03934426229508197,0.00187092765516637,0.0
12226,Bush Hockey League,16,0.6532769652000521,0.0,0.0031510360508065177,8.99
12230,Beat The Game,0,1.2977449762246238,0.0,0.0007221124283098269,3.99
12233,Legend of Merchant,0,1.6804196729848158,0.0,0.01500024453352686,1.59
12237,Infinite Tanks,0,0.5580292939527581,0.0,0.0013129316878360488,3.99
12238,√Letter - Root Letter -,0,1.9292822021945661,0.0,0.005415843212323702,14.99
12239,Wonder Boy: The Dragon's Trap,0,3.1908331364976936,0.0,0.03206835647539549,14.99
12246,Relaxation balls,0,0.34610133163837964,0.2056393442622951,0.0,0.79
12248,Aeon,0,1.1422365657077345,0.0,0.0026586866678679996,15.49
12252,Dead Rising 4,18,0.2816520059190172,0.2759344262295082,0.08967323427920214,19.99
12259,Altar Guardian,0,0.24640628102426423,0.13429508196721313,0.00045952609074261744,1.59
12262,NARUTO SHIPPUDEN: Ultimate Ninja STORM 2,0,1.5368394679975774,0.0015737704918032788,0.009879810950966269,14.99
12263,METAL GEAR SURVIVE,16,0.6362569060738642,0.8650491803278689,0.10979391239528959,34.99
12266,Koi Musubi,0,4.5755539404948,0.0,0.004857847244993382,7.99
12273,Orbox C,0,16.942020390408842,0.14268852459016396,0.0026586866678679996,1.99
12277,Jumps,0,5.79294027574125,0.06347540983606557,0.0015098714410114564,2.09
12278,Snake Pass,0,1.4299566024889536,0.0619016393442623,0.029278376638743896,15.99
12281,NITE Team 4,0,6.633906634078386,0.0,0.006991361237726961,27.79
12290,Stationeers,0,1.7824461055865581,2.5579016393442626,0.051171512533410006,18.99
12294,Battlestar Galactica Deadlock,0,1.4120379163244434,0.2853770491803279,0.024223589640575104,29.99
12299,Catan Universe,0,0.1933281246686074,8.765901639344262,0.03554762544816102,0.0
12300,SOULCALIBUR VI,0,1.6463069514959747,0.16,0.11711350655497556,49.99
12303,KARDS,0,1.590217176557476,0.0,0.009715694489986762,0.0
12307,Darwin Project,0,1.583480897103109,0.04301639344262295,0.3882995466775115,0.0
12308,Milkmaid of the Milky Way,0,10.231234369372444,0.0,0.004923493829385183,4.79
12314,Badiya: Desert Survival,0,0.5755839211492099,0.0,0.004857847244993382,15.49
12317,Beastiarium,0,0.3995594341772097,0.11121311475409837,0.0002954096297631114,9.99
12320,Bloody Boobs,0,0.32968726468367293,0.14216393442622952,0.03088671795634305,3.19
12321,The face of hope: Underground,0,0.16718913284170617,0.11121311475409837,0.0008534055970934322,0.79
12328,A Trip to Yugoslavia: Director's Cut,0,0.8318663494128631,0.30793442622950823,0.0006236425517221235,0.79
12332,The Infectious Madness of Doctor Dekker,0,1.9339715892769398,0.04878688524590164,0.004825023952797479,6.99
12335,"GO AWAY, THERE'S KUMIS OVER THERE!",0,0.9188071553321442,0.09809836065573771,0.0021663372849294806,0.79
12337,Vigilantes,0,2.232550508398792,0.0,0.0015098714410114564,11.39
12342,VOI,0,5.419526109309493,0.004721311475409836,0.012735437372009674,0.79
12347,Wanderland,0,0.4081042052128106,0.0,0.0031510360508065177,0.0
12357,Voodoo Vince: Remastered,0,6.347727037637192,0.0,0.0036762087259409374,10.99
12360,Puyo Puyo™Tetris®,0,1.5779346232179459,0.12118032786885247,0.06200319895805741,14.99
12362,Coffin of Ashes,0,5.358421973005247,0.0,0.007615003789449083,4.99
12363,Trip to Vinelands,0,4.3632974668753866,0.0,0.0008205823048975307,0.79
12372,Red Comrades 3: Return of Alaska. Reloaded,0,1.6813375909830632,0.0,0.001969397531754074,3.99
12373,Xenus 2. White gold.,0,0.9321547255204963,0.0,0.00022976304537130872,10.99
12376,"Dynamic Very, Very, Hard game!!",0,0.17679121140928897,0.12013114754098361,0.00013129316878360492,3.1
12378,Crispy Chicken,0,0.3536018996747445,2.162360655737705,0.00456243761523027,3.19
12379,Brief Karate Foolish,0,6.028657968440527,0.00419672131147541,0.06745186546257702,0.0
12380,Cavern Escape,0,0.14518082885122513,0.10911475409836066,0.007976060003603997,3.1
12382,Pathway,0,0.6007662513590094,0.12695081967213115,0.01739634486382765,12.99
12391,The Butterfly Sign,0,0.5438039923853794,0.14268852459016396,0.0020022208239499745,3.99
12398,Machine Hunt,0,0.38406736533597563,0.11645901639344264,0.009288991691440046,1.99
12400,Midnight Carnival,0,0.09428446216485847,0.13062295081967215,0.0028556264210434063,0.79
12401,Town of Night,0,0.337810682684735,0.14478688524590166,0.00016411646097950648,1.59
12403,Terminal Hacker,0,0.4584521825970231,0.0,0.0008534055970934322,0.0
12414,LoveKami -Divinity Stage-,0,2.393499634846652,0.11698360655737707,0.005186080166952394,9.99
12415,BREAK ARTS II,0,1.0562508800799033,0.0,0.012932377125185081,11.39
12422,Pinball FX2 VR,0,2.071601381950932,0.0,0.0031510360508065177,10.99
12423,Guild Quest,0,0.8737615970617092,0.09809836065573771,0.04726554076209776,0.0
12431,Rend,0,0.5161998082514395,0.03777049180327869,0.03919101088190606,11.39
12434,Front Office Football Eight,0,1.6391522138417158,0.0,0.0015098714410114564,22.99
12435,The Survey,0,1.1556841941637583,0.0,0.0067944214845515535,3.99
12438,Space Beret,0,0.33451045941946794,0.11488524590163936,0.01532847745548587,0.99
12453,Dark Eden,0,0.2940027912447651,0.0,0.0039716183557040475,0.0
12456,Abode,0,5.7844050948776395,0.0,0.004693730784013875,6.99
12459,Rezrog,0,0.25790527364194465,0.038819672131147544,0.0052189034591482945,6.99
12461,Deep Rock Galactic,0,4.646088993323081,2.299803278688525,0.36079362781734625,24.99
12464,NightZ,0,0.08385257427196405,0.20039344262295083,0.0003282329219590125,0.79
12473,A Rose in the Twilight / ロゼと黄昏の古城,0,3.104358276818068,0.0,0.0021663372849294806,14.99
12479,Tank Warfare: Tunisia 1943,0,1.4826738966005486,0.0,0.0018052810707745678,29.99
12480,Counter Agents,0,6.411740894498354,0.0,0.00022976304537130872,0.0
12487,Alwa's Awakening,0,2.234496218675838,0.0,0.007450887328469578,6.99
12499,Bunny & Piggy,0,0.35335480554613335,0.11016393442622952,0.0012472851034442465,0.79
12501,One Night Stand,0,3.3681729607455253,0.0,0.011028626177822812,2.5
12507,Left 4 Dead 2,0,11.434570170867607,0.2969180327868853,8.537568063199279,7.19
12508,Flotilla,0,2.4966533933372914,0.13481967213114754,0.0029869195898270117,6.99
12509,Happy Room,0,1.7850372218790225,0.13114754098360656,0.03242941268955041,3.99
12510,VALKYRIE DRIVE -BHIKKHUNI-,0,2.7040582903970796,0.1395409836065574,0.02356712379665708,22.99
12517,Root Of Evil: The Tailor,0,2.3080440542429668,0.0,0.007746296958232689,4.99
12518,Umineko: Golden Fantasia,0,2.190195475203899,0.0,0.0009846987658770367,19.49
12521,Atom Zombie Smasher,0,2.927253272169773,0.05298360655737706,0.04848000257334611,6.99
12525,NosTale,0,0.8044511318806344,0.0398688524590164,0.03026307540462093,0.0
12529,Archaica: The Path of Light,0,10.162952921695393,0.0,0.0012472851034442465,10.99
12531,Black Squad,0,1.1142577134611682,0.022032786885245903,1.4664134021440831,0.0
12532,"What The Heck, Dude?",0,0.18307181615948523,0.15895081967213115,0.005153256874756491,0.79
12536,Fresh Body,16,1.933057105750154,0.12118032786885247,0.030755424787559448,6.99
12539,Metin2,0,0.5805479307512816,0.41495081967213115,0.23524453516802407,0.0
12542,Homefront,0,0.5202251205731602,0.06609836065573771,0.2983965493529381,14.99
12546,Red Faction®: Armageddon™,18,0.9682700058164172,0.22872131147540986,0.11747456276913047,14.99
12548,Wayout,0,3.259058431603365,0.06872131147540984,0.016936818773085033,0.72
12551,Onmyoji,0,0.7681006079573874,1.3723278688524592,0.02330453745908987,0.0
12552,123 Slaughter Me Street 2,0,1.9627778249796881,0.0,0.0,5.19
12556,MX vs. ATV Reflex,0,1.6570626214781679,0.5371803278688525,0.06098567689998448,14.99
12558,Furious Angels,0,2.3108531730545643,0.12275409836065575,0.004234204693271258,3.99
12559,"Warhammer 40,000: Space Marine",18,3.7359873240086037,0.2817049180327869,0.35268627464495866,19.99
12562,ASSASSINATION BOX,0,0.14673253050899368,0.1180327868852459,0.00016411646097950648,4.79
12570,Counter Fight,0,2.0891209638651107,0.0,0.0008205823048975307,5.59
12571,Gunheart,0,1.5546894858574196,0.0,0.004890670537189282,15.49
12572,Toukiden 2,0,1.437926346136038,1.739016393442623,0.029737902729486513,49.99
12574,ECHO,16,1.6305978096168128,0.12327868852459017,0.022877834660543155,18.99
12577,Abandon Ship,0,0.8977399360828294,0.16629508196721313,0.009157698522656441,14.99
12581,Artillerists,0,1.2138156967082303,0.0,0.000951875473681136,2.89
12583,IronWolf VR,0,18.80909122295171,0.0,0.011520975560761329,16.99
12584,Brick Rigs,0,1.8830624556669098,1.1504262295081968,0.12285758268925828,10.99
12585,Puzzle Pirates: Dark Seas,0,1.1936216344077129,0.8849836065573771,0.010240867165121181,0.0
12587,Whiplash - Crash Valley,0,0.1827001826877695,0.0,0.001542694733207358,3.99
12590,Hade,0,3.403089610117107,0.0,0.0003282329219590125,3.19
12597,游魂2-you're the only one- / Tayutama 2-you're the only one-,0,18.223401220117065,0.0,0.0429656894844347,27.79
12598,Saints Row: The Third,18,9.11563574484347,0.5419016393442624,1.5291387135304504,6.99
12609,The Talos Principle VR,0,2.601524790462174,0.04354098360655738,0.008665349139717922,29.99
12610,Serious Sam VR: The First Encounter,0,2.0069778691491895,0.024131147540983607,0.009879810950966269,29.99
12611,Serious Sam VR: The Second Encounter,0,2.154819396331344,0.03357377049180328,0.00026258633756720984,29.99
12612,Warhammer: Vermintide 2,0,1.072465141990695,0.5371803278688525,0.9435055341711807,23.79
12613,Far Cry® 5,0,0.7564825852852012,0.8886557377049181,1.1276113800979908,49.99
12618,The Sexy Brutale,0,5.782604705146218,0.13639344262295083,0.0647603555025131,14.99
12620,ATOM RPG: Post-apocalyptic indie game,0,2.309568491374767,0.008918032786885247,0.07349135122662284,10.99
12625,WORLD OF FINAL FANTASY®,12,1.4666146710025585,0.29429508196721316,0.04342521557517732,18.49
12630,STARDROP,0,3.748764438550088,0.0,0.0002954096297631114,19.49
12633,Sailaway - The Sailing Simulator,0,0.9150465972819362,0.0,0.009781341074378565,29.99
12636,Sumoman,0,1.755575077023235,0.0,0.0038403251869204434,12.99
12637,World of Warships,0,0.9294349655724643,0.07081967213114755,0.4251601038135086,0.0
12647,"Warhammer 40,000: Space Wolf",0,0.7876663048592785,0.0697704918032787,0.020908437128789082,17.99
12648,Realpolitiks,0,0.5461019257243578,0.0,0.018577983382880095,18.99
12650,Lethal League Blaze,0,10.275223378675104,0.1799344262295082,0.056226299531578795,17.99
12653,SolarGun,0,2.495256727224158,0.15318032786885247,0.0022319838693212837,0.99
12660,The Pirate's Fate,0,4.29928360963014,0.06347540983606557,0.00400444164789995,15.49
12669,ICEY,0,3.954309117247315,0.15580327868852462,0.6073950220851522,8.99
12670,PWND,0,0.8675287837769594,0.015213114754098362,0.024715939023513624,0.0
12676,Once in Yaissor,0,2.4096437889091566,2.071081967213115,0.022024429063449723,0.79
12680,Archangel™: Hellfire - Enlist FREE,0,0.5798291064749688,0.013114754098360657,0.0034136223883737275,0.0
12683,Husk,0,0.22460564349146314,0.17468852459016396,0.013359079923731797,15.99
12690,Rage Wars,0,0.9422778470545559,2.0695081967213116,0.006860068068943355,0.79
12693,The Golf Club 2™,0,0.5096632685468535,0.7281311475409836,0.012505674326638365,24.99
12698,Learn Japanese To Survive! Katakana War,0,4.123245502685817,0.0,0.00295409629763111,4.99
12699,Life is Strange: Before the Storm,16,5.430896991763092,0.3415081967213115,0.7590386320302158,13.99
12700,拯救大魔王2 Rescue the Great Demon 2,0,1.114267617045003,0.027803278688524592,0.009715694489986762,0.0
12706,Axis Football 2017,0,0.6991442854857929,0.0,0.0015755180254032586,14.99
12714,Racket Fury: Table Tennis VR,0,2.2201135305909068,0.0,0.0023961003303007897,15.49
12719,The First Tree,0,1.220346217061804,0.05298360655737706,0.04588696248986991,7.99
12720,Pavlov VR,0,3.1401819942231994,0.2512786885245902,0.10526429807225522,6.99
12723,Trick and Treat - Visual Novel,0,3.1437514198268546,0.04459016393442623,0.10414830613759458,0.0
12724,Detention,0,1.166605476956254,0.21455737704918035,0.36525759555598886,8.99
12732,Collision Course,0,1.9353433149512014,0.0,0.0023961003303007897,7.99
12735,Deathgarden,0,0.30571214235887273,0.0,0.07867743139357523,24.99
12736,Deus Ex: Breach™,18,0.23362302614557842,0.018885245901639345,0.003774678602528641,0.0
12737,MachiaVillain,0,0.662132637328595,0.0,0.00912487523046054,14.99
12739,Infestation: The New Z,0,0.3175775214884564,0.03829508196721312,0.9133737519353433,0.0
12743,Crazy Oafish Ultra Blocks: Big Sale,0,0.5343204580071268,0.1495081967213115,0.003446445680569629,3.19
12744,A Magical High School Girl / 魔法の女子高生,0,1.1567851696445668,0.0,0.0012144618112483459,6.99
12745,Japanese School Life,0,1.3375758203828345,0.22137704918032788,0.003544915557157332,6.99
12747,Red Forest,0,0.23720040457478644,0.12695081967213115,0.0026586866678679996,3.99
12749,Absoloot,0,0.3885210782338204,0.1437377049180328,0.005120433582560591,3.19
12750,Zolg,0,1.0884833029553997,0.06872131147540984,0.0016739879019909624,0.79
12753,Masked Forces,0,0.6558689633474122,0.0,0.008960758769481034,0.79
12758,Sairento VR,0,3.414063414358951,0.02518032786885246,0.03128059746269386,22.99
12763,Danganronpa Another Episode: Ultra Despair Girls,0,4.499748057086729,0.5786229508196722,0.028786027255805372,22.99
12768,Hyper Jam,0,5.26863630319261,0.0,0.00013129316878360492,10.29
12772,Reptilians Must Die!,0,0.8739383498194824,0.12904918032786886,0.0026586866678679996,1.59
12775,PHAT STACKS,0,0.2282746964215042,0.10754098360655738,0.0020678674083417776,1.59
12776,Mysterium: A Psychic Clue Game,0,1.2788746779840892,0.015213114754098362,0.0039059717713122457,5.19
12781,Neon Prism,0,0.9127440718449034,0.7207868852459017,0.003873148479116345,4.99
12784,King Kaiju,0,1.5828694989613945,0.0,0.0006892891361139262,3.99
12789,Gladius | Gladiator VR Sword fighting,0,1.4593961302248,0.0,0.0020678674083417776,12.99
12794,LEGRAND LEGACY: Tale of the Fatebounds,0,1.4442655823302173,0.0,0.0031510360508065177,15.49
12797,Warbands: Bushido,0,0.7512680440103912,0.0,0.027505918860165228,0.0
12801,Gladiator School,0,1.1343194184062115,0.0,0.0024945702068884935,7.19
12802,Charlie's Adventure,0,0.6250635917865514,2.1429508196721314,0.0033479758039819253,4.99
12808,99Vidas,0,2.6445254032780667,0.0,0.00725394757529417,9.99
12811,iREC,0,0.24227423891068287,0.0,0.00026258633756720984,0.0
12813,Midas Gold Plus,0,2.796861082319911,0.48419672131147545,0.04785636002162398,0.0
12814,Dream Quest,0,3.9617559996783256,0.0,0.0008534055970934322,6.99
12819,Ancient Guardian,0,1.1250792464047557,0.14321311475409837,0.0005908192595262224,4.99
12820,Gorogoa,0,14.056186390085156,0.08131147540983608,0.15650145719005704,11.39
12821,Hello Charlotte EP2: Requiem Aeternam Deo,0,8.716239750718223,0.0,0.006105132348437627,2.09
12823,Germ Wars,0,0.4347433466513918,0.1117377049180328,0.0027571565444557034,0.79
12830,Atom Fishing II,0,0.9301850684276696,0.07029508196721312,0.027112039353814413,0.0
12832,Clicker Guild,0,0.4002577672337763,0.7113442622950821,0.014836128072547352,0.0
12836,Say Goodbye,0,0.44617555258772007,0.007868852459016393,0.0022319838693212837,0.0
12837,Sunset's Ashes,0,3.333256311373944,0.0,0.00026258633756720984,0.0
12846,Art of War: Red Tides,0,1.5424712722055396,0.05508196721311476,0.19454365284510655,0.0
12847,Odyssey - The Story of Science,0,1.0753129875214882,0.01678688524590164,0.0009846987658770367,10.99
12848,Gravel,0,0.8369077337162819,0.0,0.006630305023572047,29.99
12852,Stories Untold,0,2.7392108006175975,0.10281967213114755,0.07871025468577113,6.99
12854,Fibrillation HD,0,2.7885565817918083,0.0,0.0022319838693212837,2.79
12857,it's always monday,0,1.7984755916268085,0.011016393442622952,0.005317373335735998,0.79
12867,Club Naughty,18,0.19819912431275907,0.0,3.2823292195901556e-05,24.99
12868,Opus Magnum,0,18.043973216479817,0.5529180327868853,0.06305354430832624,15.49
12869,Cosmic Sugar VR,0,8.361253815888578,0.0,0.004989140413776986,0.0
12872,Phantom Doctrine,0,1.0342832551032322,1.0575737704918033,0.05156539203976082,30.99
12877,Rakuen,0,13.309996068868397,0.21298360655737705,0.07073419468216713,6.99
12879,Wayward Souls,0,2.575833610389346,0.0,6.564658439180268e-05,9.29
12883,A Fisherman's Tale,0,11.139621484624397,0.0,0.003643385433745036,13.99
12884,Sunset Rangers,0,0.3400265470581964,0.0,0.004693730784013875,7.19
12888,Love Ribbon,0,7.996723996848716,0.19095081967213115,0.03275764561150942,6.99
12891,Witch It,0,3.5238790085410727,0.11016393442622952,0.09252886070024555,10.99
12892,Vampire: The Masquerade - Redemption,0,2.0587986106555163,0.0,0.003118212758610616,4.79
12894,PAKO - Car Chase Simulator,0,1.0191252759905978,0.0,0.0003282329219590125,2.09
12895,Gulman 4: Still alive,0,0.8791146725170945,0.0,0.0006564658439180246,5.99
12896,Terroir,0,0.8551577760896651,0.0,0.00456243761523027,10.99
12899,Power Hover,0,4.660088986341786,0.10544262295081969,0.0015098714410114564,0.79
12901,Ladykiller in a Bind,18,8.108108108232674,0.0,0.0025602167912802958,15.49
12905,Pillars of Eternity II: Deadfire,0,1.8908718484427471,1.1929180327868854,0.17104217563284127,32.99
12907,STAR WARS™ SHADOWS OF THE EMPIRE™,0,1.0756604168417172,0.017311475409836068,0.0053830199201278,4.79
12913,Super Blue Boy Planet,0,3.3965797261667077,0.010491803278688525,0.07404934719395316,0.0
12917,SWAT 3: Tactical Game of the Year Edition,0,0.46086780016317536,0.0,0.00078775901270163,6.99
12918,MapleStory 2,0,1.0751068132268178,0.07816393442622951,0.222968623886757,0.0
12919,Indiana Jones® and the Emperor's Tomb™,0,8.26814275115375,0.0,0.0011816385190524443,4.79
12926,Dark Angels: Masquerade of Shadows,0,5.26863630319261,0.0,0.00013129316878360492,2.79
12940,The Price of Freedom,0,5.759963440202308,18.900459016393445,0.008369939509954813,0.0
12947,Merlin adventurer store,0,2.1295507684006263,0.0,0.0008862288892893329,1.99
12954,MXGP3 - The Official Motocross Videogame,0,1.366555737330464,0.0,0.009978280827553972,29.99
12955,MotoGP™17,0,0.8137650524544873,0.0,0.006236425517221231,29.99
12958,MidBoss,0,2.3891101133803643,0.0,0.0027571565444557034,10.99
12959,Just Ignore Them,0,1.1651651651711166,0.0,0.006991361237726961,3.29
12962,Tanki Online,0,0.5585526951897312,0.08236065573770493,0.06151084957511889,0.0
12966,Zup! 2,0,7.7480301619483205,0.15108196721311476,0.15341606772364233,0.79
12967,Space Tyrant,0,2.8492953113802484,0.37875409836065577,0.008796642308501528,14.99
12971,Shot Shot Tactic,0,0.24005196418956978,0.11593442622950821,0.011488152268565428,2.79
12977,"Planes, Bullets and Vodka",0,2.7745899221968093,0.1699672131147541,0.017855870954570266,0.79
12978,Panty Party,0,4.769539252545146,0.007344262295081968,0.019858091778520243,6.99
12980,Alien Hostage,0,0.478820228031772,0.12642622950819674,0.00016411646097950648,1.99
12983,天使帝國四《Empire of Angels IV》,0,0.7307364763298858,0.2586229508196721,0.003807501894724542,10.99
12986,Warstone TD,0,3.169078688803634,0.0,0.04326109911419781,10.99
12989,Access Denied,0,1.9039263758679603,0.1138360655737705,0.0029212730054352094,1.99
13001,MONOPOLY® PLUS,0,0.22839403681518924,0.224,0.0376483161486987,12.49
13003,Ion Maiden,0,13.156057983816783,0.0,0.02924555334654799,15.49
13004,Desolate Wastes: Vendor Chronicles,0,0.40586937135701423,0.11855737704918033,0.0007549357205057284,1.59
13018,Market Tycoon,0,0.568556016966667,0.0,0.0010175220580729383,8.99
13030,Alien Swarm: Reactive Drop,0,5.506436763549823,0.0519344262295082,0.2644244419301803,0.0
13035,VR GirlFriend,0,0.978564771802452,0.0,0.0005908192595262224,6.99
13040,Stern Pinball Arcade,0,0.1461894649832806,0.0,0.0028556264210434063,0.0
13042,Bud Spencer & Terence Hill - Slaps And Beans,0,6.07421328454654,0.0,0.02120384675855219,15.49
13048,Rosenkreuzstilette,0,1.6582547617814791,0.0,0.0029869195898270117,6.99
13051,Fire Pro Wrestling World,0,2.615598386869848,0.6405245901639345,0.038206312116029026,23.79
13060,Pharaoh + Cleopatra,0,1.9896636449689202,0.003672131147540984,0.012275911281267057,6.99
13062,Soda Dungeon,0,5.7459967806073085,0.32472131147540984,0.12354687182537222,0.0
13073,Global Adventures,0,0.1863932899768718,0.0,0.0022648071615171844,0.0
13074,Blueshift,0,1.7259265535179518,0.005245901639344262,0.0022648071615171844,0.0
13076,The Station,0,1.6003767952080876,0.0,0.007516533912861381,11.39
13093,Pretty Girls Panic!,0,1.6629578206874005,0.10806557377049181,0.005514313088911406,1.59
13095,Tomato Way,0,1.0813930013936595,0.11436065573770493,0.005415843212323702,2.79
13098,Zeus + Poseidon,0,3.8440739590899344,0.0,0.006597481731376146,6.99
13100,The Bard's Tale IV: Barrows Deep,0,0.6853367396302382,1.486688524590164,0.04221075376392897,27.99
13104,Zup! 6,0,5.406550327378364,0.08708196721311476,0.033676697792994655,0.79
13109,Brain In My Head,0,0.24611353477331152,0.24183606557377052,0.011094272762214613,0.79
13117,Mass Exodus,0,1.3815993852617605,0.0,0.002625863375672098,10.99
13118,Labyrinth of Refrain: Coven of Dusk / ルフランの地下迷宮と魔女ノ旅団,0,1.4477572472289673,0.0,0.003807501894724542,49.99
13132,VR Dungeon Knight,0,2.5560021310253696,0.0,0.015394124039877674,14.99
13141,Russian Car Driver,0,2.374036661749443,0.28695081967213115,0.0349239828964389,0.79
13145,Under Leaves,0,15.117625462568112,0.0,0.004693730784013875,3.99
13147,Putrefaction 2: Void Walker,0,1.4411513947281995,0.07291803278688525,0.0026586866678679996,3.99
13149,Boogeyman 2,0,1.733805182273342,0.0,0.001542694733207358,3.99
13153,Mystery Mine,0,0.35346945705281235,0.15475409836065576,9.84698765877038e-05,3.19
13161,Cube Runner,0,2.858971824492721,1.4184918032786886,0.017002465357476834,4.99
13162,Slash It,0,3.668289875134116,0.14111475409836066,0.02619298717232918,4.99
13166,Heartbound,0,10.796690107155856,0.0,0.015919296715012094,6.99
13169,Duke of Alpha Centauri,0,1.3566466154010244,0.08760655737704919,0.006531835146984343,4.99
13172,Danganronpa V3: Killing Harmony,0,2.1257272844728163,1.9105573770491804,0.12180723733898943,30.99
13174,Serious Sam 3 VR: BFE,0,3.2466112928759396,0.0,0.0052189034591482945,30.99
13175,The Pasture,0,0.310209566222856,0.12065573770491804,0.0015755180254032586,0.79
13177,Gamer Career Tycoon,0,1.5052670224837679,0.15685245901639344,0.002363277038104888,5.19
13179,12 Labours of Hercules VI: Race for Olympus (Platinum Edition),0,3.9617559996783256,0.0,0.0008534055970934322,1.99
13188,Tattletail,0,3.212271233343099,0.10019672131147542,0.0456900227366945,3.99
13192,Lobotomy Corporation | Monster Management Simulation,0,3.1775469293526353,0.5875409836065574,0.12246370318290747,19.49
13197,Pictopix,0,6.453161625860381,3.328524590163935,0.00672877490015975,4.99
13202,Not Dying Today,0,1.3697082664162852,0.0,0.001969397531754074,6.99
13208,Force of Nature,0,0.9632121662389156,0.96472131147541,0.07178454003243598,5.79
13212,The Agony,0,0.4840577255719382,0.0,0.002625863375672098,0.79
13213,甜点恋人 / Pastry Lovers,0,0.9411796296747952,0.0,0.0039059717713122457,3.99
13214,Cinderella Phenomenon - Otome/Visual Novel,0,11.965884379774227,0.8519344262295082,0.06879762044260897,0.0
13222,The Land of Pain,0,0.9598940635192726,0.0,0.005317373335735998,6.99
13241,Kingdoms and Castles,0,2.1361987436837375,0.27436065573770496,0.24285953895747314,6.99
13245,Sky Noon,0,1.7803383321956152,0.0,0.004299851277663061,11.39
13247,Distant Space,0,1.3194385609516412,0.14688524590163934,0.002724333252259802,0.79
13250,TUNNEL DIVERS,0,4.651359823902871,0.005245901639344262,0.0001969397531754076,0.0
13251,Last Answer,18,0.21104727541556864,0.14216393442622952,0.0008205823048975307,3.99
13252,StarShip Constructor,0,1.0759976280140175,0.0,0.0033151525117860237,3.99
13253,LEAVES - The Journey,0,1.160044056729767,0.0,0.00013129316878360492,5.59
13256,Thimbleweed Park™,0,5.887436921949714,0.5062295081967213,0.06482600208690492,14.99
13259,Dota 2,0,2.2806657670730752,0.42019672131147545,33.00336077688794,0.0
13261,Old Friend,0,6.987865608553322,0.0,0.0005251726751344197,1.99
13262,Raiden V: Director's Cut | 雷電 V Director's Cut | 雷電V:導演剪輯版,0,0.6376909826532631,0.0,0.0008534055970934322,26.99
13269,X Rebirth VR Edition,0,0.545059165725489,0.0,0.0024289236224966904,34.99
13270,Laser League,0,1.9310771828830888,0.023606557377049184,0.03902689442092655,10.99
13280,Extinction,16,0.08828509576649332,0.0,0.0008534055970934322,29.99
13281,古剑奇谭二(GuJian2),0,1.3074359627421628,0.46163934426229514,0.020580204206830068,11.99
13282,古剑奇谭(GuJian),0,1.0699888177793395,1.245377049180328,0.03305305524127253,8.99
13285,家有大貓 Nekojishi,0,5.7937162012743055,0.18413114754098361,0.08458562398883746,0.0
13290,DARK SOULS™: REMASTERED,0,0.7758422634460945,0.743344262295082,0.41301548570102514,34.99
13291,ARENA an Age of Barbarians story,18,0.7044001602520881,0.0,0.0004267027985467159,6.99
13292,Tale of Fallen Dragons,0,4.683366752333452,0.007868852459016393,0.011159919346606416,6.99
13298,THE KING OF FIGHTERS XIV STEAM EDITION,0,1.557385959996759,0.22504918032786886,0.058950632783838594,44.99
13299,SteamWorld Dig 2,0,10.023286324209067,0.9054426229508198,0.04588696248986991,14.99
13302,DED,0,1.5847719472654953,0.0,0.010372160333904786,0.0
13306,Superdimension Neptune VS Sega Hard Girls | 超次元大戦ネプテューヌVSセガハードガールズ夢の合体スペシャル  | 超次元大戰戰機少女VS SEGA主機娘夢幻合體特別版,0,6.51727725361595,0.0,0.018709276551663698,22.99
13311,One Piece: Unlimited World Red - Deluxe Edition,0,0.662604483853489,0.0,0.0001969397531754076,29.99
13312,Golf It!,0,1.6081204068322406,0.3834754098360656,0.12679637775276642,5.99
13315,Angels with Scaly Wings,0,13.435341297527607,0.46163934426229514,0.026357103633308683,7.99
13317,Puzzle Dimension,0,3.80590851595406,0.00419672131147541,0.011586622145153132,1.99
13332,Steel Division: Normandy 44,0,0.9234564971378936,1.1588196721311477,0.1367746585803204,34.99
13333,Party Hard 2,0,1.9870254980797148,0.0,0.017232228402848142,15.49
13335,Dropzone,0,0.8267294347979416,0.20616393442622952,0.022976304537130857,0.0
13348,Pikuniku,0,5.4590640797011485,0.1138360655737705,0.005284550043540098,10.29
13350,Amnesia: The Dark Descent,0,6.42418061850071,0.021508196721311476,0.69982541290881,14.99
13353,LOGistICAL,0,1.3180668352773794,0.0,0.001969397531754074,6.99
13355,Peregrin,0,1.5101084066290353,0.0,0.001378578272227852,10.99
13356,Stormworks: Build and Rescue,0,3.266077494960129,0.0,0.05084327961145099,15.49
13357,Battlefleet Gothic: Armada 2,0,0.9984294417112053,0.19619672131147542,0.056488885869146,34.99
13359,Dead In Vinland,0,1.672284561956557,0.0,0.010962979593431009,15.49
13360,Aporia: Beyond The Valley,0,2.06242203642862,0.0,0.008041706587995799,13.49
13361,Fidel Dungeon Rescue,0,9.33891999752469,0.0,0.005908192595262219,7.19
13367,Underhero,0,4.228868366929228,0.0,0.004693730784013875,10.99
13372,AI War 2,0,5.597850425454865,0.0,0.003938795063508147,15.49
13374,Interstellar Transport Company,0,1.9147674321417743,0.0,0.0031510360508065177,19.99
13382,Real Farm,0,0.16171505083996265,0.0,0.002199160577125382,15.49
13390,RED,0,7.307934894395471,0.017311475409836068,0.004660907491817974,0.0
13395,Score a goal (Physical football),0,0.46086780016317536,0.15632786885245903,0.00078775901270163,7.9
13397,DRAGON QUEST HEROES™ II,12,0.850868490337461,0.0,0.01532847745548587,39.99
13398,Space Wars: Interstellar Empires,0,0.676728941319086,0.0,0.002527393499084394,0.0
13399,Fog of War,0,0.3681667426468504,0.1374426229508197,0.020547380914634168,3.99
13400,MOTHERGUNSHIP,0,1.4744140442014522,0.1180327868852459,0.011914855067112144,19.99
13402,Project LUX,0,2.8444232205558886,0.0,0.002888449713239308,18.99
13411,The Mooseman,0,3.830818564630916,0.0,0.012768260664205574,4.99
13417,"Dude, Stop",0,1.2070377588280397,0.11226229508196722,0.008665349139717922,11.99
13422,Fausts Alptraum,0,4.289435324166006,0.0,0.012472851034442465,0.0
13423,Starship Theory,0,0.410838569922344,0.0,0.02304195112152266,8.99
13426,Cat or Bread?,0,1.7164636355705498,0.22924590163934427,0.000951875473681136,0.79
13433,Them's Fightin' Herds,0,3.8980421136720294,0.10124590163934427,0.03265917573492171,11.39
13435,Celestial Crossing,0,0.9990136429255853,0.3058360655737705,3.2823292195901556e-05,3.99
13443,Cemetery Warrior 3,0,0.5399243643360185,0.25442622950819677,0.00039387950635081477,0.79
13445,Oh...Sir! The Hollywood Roast,0,3.230252195900617,0.11645901639344264,0.0029869195898270117,2.79
13453,WAGAMAMA HIGH SPEC,0,3.275061896010697,0.0,0.0005251726751344197,29.99
13454,Let's Draw,0,0.3479396607185546,0.11016393442622952,0.017330698279435848,1.59
13455,Sakura Agent,0,0.9872066425132767,0.1416393442622951,0.00889511218508923,6.99
13456,Hell Girls,0,3.503285212477953,0.05665573770491804,0.09741953123743483,1.59
13458,ICED,0,0.9844038737482771,0.17416393442622952,0.0012144618112483459,6.99
13461,2017 VR,0,0.8211973731413081,0.0,0.0005908192595262224,14.99
13463,Zup! 3,0,2.6732534143034727,0.16524590163934427,0.12725590384350904,0.79
13464,Lily's Day Off,0,2.9123167054664125,0.07449180327868853,0.00187092765516637,1.99
13468,Fruit Arranger,0,0.4551267876748328,0.10281967213114755,0.0025930400834761965,0.79
13470,Mighty Party,0,0.6038663765249235,0.10281967213114755,0.03997876989460769,0.0
13478,I Hate Running Backwards,0,2.954992610168549,0.0,0.0001969397531754076,10.99
13479,rooMaze,0,0.6024833611107651,0.14845901639344264,0.0009846987658770367,0.79
13482,Tomb Joe,0,0.1786879184385728,0.14740983606557378,0.0009846987658770367,0.99
13487,Trump Simulator 2017,0,0.298417540060032,0.12327868852459017,0.0027571565444557034,0.79
13490,Blood Feed,0,0.6301966774766231,0.17678688524590166,0.007943236711408097,3.99
13494,SQR🔲,0,0.38529348893167004,0.41232786885245903,0.00016411646097950648,0.78
13496,MHRD,0,3.807387655088176,0.3661639344262295,0.003610562141549135,6.99
13502,State of Anarchy: Master of Mayhem,0,1.7627345216164079,0.16104918032786886,0.005744076134282714,0.99
13504,Patrician IV - Steam Special Edition,0,0.40188179750856307,0.0,0.0059738391796540224,9.99
13505,Winds Of Trade,0,0.6596385907528689,0.0,0.0006564658439180246,9.29
13508,Oracle,0,0.36534111786219503,0.05770491803278689,0.0035120922649614313,0.79
13513,Broken Sword: Director's Cut,0,3.9685453479005193,0.6174426229508198,0.037385729811131495,4.99
13517,ANIMALITY,0,1.250287457243638,0.12065573770491804,0.013884252598866218,1.59
13519,Dungeons,0,0.2553405457817996,0.058754098360655746,0.012472851034442465,6.99
13522,Pain Train,0,0.43460044429323447,0.15895081967213115,0.023928180010811994,3.99
13533,Low Magic Age,0,3.911434946138333,0.06872131147540984,0.03462857326667579,7.19
13534,The First Templar - Steam Special Edition,0,0.8197611649004675,0.018885245901639345,0.019070332765818612,6.99
13536,2 Ninjas 1 Cup,0,1.639798818580623,0.0,0.0006236425517221235,0.79
13539,Summer Nightmare,0,0.36013255676191686,0.0,0.009059228646068737,0.0
13540,Blackwater Bayou VR,0,0.14081380313460537,0.12065573770491804,0.0006236425517221235,0.79
13541,Tropico 4,0,4.005454587201212,0.14059016393442625,0.3107381072185969,12.49
13545,Western 1849 Reloaded,0,1.4158768284880123,0.0,0.00036105621415491364,3.99
13546,Who's That Flying?!,0,0.8425353253003349,0.013114754098360657,0.0013129316878360488,3.99
13548,A Dump in the Dark,0,0.6484933210417937,0.1479344262295082,0.0026586866678679996,1.69
13554,Three Kingdoms: The Last Warlord | 三国志:汉末霸业,0,1.1633238678964148,0.0,0.04542743639912729,13.49
13564,Jagged Alliance - Back in Action,0,0.759038990063644,0.128,0.03200270989100369,14.99
13568,Higurashi When They Cry Hou - Ch. 5 Meakashi,0,8.012087322556846,0.1500327868852459,0.001050345350268839,5.59
13575,Demolish & Build 2018,0,0.7374379482494451,0.0,0.003446445680569629,7.19
13576,Spooky's Jump Scare Mansion: HD Renovation,0,4.475873560320403,0.11698360655737707,0.00889511218508923,6.99
13578,Idle Evolution,0,1.1697172617341312,0.0,0.0004267027985467159,3.49
13579,Winexy,0,0.5864798970875159,0.13481967213114754,0.00013129316878360492,0.72
13582,NBA 2K18,0,0.10014009466506235,2.5038688524590165,0.5513984855989447,39.99
13586,Killer Instinct,0,2.8017251465747552,0.1416393442622951,0.04516485006156008,29.99
13590,Doc Clock: The Toasted Sandwich of Time,0,0.27615185043313123,0.00839344262295082,0.0023304537459089875,2.99
13593,PLAYERUNKNOWN'S BATTLEGROUNDS,0,0.33760657014837453,6.5227540983606564,32.27054795532225,26.99
13594,Lost Base Escape,0,0.12308755069033556,0.18885245901639347,0.00213351399273358,0.79
13596,A-Tech Cybernetic VR,0,2.5332542576598716,0.0,0.005350196627931899,15.9
13597,Invention,0,1.037137451064707,0.1500327868852459,0.00617077893282943,0.79
13599,BRAIN / OUT,0,1.4635788540294767,0.040393442622950824,0.3398851906885572,0.0
13601,LEGO® City Undercover,0,0.861328384420872,0.9799344262295083,0.03302023194907663,24.99
13611,GORN,0,10.34446318100775,0.295344262295082,0.11097555091434204,14.99
13615,A Mortician's Tale,0,0.5681902234791361,0.0,0.0075493572050572815,7.19
13617,Phantom,0,0.19352354617161485,0.0,0.0021663372849294806,18.99
13619,64.0,0,3.7085051212240385,0.008918032786885247,0.026127340587937375,1.99
13623,Demonheart,0,16.231466576407716,0.0,0.0038403251869204434,19.49
13625,kuso,0,8.857070236504132,0.0,0.0006892891361139262,3.99
13626,Duke Nukem Forever,18,0.7054320844973351,0.2476065573770492,0.21584596948024645,14.99
13627,Constructor,0,0.8249972824299021,0.0,0.012472851034442465,24.99
13632,Interkosmos,0,5.083453359444096,0.002622950819672131,0.0004923493829385186,3.99
13636,Ys VIII: Lacrimosa of DANA / イースVIII-Lacrimosa of DANA-,0,0.6386164843731634,1.0900983606557377,0.034891159604243,44.99
13638,Alpacapaca Dash,0,3.115027253089623,0.16472131147540986,0.00036105621415491364,0.79
13643,The Journey Down: Chapter Three,0,3.6143353386039285,0.15422950819672132,0.003643385433745036,14.99
13645,Robinson: The Journey,0,0.383542349797554,0.0,0.0033151525117860237,16.66
13649,Marvel's Guardians of the Galaxy: The Telltale Series,0,2.492008667058668,0.21088524590163937,0.050547869981687886,11.99
13652,Formata,0,0.8031421826756319,0.17888524590163937,0.010503453502688392,9.99
13654,My Lovely Daughter,0,0.92682686397118,0.24393442622950823,0.015492593916465376,11.39
13655,Yonder: The Cloud Catcher Chronicles,0,1.666992616405998,0.0,0.06380848002883198,18.99
13669,Afghanistan '11,0,1.0188753845844585,0.0,0.0033151525117860237,22.99
13670,Carrier Deck,0,2.1460902338924277,0.0,0.00886228889289333,6.99
13683,The Last Hope: Trump vs Mafia - North Korea,0,0.19307023204243925,0.13639344262295083,0.004857847244993382,0.79
13686,Griptape Backbone,0,4.581827530734562,0.0,0.009157698522656441,0.0
13687,Metal Waltz: Anime tank girls,0,1.3358687843637458,0.0,0.03082107137195125,0.0
13688,Nash Racing,0,0.23149396187378599,0.16472131147540986,0.0004923493829385186,2.79
13690,News Tycoon,0,0.21708845925017875,0.0,0.00013129316878360492,4.99
13691,Soul Saber 2,0,0.6083793745762601,0.1479344262295082,0.0035120922649614313,6.99
13692,Old Man's Journey,0,2.7930752070452685,0.0,0.0483487094045625,5.59
13693,Black Mirror,0,0.2801982112792383,0.0,0.004693730784013875,24.99
13695,Insurgency: Sandstorm,0,1.202009021998427,1.0974426229508198,0.5478535700417873,25.99
13697,FoxTail,0,16.2058610334328,0.0005245901639344263,0.0009846987658770367,7.77
13702,Sakura Magical Girls,0,0.8697752645699751,0.15422950819672132,0.001969397531754074,6.99
13705,Sword With Sauce,0,1.9571295436049039,0.4925901639344263,0.13588842969103107,2.09
13706,Numberline,0,2.2096884167724005,0.12275409836065575,0.003052566174218814,3.19
13707,Once Upon an All Hallow's Eve,0,1.349079759991393,0.0,0.00022976304537130872,0.0
13723,Jolly Rover,0,3.031396246396523,0.0015737704918032788,0.005908192595262219,6.99
13724,MONSTER HUNTER: WORLD,0,0.7301891378792101,2.818098360655738,3.5194118591211168,49.99
13727,Assassin's Creed® Origins,0,1.969635310703647,1.6487868852459018,1.232547445248287,49.99
13732,Everything,0,1.9387001052135597,0.11278688524590165,0.06393977319761558,10.99
13733,PIGMENTUM,0,0.3008796113300448,0.13849180327868854,0.002461746914692592,0.79
13736,Warriors: Rise to Glory!,0,2.1303435098618353,0.0,0.007910413419212194,6.99
13741,Jumping Tank,0,0.5531926912585345,0.15055737704918035,0.000951875473681136,0.79
13743,We Were Here,0,4.624375380580587,0.06452459016393443,0.2999720673783413,0.0
13745,Passpartout: The Starving Artist,0,1.34463132938901,0.023081967213114757,0.06876479715041306,6.99
13746,The Invisible Hours,0,5.943947323237445,0.0,0.003807501894724542,29.99
13749,Copoka,0,1.4100095183239378,0.11540983606557378,0.0025602167912802958,3.99
13750,Black Desert Online,0,0.6357435562927358,1.742688524590164,0.525041381965636,7.99
13753,Estranged: Act II,0,1.5755972376267153,0.10019672131147542,0.018052810707745674,0.0
13759,VoiceAttack,0,5.899630037688634,0.0,0.00213351399273358,8.99
13761,Princess Maker Refine,0,1.0303093062201854,0.0,0.002363277038104888,6.99
13767,Cosmic Express,0,5.158898262310497,0.0,6.564658439180268e-05,6.99
13768,The End Is Nigh,0,5.267022508349492,0.03829508196721312,0.04644495845720023,10.99
13769,InfiniPicross,0,1.0882101284291497,0.31003278688524594,0.001542694733207358,1.59
13775,AVATARIKA,0,0.2174588383063504,0.0,0.0014770481488155548,0.0
13777,Slash It 2,0,5.054647123741348,0.7554098360655739,0.024880055484493128,4.99
13779,Faerie Solitaire Remastered,0,1.733805182273342,0.2035409836065574,0.001542694733207358,6.99
13780,Artifact,0,0.30979568130094404,0.8477377049180329,0.6675601166802391,15.99
13781,Turba,0,0.15920668180384528,0.007344262295081968,0.000951875473681136,3.49
13785,Freedom Locomotion VR,0,3.296399848169724,0.015213114754098362,0.002461746914692592,0.0
13788,The Trail: Frontier Challenge,0,1.2266184680036465,0.0,0.0014114015644237526,10.99
13789,Sonic Mania,0,3.330098200023727,0.023081967213114757,0.31356091034744443,14.99
13797,Stayin' Alive,0,1.2198801675037825,0.0,0.004792200660601579,3.99
13798,Conductor,0,7.195910644312311,0.0,0.0019365742395581723,6.99
13800,Late Shift,0,2.9158527089231563,0.20301639344262296,0.14717964220642107,9.99
13801,The Long Reach,0,2.69893718195573,0.0,0.001542694733207358,12.99
13803,Hunting Simulator,0,0.25706027267608966,0.0,0.0020022208239499745,29.99
13805,Open Sorcery,0,18.57437374689792,0.0,0.00321668263519832,2.79
13807,Blood Bowl - Legendary Edition,0,1.0834295772924396,0.19934426229508198,0.026357103633308683,7.99
13811,Lifeline,0,0.7935835523613178,0.0,0.0002954096297631114,2.79
13815,GameMaker Studio 2 Desktop,0,1.1687597897015982,0.0,0.01099580288562691,75.99
13816,Trailmakers,0,1.18089428436678,0.058754098360655746,0.03932230405068966,19.49
13818,Shadows: Awakening,16,1.19695350996477,0.03514754098360656,0.019628328733148934,34.99
13819,A Game of Thrones - Genesis,0,0.13015254424563677,0.00419672131147541,0.01710093523406454,6.99
13821,FEMINAZI: The Triggering,0,1.745261351156944,0.11488524590163936,0.03328281828664384,0.79
13824,Runaway: A Twist of Fate,0,2.1039848628060382,0.0,0.004102911524487654,6.99
13828,Switchblade,0,0.6492859453576445,0.0,0.0016411646097950617,0.0
13829,Minimalism,0,0.7070737438042888,0.20616393442622952,0.011882031774916244,0.79
13830,The Next BIG Thing,0,2.2378204144904563,0.0005245901639344263,0.01020804387292528,6.99
13831,Blazing Beaks,0,5.323505323633666,0.0,0.00016411646097950648,11.99
13836,Ninja Stealth 2,0,0.3725157717637357,0.07344262295081967,0.0017724577785786662,0.79
13837,Leaving Lyndow,0,1.4984150091764261,0.0,0.016903995480889132,2.79
13838,Bunker 58,0,0.1292380603347679,0.12118032786885247,0.00078775901270163,1.69
13839,Once on a windswept night,0,2.9894616102532265,0.0005245901639344263,0.0005251726751344197,0.0
13840,Sweetest Monster,0,6.415110044940328,0.0,0.007844766834820393,4.79
13841,Harvest Moon: Light of Hope Special Edition,0,1.1103184833897228,0.1374426229508197,0.014048369059845722,15.49
13842,Wild Guns Reloaded,0,3.0415995932970143,0.0015737704918032788,0.0017724577785786662,11.39
13845,Wayout 2: Hex,0,5.0034360381756,0.0,0.002297630453713086,0.72
13849,Shardbound,0,1.1404363879902075,0.027803278688524592,0.031379067339281565,0.0
13852,Wargame: European Escalation,0,1.2123436008907849,0.005770491803278689,0.07765990933550229,7.99
13854,Sansar,0,0.563392932078651,0.0,0.0019365742395581723,0.0
13856,BlazBlue Centralfiction,0,3.482555088023746,1.7668196721311478,0.07444322670030397,29.99
13860,Street Fighter 30th Anniversary Collection,0,0.5047780002139504,0.0,0.02120384675855219,32.99
13862,Soul Searching,0,3.8591883420772897,0.0,0.0025930400834761965,6.99
13865,Gunman Taco Truck,0,1.6572571434584553,0.0,0.0006564658439180246,2.09
13868,UBERMOSH:WRAITH,0,3.1214286389293733,0.006295081967213115,0.001280108395640148,0.79
13870,VITATIO 2,0,0.8687705126707418,0.10439344262295083,0.010339337041708885,0.79
13889,Sonny,0,0.5372384682305124,0.0,0.004299851277663061,3.99
13893,Mini Ghost,0,13.821344855944435,0.0010491803278688525,0.0064661885625925414,1.59
13897,The Wizards - Enhanced Edition,0,2.592247420008347,0.027278688524590165,0.003709032018136838,19.99
13898,Upside Down,0,2.6114080301808764,0.1521311475409836,0.009485931444615453,4.99
13899,Hungry Flame,0,1.0236477017467553,0.22977049180327871,0.0018381043629704685,4.99
13900,MadOut2 BigCityOnline,0,0.7294441778972856,0.11278688524590165,0.014672011611567845,0.0
13902,First Strike: Final Hour,0,2.5353462137388316,0.0,0.017297874987239947,8.99
13905,Ys SEVEN,0,3.8744643760573307,0.0,0.004825023952797479,19.99
13906,Ys: Memories of Celceta,0,5.1140054277882605,0.0,0.0019365742395581723,19.99
13909,Jet Island,0,12.680174749317725,0.0,0.01129121251539002,14.99
13910,Tokyo Xanadu eX+,0,3.508712474360518,0.0010491803278688525,0.01020804387292528,46.49
13916,Cart Racer,0,0.9129505683853307,0.0,0.010569100087080193,0.79
13917,I Expect You To Die,0,5.22330972127282,0.1437377049180328,0.01897186288923091,18.99
13919,Saurian,0,0.7762352592381243,0.0,0.025766284373782464,14.99
13920,Chroma Lab,0,15.156033776838445,0.0,0.003380799096177826,3.99
13926,Nature Treks VR,0,2.6174650002167343,0.0,0.002461746914692592,7.99
13927,Unexpected Day,0,0.22068642760850085,0.1358688524590164,0.0006564658439180246,0.79
13928,OKAMI HD / 大神 絶景版,0,4.5911433989940305,0.988327868852459,0.09814164366574465,15.99
13935,Archery Practice VR,0,0.17679121140928897,0.07501639344262295,0.0011816385190524443,0.79
13937,Tales of Escape,0,1.0774208169885702,0.028852459016393446,0.01316214017055639,0.0
13941,Derail Valley,0,3.064192719564317,0.0,0.006892891361139257,15.49
13942,WILL: A Wonderful World / WILL：美好世界,0,7.161925759520353,0.0,0.11232130589437399,10.99
13948,One Dog Story,0,0.7727020269412553,0.0,0.00013129316878360492,6.99
13949,Capsa,0,0.4610127370097396,0.0,0.0005579959673303208,0.0
13951,Pizza Connection 3,0,0.22701746862066433,0.0,0.01739634486382765,19.49
13952,Totemori,0,2.3976955012083057,0.024655737704918034,0.004956317121581084,0.0
13953,Tower!3D Pro,0,0.44507615300004616,0.0,0.006827244776747454,29.99
13955,HELLION,0,0.7184519822182358,0.0,0.07368829097979825,19.99
13957,Frisky Business,0,2.1685366515376288,0.16524590163934427,0.00295409629763111,3.99
13962,Uncompromising Trash,18,0.49104105536943793,0.1416393442622951,0.0010831686424647405,0.79
13963,Fallout Shelter,0,2.2580504845856026,0.04878688524590164,0.8189411402877355,0.0
13970,Dead Cells,0,6.919030624091838,0.5104262295081967,0.8982750375252287,21.99
13971,"Peace, Death!",0,6.141230724203033,0.1815081967213115,0.031576007092456976,3.59
13973,Majotori,0,10.848393607282873,0.163672131147541,0.009256168399244145,4.79
13979,Kingsway,0,3.457255181514136,0.06085245901639345,0.022680894907367747,6.99
13980,Oik,0,3.1775169708675044,0.16314754098360656,0.035646095324748724,0.79
13991,Dreadhalls,0,8.341301444819102,0.0,0.001969397531754074,6.99
13998,Holdfast: Nations At War,0,2.203153746016387,0.9600000000000001,0.1639523445185266,14.99
14000,Catch a Lover,0,0.3880369398961103,0.009442622950819672,0.006597481731376146,4.99
14001,Ni no Kuni™ II: Revenant Kingdom,0,1.8848173753313995,1.468327868852459,0.1233499320721968,49.99
14004,Grass Cutter - Mutated Lawns,0,3.3696910758687975,0.14898360655737705,0.0042013814010753575,2.49
14006,Covert Syndrome,0,0.9833658110862437,0.0,0.00036105621415491364,0.0
14009,Shovel Knight: Specter of Torment,0,3.4621793244382446,0.0,0.001050345350268839,6.99
14010,Hakuoki: Kyoto Winds / 薄桜鬼 真改　風ノ章 / 薄櫻鬼 真改　風之章,0,2.207359071577679,0.0,0.008698172431913825,22.99
14011,Kindergarten,0,5.724287733461132,0.06662295081967214,0.06938843970213518,3.99
14014,Double Kick Heroes,0,1.7331629026947049,0.0,0.0009846987658770367,13.49
14019,Revhead,0,1.167725719583833,0.0,0.0035777388493532336,14.99
14020,Green Elephant 2D,0,7.480279894050692,0.13429508196721313,0.005514313088911406,1.69
14021,The Red Strings Club,0,4.617904618186855,0.05822950819672132,0.09220062777828654,11.39
14024,Learn to Fly 3,0,2.679021759684583,0.1416393442622951,0.06863350398162946,0.0
14027,Canvas The Gallery,0,5.4416847522759415,0.0,0.0032495059273942215,0.0
14029,Into the Breach,0,4.675252319957513,0.9117377049180329,0.1828585608233657,11.39
14036,Remnants of Naezith,0,17.038041176084672,0.0,0.005678429549890911,7.19
14039,Sprint Vector,0,2.8374398907583886,0.0099672131147541,0.012111794820287552,22.99
14040,Cobalt WASD,0,1.8667570393038604,0.0,0.0006564658439180246,4.99
14045,炎黄战纪之三国烽烟,0,0.7739490500370767,0.0,0.005415843212323702,0.0
14048,Hollow,0,0.20530647494112078,0.0,0.0039716183557040475,14.99
14057,Production Line : Car factory simulation,0,2.4484214141004395,0.0,0.04802047648260349,19.49
14058,Bomb Squad Academy,0,1.9627778249796881,0.0,0.008205823048975306,3.99
14059,Zup! 4,0,2.840740029909448,0.18885245901639347,0.06311919089271806,0.79
14060,Parkasaurus,0,12.959981925549377,0.0,0.016181883052579303,15.49
14065,Candleman: The Complete Journey,0,7.336630761118581,0.0,0.0159849432994039,11.39
14068,Taphouse VR,0,7.551187551312874,0.0,0.00013129316878360492,0.0
14069,Sniper Fury,16,0.21527759134654087,0.07816393442622951,0.05163103862415262,0.0
14071,BREACH IT,0,0.454322256397475,0.0,0.0014442248566196541,0.99
14077,Animation Throwdown: The Quest for Cards,0,0.8436111886571072,0.024655737704918034,0.04884105878750102,0.0
14080,Just In Time Incorporated,0,1.5175905459721302,0.0,0.00039387950635081477,11.39
14088,Dungeon Painter Studio,0,1.7139497676160784,0.0,0.013818606014474414,10.99
14105,Insidia,0,0.807784945905313,0.0015737704918032788,0.004168558108879455,0.0
14110,The Adventures of Fei Duanmu 端木斐异闻录,0,5.367151135444163,0.015213114754098362,0.040372649400958506,2.79
14115,Cat Quest,0,8.888393521906107,0.17888524590163937,0.07880872456235884,9.99
14116,Moccasin,0,0.3916551144844869,0.15527868852459017,0.0016083413175991602,0.79
14117,Algotica Iterations,0,0.448603897132889,0.0,0.0006564658439180246,5.19
14121,Empire Architect,0,0.7529159254642566,0.0,0.0018052810707745678,10.99
14122,Jelly in the sky,0,0.36471760612224274,0.0,0.0005579959673303208,4.79
14125,PixARK,0,0.5720050286642533,0.13534426229508198,0.12952071100502624,19.49
14126,The Last Conflict,0,0.6870731011654387,0.01259016393442623,0.0021006907005376783,0.0
14147,Visage,0,2.594865573449559,0.0,0.03896124783653475,19.49
14152,Deadly Hunter VR,0,1.8987639677344417,0.002098360655737705,0.0039059717713122457,0.0
14154,Total War: WARHAMMER II,0,2.4376220976780756,1.3765245901639345,0.7324189420593399,39.99
14156,Hunt Showdown,0,1.0691085449221576,0.6132459016393443,0.9076624990932565,25.99
14158,Shuyan Saga™,0,2.5338488133716957,0.0,0.006367718686004838,14.99
14173,Gran Skrea Online,0,1.3517364615531393,0.0,0.003446445680569629,7.19
14174,Cold Space,0,1.002569968221409,0.0,0.0011488152268565427,4.79
14176,Immortal Redneck,0,3.8460242019321464,0.263344262295082,0.04211228388734127,14.95
14181,Throne of Lies® The Online Game of Deceit,0,2.0581247805671214,0.00419672131147541,0.05750640792721894,6.99
14183,Polterheist,0,0.18473775912313625,0.0,0.002888449713239308,3.99
14185,Franchise Hockey Manager 4,0,0.6453726455073293,0.0,0.0013457549800319503,15.49
14186,Sky Knights,0,6.198361370987672,0.007344262295081968,0.006925714653335158,6.99
14187,CPU Invaders,0,2.0276567342512544,0.10754098360655738,0.01230873457346296,0.79
14188,Flix and Chill,0,1.6472809579237178,0.22714754098360657,0.00295409629763111,0.79
14191,FINAL FANTASY XII THE ZODIAC AGE,16,2.311849778550341,0.11593442622950821,0.061806259204882,34.99
14197,One Hour One Life,0,1.53159014607378,0.0,0.03239658939735451,15.49
14199,SAMURAI WARRIORS: Spirit of Sanada,0,1.1946115395730648,0.0,0.00452961432303437,39.99
14200,AirMech Wastelands,0,0.9705630397908275,0.018885245901639345,0.00213351399273358,14.99
14208,Apocryph: an old-school shooter,0,0.5224660398422695,0.0,0.00016411646097950648,11.39
14222,Tap Adventure: Time Travel,0,0.7318228347585323,2.2478688524590167,0.02110537688196449,0.0
14228,Drop Hunt - Adventure Puzzle,0,2.1295507684006263,0.15527868852459017,0.0008862288892893329,0.99
14231,Hide and Seek,0,0.14335806742899035,0.007344262295081968,0.0063020721016130345,0.0
14233,SUNLESS SKIES,0,1.5151316268724695,0.0,0.02041608774585056,18.99
14236,Aircraft Evolution,0,2.6532129983188635,0.0,0.0022648071615171844,5.79
14241,Hyper Knights,0,3.0190064674137953,0.1217049180327869,0.013851429306670318,3.99
14242,Clone Drone in the Danger Zone,0,6.6393457199605,0.15527868852459017,0.062036022250253314,10.99
14246,West of Loathing,0,15.719701740485341,0.2979672131147541,0.09889657938625039,8.29
14247,Shotgun Legend,0,9.658157934252207,0.13114754098360656,0.0027571565444557034,3.99
14253,OVIVO,0,3.8570060515635816,0.0,0.004792200660601579,3.99
14258,Live Wallpaper Master,0,0.7759609140264553,1.1168524590163935,0.004496791030838467,2.89
14263,Age of Rivals,0,3.403089610117107,0.0,0.0016411646097950617,6.99
14266,Slasher's Keep,0,4.120044809957983,0.07659016393442623,0.0025602167912802958,10.99
14267,Nevrosa: Prelude,0,3.9664115528766586,0.0,0.002363277038104888,0.0
14273,SimAirport,0,1.267471532546504,0.0,0.054716428090567336,18.99
14276,Roots of Insanity,0,0.9273104334817557,0.06557377049180328,0.005350196627931899,4.99
14277,"Slice, Dice & Rice",0,0.7040326164976759,0.002622950819672131,0.007450887328469578,6.99
14278,Dungeon Creepster,0,0.3242954820973321,0.10649180327868853,0.008960758769481034,3.99
14280,Healer's Quest,0,4.6993702167407845,0.044065573770491806,0.00022976304537130872,11.39
14282,Naev,0,1.0985907538972368,0.004721311475409836,0.00026258633756720984,0.0
14289,Dark Legion VR,0,0.8390751168109725,0.0,0.0007549357205057284,14.99
14290,The Vagrant,0,3.4193537171859094,0.23659016393442625,0.09791188062037334,2.89
14292,Carcassonne - Tiles & Tactics,0,1.197708984222726,0.02832786885245902,0.0053830199201278,7.19
14296,Mashinky,0,2.637450187349922,0.0,0.036663617382821666,18.99
14297,The Coin Game,0,4.587345966657624,0.0,0.00187092765516637,6.19
14304,The Blackout Club,18,2.9991400979371354,0.0,0.013752959430082612,15.49
14307,Graveyard Keeper,0,1.1432052137915536,0.6368524590163935,0.20491581317901134,15.49
14310,Battle for Wesnoth,0,5.062877476634669,0.04459016393442623,0.03620409129207905,0.0
14313,Weapon Shop Fantasy,0,1.4617239068239665,0.23816393442622952,0.03242941268955041,4.99
14320,Crisis in the Kremlin,0,1.9307708965491068,0.21613114754098361,0.02222136881662513,3.99
14325,Dogolrax,0,0.9600689646122148,0.0,0.00400444164789995,3.99
14327,Ricochet,0,1.4950274480930903,0.005245901639344262,0.10969544251870189,3.99
14328,STAR WARS™ Republic Commando™,0,6.424070740379328,0.13901639344262295,0.21896418223885705,7.19
14330,The Coma: Recut,0,2.103744510488831,0.0,0.006925714653335158,10.99
14332,Life Forge - Reborn ORPG,0,0.7773575801395883,0.0005245901639344263,0.008140176464583503,0.0
14333,Belko VR: An Escape Room Experiment,0,2.448883052463567,0.0,0.012505674326638365,0.0
14347,Paradigm,0,9.690672909043881,0.014688524590163936,0.02008785482389155,10.99
14349,Mob Rule Classic,0,1.3455013456899492,0.0,0.0009846987658770367,4.79
14353,Dustwind,0,1.2072935301630108,0.17888524590163937,0.004168558108879455,19.49
14354,Megaquarium,0,3.8500227217660816,0.0,0.01687117218869323,19.49
14360,Spaceship Looter,0,0.5550768725683684,0.03514754098360656,0.0012144618112483459,6.99
14365,Trackmania² Lagoon,0,0.5403899199631185,0.47842622950819674,0.0029869195898270117,16.99
14367,Star Trek Timelines,0,0.3560300114655288,1.2973114754098363,0.012998023709576886,0.0
14369,The Gardens Between,0,5.6398090883032355,0.0,0.0055471363811073066,15.49
14370,Indiana Jones® and the Fate of Atlantis™,0,7.343039267475714,0.42177049180327875,0.017330698279435848,4.79
14371,Hotel Anatolia,0,0.9756841482321773,0.12485245901639346,0.0027571565444557034,0.79
14373,Attack on Titan 2 - A.O.T.2 - 進撃の巨人２,18,2.210602900299186,0.0,0.020481734330242366,54.99
14378,Devil May Cry 5,18,4.507038064598934,0.49836065573770494,0.6250867765787429,44.99
14387,The Last One,0,0.16813581674692674,0.0,0.00039387950635081477,6.19
14389,The Evil Within 2,18,4.259254691490739,0.9495081967213116,0.31382349668501164,39.99
14392,Yu-Gi-Oh! Duel Links,0,1.1405506757701502,0.5849180327868853,0.3424125841876416,0.0
14394,Darkarta: A Broken Heart's Quest Collector's Edition,0,2.8543994060906264,0.0,0.006564658439180245,7.19
14395,Veil of Crows,0,0.6337944868245242,0.06872131147540984,0.009354638275831849,10.99
14401,My Name is You,0,1.4600807707173291,0.16,0.010503453502688392,3.19
14405,Sparc,0,2.1265779886892573,0.0,0.004168558108879455,16.99
14407,Spark the Electric Jester,0,3.7359616672546716,0.0,0.007418064036273677,5.79
14413,STAR WARS™ Jedi Knight - Jedi Academy™,0,6.561882486680929,0.09127868852459017,0.19411695004655982,7.19
14429,Train Valley 2,0,3.523586282262443,0.0,0.01398272247545392,11.39
14434,NEKOPARA Vol. 3,0,14.54530355186822,0.24445901639344264,0.25536521328411155,6.99
14439,Clatter,0,2.5687020932496454,0.0,0.004168558108879455,7.19
14444,hack_me 2,0,0.8934782901058237,0.11960655737704919,0.01844669021409649,2.79
14447,The Quest for Achievements,0,0.3841961084690772,0.13429508196721313,0.00022976304537130872,3.99
14449,STAR WARS™ Jedi Knight II - Jedi Outcast™,0,3.4890260209503943,0.09442622950819674,0.07020902200703272,7.19
14452,Skautfold: Usurper,0,0.9614182029866377,0.0,0.0017396344863827647,6.99
14454,SINISTRY SILINIUM,0,0.703211048060274,0.16472131147540986,3.2823292195901556e-05,3.19
14458,ATOMINE,0,1.4968991981679276,0.0,0.0011816385190524443,6.99
14460,Masked Shooters,0,0.8136258415194145,0.04773770491803279,3.2823292195901556e-05,0.79
14461,Connected Hearts - Visual novel,0,2.792048246690558,0.0,0.002789979836651604,0.0
14463,Tank Destroyer,0,1.4014255393129635,8.212459016393444,0.004890670537189282,0.79
14467,The Cat Games,0,3.4356390291009373,0.02255737704918033,0.016247529636971108,1.59
14471,Don't cut your hand,0,1.6619126966567885,0.0,0.0021006907005376783,0.79
14473,Western FPS,0,0.8201304754373361,0.2360655737704918,0.0010175220580729383,0.79
14482,A Robot Named Fight!,0,3.415892381412523,0.14636065573770493,0.006597481731376146,10.29
14487,- Arcane Raise -,0,0.1714935130614185,0.11593442622950821,0.0012472851034442465,1.99
14489,ReThink,0,1.122595950316194,0.0,0.0009846987658770367,6.99
14492,Age of Civilizations II,0,1.4386529058468451,0.7491147540983607,0.10864509716843306,4.49
14495,Sounds of Her Love,0,3.8054624264287984,0.0,0.011947678359308045,0.0
14496,Pain Train 2,0,0.2622227891210543,0.16681967213114757,0.003118212758610616,7.99
14499,Pixel Shopkeeper,0,1.571308468082255,0.0,0.0011816385190524443,5.19
14500,Monolith,0,28.58796996721251,0.0419672131147541,0.014081192352041626,5.59
14501,The Dig®,0,3.9617559996783256,0.42019672131147545,0.01739634486382765,4.79
14509,Shotgun Farmers,0,2.890978753307386,0.0,0.01634599951355881,6.99
14511,The Crown of Leaves,0,15.04080883402745,0.0,0.00994545753535807,3.99
14513,Another Adventure,0,4.015288431523264,0.04091803278688525,0.1344770281266073,1.59
14514,Running Through Russia,0,0.8073754756350432,0.011540983606557378,0.032363766105158606,0.79
14515,Tank Force,0,0.5600614797812171,0.18832786885245903,0.028950143716784883,0.0
14519,Danger Zone,0,0.9311698967820414,0.0,0.001280108395640148,10.99
14520,aMAZE,0,1.0719183136024328,0.12432786885245903,0.006006662471849923,0.79
14535,Grey Hack,0,2.3247023247165526,0.0,0.0028556264210434063,7.19
14539,In Death,0,4.171255895523731,0.0,0.013260610047144095,23.79
14541,What's under your blanket 2 !?,0,0.9634503888150966,1.1005901639344262,0.0161162364681875,0.79
14543,PippiStory,0,0.777032774084631,0.16419672131147542,0.0011816385190524443,0.79
14544,Dawn,0,3.3965797261667077,0.015213114754098362,0.0160505898837957,0.0
14545,"Flashing Lights - Police, Firefighting, Emergency Services Simulator (警情，消防，急救)",0,0.8256060407681767,0.0,0.048972351956284625,11.39
14549,Organ Quarter,0,4.939422180930354,0.0,0.0013129316878360488,18.99
14552,Bootombaa,0,0.17579359270218198,0.22819672131147542,0.0007549357205057284,0.79
14554,Heart's Medicine - Hospital Heat,0,9.383812832046923,0.0,0.0025930400834761965,9.99
14555,"Star Wars: Battlefront 2 (Classic, 2005)",0,4.56309989364797,0.1678688524590164,1.0330802985737952,7.19
14562,Moonlighter,0,1.3457318877555253,0.5198688524590165,0.12367816499415582,15.49
14564,Thea 2: The Shattering,0,1.642708539521623,0.0,0.007385240744077775,19.99
14566,Darksiders III,0,0.8734192038396473,0.971016393442623,0.1500024453352686,44.99
14568,Shadows 2: Perfidia,0,1.315253039485353,0.1437377049180328,0.0025602167912802958,7.19
14570,Romancing SaGa 2,7,0.4994210512800707,0.0,0.0007221124283098269,19.99
14571,Flood of Light,0,9.996516893318653,0.0,0.0020678674083417776,2.79
14573,HellSign,0,2.2403173562849124,0.0,0.013424726508123602,11.39
14574,Grisaia Phantom Trigger Vol.1,0,4.427311324120633,0.0,0.001706811194186864,10.99
14577,Silver,0,4.121158094151267,0.0,0.005678429549890911,4.99
14579,Sphinx and the Cursed Mummy,0,4.273678067039309,0.0,0.0027571565444557034,13.99
14581,Sine Mora EX,0,0.8425353253003349,0.19619672131147542,0.003610562141549135,7.99
14583,Startup Company,0,1.2822190754197647,3.8620327868852464,0.07388523073297365,6.99
14585,Nephise,0,0.6819581922100953,0.0,0.002363277038104888,1.49
14587,Masters of Anima,0,4.241089194266894,0.0918032786885246,0.001115991934660642,16.99
14596,Wargroove,0,1.531446359172145,0.0818360655737705,0.03912536429751426,15.99
14600,Tanki X,0,0.7100116545275472,0.06295081967213115,0.055372893934485364,0.0
14603,McOsu,0,2.9421898388731327,0.011540983606557378,0.04004441647899949,0.0
14604,Jack's Gang,0,0.17766412753795566,0.12013114754098361,0.0013457549800319503,1.69
14607,Necrosphere,0,3.9792143241720743,0.0,0.0004923493829385186,5.79
14608,Escape: VR,0,2.116411082061013,0.1615737704918033,0.0010831686424647405,1.99
14609,Epic Snails,0,5.803609252012805,0.0,0.003118212758610616,0.0
14621,Accel World VS. Sword Art Online Deluxe Edition,0,1.4576249961063579,0.0398688524590164,0.019070332765818612,39.99
14622,Sword Art Online: Hollow Realization Deluxe Edition,0,1.5000581406740658,0.4936393442622951,0.11379835404318954,39.99
14623,Thrillville®: Off the Rails™,0,2.6955680315137567,0.008918032786885247,0.006892891361139257,7.19
14624,Numen: Contest of Heroes,0,0.3137252013664588,0.0,0.0011488152268565427,4.99
14625,Buzz Aldrin: Cycling Pathways to Mars,0,3.8725245622246915,0.0,3.2823292195901556e-05,0.0
14626,Null Vector,0,10.27391027407458,0.0,0.004956317121581084,3.99
14629,Mad Dagger,0,0.306038237396857,0.1495081967213115,0.0007221124283098269,0.79
14631,TARTARUS,0,0.3880369398961103,0.0,0.002363277038104888,15.99
14633,Last Tale,0,1.2111668473422537,0.163672131147541,0.004890670537189282,0.79
14638,Guns of Icarus Alliance,0,1.0840283598392488,0.034622950819672135,0.024157943056183302,7.19
14641,The Archotek Project,0,0.32858675010263566,0.0015737704918032788,0.010404983626100688,0.0
14642,Armed and Dangerous®,0,2.4002058486566913,0.05245901639344263,0.0010831686424647405,4.79
14645,STAR OCEAN™ - THE LAST HOPE -™ 4K & Full HD Remaster,12,0.8126813292202827,0.0,0.020547380914634168,15.99
14647,FAR: Lone Sails,0,4.7964739436575385,0.1416393442622951,0.11570210499055181,11.39
14650,Minit,0,3.4199723856374318,0.1295737704918033,0.026718159847463598,6.99
14653,KROSMAGA,0,0.9401098455860056,0.046163934426229514,0.020974083713180883,0.0
14655,Realm Grinder,0,1.826108931512111,0.4091803278688525,0.08629243518302432,0.0
14659,UltraGoodness,0,1.2615351173752278,0.11855737704918033,0.0015098714410114564,4.79
14660,The Jackbox Party Pack 4,0,1.9663341502755123,0.026229508196721315,0.0078119435426244905,18.99
14661,WARRIORS ALL-STARS / 無双☆スターズ,0,1.3889950813164258,0.0,0.009518754736811354,49.99
14665,Star Story: The Horizon Escape,0,2.2142608351744952,0.007868852459016393,0.0014770481488155548,10.99
14667,Zup! Zero,0,4.728553004483974,0.10701639344262295,0.041751227673186356,0.79
14668,Ratty Catty,0,0.5462015150265125,0.0,0.0042013814010753575,10.99
14672,Willy-Nilly Knight,0,1.084873498690952,0.0,0.00400444164789995,10.99
14678,Alchemyland,0,0.24282655891971935,0.20668852459016396,3.2823292195901556e-05,0.79
14682,Games&Girls,0,0.9975162425584488,0.0,0.003709032018136838,1.59
14684,Your Friend Hana,0,0.6348806182600335,0.04773770491803279,0.011750738606132637,0.79
14687,Phantom Soldier,0,0.20922489884464282,0.16314754098360656,0.009157698522656441,3.99
14689,红石遗迹 - Red Obsidian Remnant,0,2.5027656840204426,0.6588852459016394,0.02008785482389155,5.99
14691,Lucid,0,1.1855529747562226,0.06662295081967214,0.004070088232291751,4.99
14692,CityBattle | Virtual Earth,0,0.6964331101800834,0.0,0.03791090248626591,0.0
14693,Tube Tycoon,0,0.7145076111939254,0.0,0.0039059717713122457,8.29
14700,Karnage Chronicles,0,5.049160221812467,0.013114754098360657,0.006564658439180245,18.99
14701,Super Street: The Game,0,0.30132726061694864,0.0,0.0008862288892893329,30.99
14705,Evil Tag,0,0.7849228538948382,0.010491803278688525,0.0029869195898270117,0.79
14707,Quake Champions,0,0.8055771983609062,0.05350819672131148,0.7508984555656323,0.0
14711,Fallout 4 VR,18,0.8212708255856019,0.11331147540983608,0.12174159075459765,39.99
14712,The Elder Scrolls V: Skyrim VR,18,1.9230668216754974,0.09232786885245903,0.08891829855869642,39.99
14717,Welcome to Hanwell,0,0.4211107660306641,0.0,0.0020022208239499745,15.49
14718,Don't Escape: 4 Days in a Wasteland,0,73.69030472482314,0.0,0.003052566174218814,10.99
14721,House Party,18,2.1025180239345667,0.18308196721311476,0.12545062277273447,10.99
14722,Jidousha Shakai,0,0.44144850192828966,0.0,0.006334895393808935,4.79
14729,Oik 2,0,4.272611169335336,0.07344262295081967,0.02570063778939066,0.79
14730,Shank,0,2.9056427204569606,0.19042622950819674,0.06157649615951069,7.19
14732,Zombidle : REMONSTERED,0,2.489938297220494,0.13272131147540986,0.034497280097892186,0.0
14735,Kio's Adventure,0,1.361303623506302,0.018885245901639345,0.035153745941810206,1.59
14736,These nights in Cairo,0,5.4881123849568345,0.0,0.00026258633756720984,5.79
14737,Sweet fantasy,0,1.7284871079306678,0.06819672131147542,0.0059738391796540224,2.79
14742,One Eyed Kutkh,0,2.010788217817602,0.0,6.564658439180268e-05,1.99
14746,Sudden Strike Gold,0,1.9051653535741913,0.0,0.0007221124283098269,4.79
14748,PAKO 2,0,6.283713180391945,0.0,0.002461746914692592,4.79
14750,Dandara,0,1.0738111963158647,0.0,0.0047265540762097755,11.99
14753,Bio Inc. Redemption,0,2.5661926572305576,0.05245901639344263,0.02110537688196449,9.99
14761,Detective Butler: Maiden Voyage Murder,0,1.3948834638180416,0.0,0.002199160577125382,0.0
14762,SAELIG,0,1.3132254511321122,0.0,0.006892891361139257,10.99
14767,Wolfenstein II: The New Colossus,18,0.9564429689388033,0.45639344262295084,0.5282252413086383,39.99
14769,Fight of Gods,0,2.155770097362154,0.0,0.019103156058014513,11.39
14773,Fractal: Make Blooms Not War,0,1.1684240526403997,0.023606557377049184,0.0027571565444557034,4.99
14774,House Flipper,0,1.477221268330907,0.1836065573770492,0.28490617626042264,15.49
14777,Unworthy,0,2.3442658112199575,0.23029508196721313,0.005514313088911406,12.39
14781,Dinosis Survival,0,0.3477255109374257,0.0,0.004168558108879455,3.99
14784,DUNGEONS OF CHAOS,0,5.515546894985322,0.0,0.00078775901270163,5.99
14788,Please Knock on My Door,0,4.747380609578698,0.0,0.0011488152268565427,9.99
14789,The Inner World - The Last Wind Monk,0,3.0958230959544575,0.23239344262295084,0.0012472851034442465,18.99
14790,Dungeon Of Zaar - Open Beta,0,0.8387698045118399,0.0,0.0004267027985467159,0.0
14793,The Chronicles of Dragon Wing - Reborn,0,1.5573567297332667,0.0,0.0028556264210434063,14.99
14794,Need For Drink,0,1.0828065153138473,0.0,0.02517546511425624,1.49
14796,CHRONO TRIGGER®,0,1.0914402699637835,0.0,0.045854139197674004,11.99
14799,Zoo Tycoon: Ultimate Animal Collection,0,0.3138282831366301,0.0,0.007122654406510566,14.99
14802,Rhythm Rush!,0,1.3026349234583712,0.19514754098360657,0.0014770481488155548,0.79
14817,Dishonored®: Death of the Outsider™,18,1.9796391459997449,0.6080000000000001,0.10848098070745354,19.99
14818,Tiny Rails,0,0.8537377504238758,0.9788852459016394,0.0055471363811073066,6.99
14829,#monstercakes,0,2.853323543117937,0.0,0.011061449470018712,0.79
14830,The Misfits,0,0.4622739055036236,0.0,0.007024184529922862,0.0
14831,Shootout on Cash Island,0,2.9976685148706856,0.04721311475409837,0.0020022208239499745,2.09
14834,Age of Wonders,0,1.2553593834544816,0.13324590163934427,0.010897333009039206,3.99
14835,Runic Rampage - Action RPG,0,2.8121924676738965,0.0,0.0003282329219590125,4.99
14840,Age of Wonders II: The Wizard's Throne,0,1.3866531109247207,0.0,0.0010831686424647405,6.99
14841,COMPOUND,0,14.925583891216457,0.0,0.004595260907426171,14.99
14845,Age of Wonders Shadow Magic,0,2.415447243330341,0.07921311475409837,0.005251726751344195,6.99
14852,Make It Rain: Love of Money,0,0.1897743035948739,0.0015737704918032788,0.0005251726751344197,0.0
14856,Orbt XL,0,17.87022131873654,0.03409836065573771,0.067123632540618,0.79
14865,Displaced,0,0.45362094823288496,0.1657704918032787,0.0007549357205057284,4.79
14866,Zen Bound 2,0,2.4990169818486834,0.0697704918032787,0.013030847001772787,3.99
14871,SPACEPLAN,0,3.701468249852363,0.12065573770491804,0.039519243803865074,1.99
14872,Hide vs. Seek,0,0.1167007842072467,0.016262295081967214,0.014343778689608835,0.0
14874,Crystalline,0,12.821476239718278,0.5151475409836066,0.022779364783955453,14.99
14876,Crimson Earth,0,0.4072410970312759,0.24131147540983608,0.003938795063508147,0.79
14878,Ultimate Epic Battle Simulator,0,0.7472500584587006,0.35514754098360657,0.13332821289975078,11.39
14884,Live2DViewerEX,0,2.753102753352759,0.028852459016393446,0.021532079680511206,3.99
14885,克莉丝的炎之信仰 Cryste: the Faith of Fire Vol.1,0,3.6335394957390936,0.0,0.005415843212323702,7.19
14890,Might & Magic: Clash of Heroes,0,3.109522876914082,0.83672131147541,0.04431144446446665,8.59
14892,Landless,0,0.5480715828171847,0.0,0.0017724577785786662,11.39
14894,Home Sweet Home,0,2.0937152600270976,0.006295081967213115,0.03479268972765529,12.99
14898,Critter Crunch,0,6.969575935329026,0.0718688524590164,0.005579959673303207,4.99
14901,Juanito Arcade Mayhem,0,6.821429580176581,0.0031475409836065576,0.0029212730054352094,6.99
14902,Tower of Time,0,2.554615031271071,0.0,0.024847232192297227,19.49
14908,Dong-Jin Rice-hime（東津萌米）,0,3.490880042899614,0.0,0.008468409386542515,14.99
14909,Zup! S,0,6.196421557155033,0.0,0.015426947332073575,0.79
14912,Weed Shop 2,0,1.729960303378151,0.0,0.010240867165121181,7.19
14916,SUPERHOT VR,0,2.855227618014147,0.05036065573770492,0.07129219064949746,18.99
14918,To The Light,18,0.3174047009738982,0.0,0.0005251726751344197,6.19
14920,Martial Arts Brutality,0,1.9568506158972596,0.06085245901639345,0.013293433339339996,0.0
14921,HellGunner,0,1.4088117538911682,0.1657704918032787,0.0008205823048975307,0.79
14922,Barro,0,0.9763824812887439,0.0,0.004693730784013875,0.79
14937,Battle Bruise,0,5.054647123741348,0.14268852459016396,0.006105132348437627,0.79
14948,1bitHeart,0,7.448765379797297,0.07501639344262295,0.006827244776747454,1.99
14949,Beat Hazard 2,0,4.4113078597133,0.09075409836065575,0.006663128315767949,14.49
14953,Agatha Knife,0,8.524198179366568,0.11278688524590165,0.0013129316878360488,8.99
14954,Outcast - Second Contact,0,2.509872999313155,0.0,0.0075493572050572815,29.99
14960,while True: learn(),0,3.3670818154886715,0.0,0.03833760528481263,9.99
14964,Gloom,0,2.1468176643197197,0.0,0.007319594159685973,6.99
14965,Out of the Park Baseball 19,0,1.9648208204441153,0.0,0.0160177665915998,15.49
14966,Ways of History,0,0.30021568213690275,0.0,0.0023304537459089875,0.0
14971,Fluffy Creatures VS The World,0,0.14698177358278813,0.1138360655737705,0.0034136223883737275,0.79
14972,World of Castles,0,0.5458857437593211,0.0,0.00016411646097950648,22.99
14976,cyubeVR,0,3.5311173242235165,0.0,0.00078775901270163,15.49
14983,Steel Rats™,0,0.5316108766464595,0.011540983606557378,0.0001969397531754076,15.99
14985,The Swords of Ditto,0,0.36452230176459377,0.28432786885245903,0.0376483161486987,11.39
14988,ATOMEGA,0,1.18394256330151,0.2014426229508197,0.022910657952739055,8.59
14990,Just Cause™ 3: Multiplayer Mod,18,0.9093323937969542,0.036721311475409836,0.036433854337450354,0.0
14992,Portal 2,0,28.020361412687592,0.27278688524590167,4.595621963640326,7.19
14993,Ghost Master®,0,2.346860967683,0.011016393442622952,0.03574456520133643,3.99
14994,Flight Control HD,0,4.277945657471114,0.04459016393442623,0.011225565930998218,2.99
15000,Gunsmith,0,1.3333082299510293,0.013114754098360657,0.007615003789449083,14.99
15002,Fatal Twelve,0,5.280829418931529,0.26911475409836066,0.001115991934660642,15.49
15003,Catmaze,0,2.3628644320903325,0.0,0.002461746914692592,7.19
15004,Outrunner,0,1.9226236780679404,0.163672131147541,0.0078119435426244905,0.79
15010,Mirt. Tales of the Cold Land. Chapter one,0,2.305709202448228,0.17521311475409837,0.003282329219590122,0.79
15013,Ancestors Legacy,18,1.064399376021602,0.3672131147540984,0.0832398690088055,27.79
15025,Beat Saber,0,5.287361991441334,0.707672131147541,0.38665838206771647,15.49
15026,Vegas: Make It Big™,0,1.005479689162409,0.0,0.00078775901270163,3.99
15027,Chime,0,5.500774466597079,0.7249836065573771,0.016510115974538317,3.99
15029,Antigraviator,0,0.8105283968697533,0.0,0.0005579959673303208,19.49
15031,PC Building Simulator,0,3.1989060556312365,1.776786885245902,0.23757498891393306,14.99
15032,Legends of Ellaria,0,1.5517225515073998,0.0,0.011849208482720341,13.49
15037,Nantucket,0,1.30073977619073,0.0,0.010831686424647404,13.99
15041,Strain Tactics,0,1.632967300333859,0.0,0.00078775901270163,11.39
15042,WRC 7 FIA World Rally Championship,0,0.6790300517938209,0.0,0.04424579788007485,34.99
15044,Phoenix Dynasty 2,0,0.2107603737577984,0.03829508196721312,0.007746296958232689,0.0
15045,Attack of the Earthlings,0,2.3032151558725023,0.0,0.00187092765516637,14.99
15048,FlatOut,0,4.028773439334819,0.05036065573770492,0.06771445180014422,4.99
15051,Zooicide,0,0.6791896210558728,0.003672131147540984,0.005021963705972887,3.99
15052,XOXO Droplets,0,1.3119702777920026,0.0,0.0007549357205057284,0.0
15055,Offensive Combat: Redux!,0,0.6648416875022759,0.014688524590163936,0.007647827081644985,8.99
15057,Fate/EXTELLA LINK,0,3.9792143241720743,0.0,0.032199649644179096,39.99
15063,Freaky Awesome,0,0.5944816290991405,0.012065573770491804,0.002363277038104888,6.99
15065,Stay Alive: Apocalypse,0,1.532771697973013,0.0,0.0005908192595262224,11.39
15067,Steampunk Tower 2,0,1.6507102715332476,0.0,0.0024289236224966904,6.99
15068,Road Dogs,0,0.33693435244101294,0.0,0.0006236425517221235,0.0
15076,Bendy and the Ink Machine™,0,2.6665181469081873,0.02255737704918033,0.3675880493018978,15.49
15079,Weedcraft Inc,0,1.1135550321993433,0.07081967213114755,0.006925714653335158,15.49
15080,Hacktag,0,1.007452380896146,0.0,0.00400444164789995,15.49
15084,Pixel Shinobi Nine demons of Mamoru,0,4.066505947408987,0.0,0.000951875473681136,7.99
15093,planetarian HD,0,35.550848654384296,0.0,0.027473095567969327,6.99
15094,BAJA: Edge of Control HD,0,1.4235841822794109,0.0,0.0008534055970934322,24.99
15098,Arcfall,0,0.4344469861780661,0.00839344262295082,0.003873148479116345,0.0
15114,Ambre - a heartbreaking kinetic novel,0,1.1524971598165628,0.006295081967213115,0.012210264696875256,0.0
15119,HIVESWAP: Act 1,0,6.480246952076843,0.1274754098360656,0.09781341074378565,5.59
15124,Football Manager 2018,0,0.6314920739238524,12.254426229508198,0.2220495717052718,37.99
15125,Football Manager Touch 2018,0,0.47979013514013297,0.6179672131147541,0.000951875473681136,21.99
15126,The Painscreek Killings,0,2.2551077724389774,0.0,0.01742916815602355,14.99
15130,Fantasynth: Chez Nous,0,9.420392179263684,0.00419672131147541,0.006827244776747454,0.0
15143,Battlezone: Combat Commander,0,1.7742925789238564,0.0,0.006925714653335158,14.99
15145,Making History: The Calm & the Storm,0,1.5975398833721175,0.0,0.01532847745548587,3.99
15156,Doodle God Blitz,0,0.6821410541943363,0.04773770491803279,0.013752959430082612,0.0
15158,The Red Stare,0,4.4730355077574995,0.008918032786885247,0.0025930400834761965,0.0
15172,God Awe-full Clicker,0,0.65760640492441,0.0,0.004299851277663061,0.0
15177,Yomawari: Midnight Shadows / 深夜廻,0,11.304228545563483,0.0,0.0037418553103327396,29.99
15179,Office Space: Idle Profits,0,0.6147457558465501,0.2077377049180328,0.003643385433745036,0.0
15187,LoveKami -Useless Goddess-,0,1.5786946822763765,0.13219672131147542,0.001542694733207358,9.99
15188,Prodigy Tactics,0,0.5308156732123054,0.0,0.0005251726751344197,15.49
15192,TT Isle of Man,0,0.8138071552645072,0.0,0.018643629967271896,34.99
15196,Kreedz Climbing,0,1.2672126213318413,0.02255737704918033,0.02061302749902597,0.0
15197,Sword Art Online: Fatal Bullet,0,0.9893797930004379,0.9332459016393443,0.2506386592079018,34.99
15202,Ducati World Championship,0,0.242085345668852,0.0,0.002527393499084394,3.99
15204,Injustice™ 2,0,1.4503257429447423,0.08550819672131148,0.14806587109571043,39.99
15211,Intelligent Design: An Evolutionary Sandbox,0,0.3004179729669174,0.01259016393442623,0.0007549357205057284,5.19
15213,Idle Champions of the Forgotten Realms,0,1.5873721163976333,1.913704918032787,0.11353576770562233,0.0
15216,Bubsy: The Woolies Strike Back,0,0.4122782529633768,0.0,0.0011488152268565427,15.49
15221,Romance of the Three Kingdoms IX with Power Up Kit / 三國志IX with パワーアップキット,0,2.2700443391423373,0.0,0.0013457549800319503,22.99
15222,Romance of the Three Kingdoms X with Power Up Kit / 三國志X with パワーアップキット,0,1.4296969115855112,0.0,0.0013457549800319503,23.79
15223,Romance of the Three Kingdoms 11 with Power Up Kit / 三國志11 with パワーアップキット,0,2.70371433549296,0.7008524590163935,0.01470483490376375,30.99
15235,All Walls Must Fall - A Tech-Noir Tactics Game,0,1.7003210109271196,0.0,0.002199160577125382,8.49
15238,Multiplayer FPS Demo,0,0.4097459870422867,0.0005245901639344263,0.003380799096177826,0.0
15248,The Flaws of Gravity,0,0.5467471581341963,0.0,0.004037264940095851,0.0
15251,Adolescent Santa Claus,0,2.2853645092685557,0.0,0.01742916815602355,0.0
15252,aMAZE 2,0,1.87285359717332,0.1516065573770492,0.009157698522656441,0.79
15253,The Adventurer - Episode 1: Beginning of the End,0,0.2151995256796201,0.14216393442622952,6.564658439180268e-05,0.79
15254,Tangledeep,0,2.786228805192642,0.01259016393442623,0.014901774656939154,10.99
15255,Super Hydorah,0,13.005168177699899,0.0,0.00016411646097950648,15.49
15259,NOBUNAGA'S AMBITION: Taishi / 信長の野望･大志,0,0.14530898664161723,0.0,0.011914855067112144,49.99
15261,Tomboys Need Love Too!,0,2.1484180104915946,0.0,3.2823292195901556e-05,6.99
15262,Nephise Begins,0,0.8009263183021705,0.0,0.000951875473681136,1.49
15264,Lydia,0,3.6225656914972495,0.0,0.00886228889289333,3.99
15265,Employee Recycling Center,0,0.06488550551545894,0.0,0.0001969397531754076,0.79
15271,Rise of Insanity,0,1.4864766999556227,0.0,0.013326256631535896,7.19
15279,Graze Counter,0,13.773334463106522,0.19514754098360657,0.00036105621415491364,6.99
15282,Symphonic Rain,0,9.08752012212612,0.0,0.004857847244993382,29.99
15283,Vaporum,0,3.3843538469834655,0.0,0.010109573996337577,14.99
15285,Blade and Sorcery,0,2.440998992772539,0.006295081967213115,0.04690448454794285,15.49
15286,Tiny Echo,0,2.5418122599756554,0.0,0.005120433582560591,5.79
15289,Caligo,0,1.1884166502737425,0.0,0.01394989918325802,4.79
15291,Clicker Heroes 2,0,0.7725201693344323,1.1850491803278689,0.036433854337450354,23.79
15292,夏花的轨迹——A summer promise to forever,0,1.1181204053643514,0.0,0.00456243761523027,1.59
15294,Alien Swarm,0,7.062695834744301,0.04354098360655738,0.5998784881722907,0.0
15295,Dreamfall: The Longest Journey,0,2.4838793921737627,0.010491803278688525,0.018939039597035006,13.99
15296,HOARD,0,1.4849601058015962,0.016262295081967214,0.02432205951716281,6.99
15298,War Tech Fighters,0,1.4826738966005486,0.0,0.003610562141549135,15.49
15300,Consummate:Missing World,0,9.121660845964644,0.0,0.011422505684173625,1.99
15303,SoulWorker - Anime Action MMO,0,1.1472063196572886,0.10281967213114755,0.2546102775636058,0.0
15308,The Mummy Demastered,0,1.5001322210942978,0.15685245901639344,0.00400444164789995,15.49
15318,Mana Spark,0,2.5353462137388316,0.02832786885245902,0.0035777388493532336,7.19
15321,The Longest Journey,0,4.284221525707994,0.0099672131147541,0.03787807919407001,5.99
15322,Crimson Earth 2,0,0.4177160917275254,0.18255737704918035,0.001542694733207358,0.79
15323,Alter Ego,0,0.8512151703114785,0.006295081967213115,0.00321668263519832,7.19
15331,Devil May Cry HD Collection,16,2.161645518594036,0.07659016393442623,0.04358933203615682,24.99
15333,Community Inc,0,0.26403972784284574,0.0,0.0015755180254032586,10.99
15338,Airtone,0,9.932503036073404,0.0,0.002035044116145876,22.99
15342,Immortal Planet,0,2.7885565817918083,0.0199344262295082,0.0008534055970934322,10.99
15344,Monday Night Combat,0,1.295316266032303,0.05298360655737706,0.027079216061618512,3.99
15345,CrossCells,0,1.9646605855659773,0.0,0.007188300990902367,1.99
15349,The Fidelio Incident,0,1.5815467849847236,0.14845901639344264,0.014146838936433427,6.99
15358,Hobo: Tough Life,0,0.7254814154357698,0.02255737704918033,0.024551822562534117,13.99
15359,Cyberdimension Neptunia: 4 Goddesses Online | 四女神オンライン CYBER DIMENSION NEPTUNE | 四女神ONLINE 幻次元遊戲戰機少女,0,2.6597325227561446,0.03095081967213115,0.10736498877279291,30.99
15360,Risk of Rain 2,0,6.998501757238671,0.694032786885246,0.6163229575624373,14.99
15371,Orwell: Ignorance is Strength,0,1.2839175851771687,0.0,0.017757401077982564,7.19
15372,FAST BEAT LOOP RACER GT | 環狀賽車GT,0,0.7145076111939254,0.25075409836065576,0.007746296958232689,7.19
15373,Nongünz,0,0.5469545622630898,0.07711475409836066,0.009256168399244145,4.99
15374,NARUTO TO BORUTO: SHINOBI STRIKER,0,0.41900272839051894,0.3651147540983607,0.11196024968021907,39.99
15378,Remothered: Tormented Fathers,0,1.3111763072647364,0.0,0.02885167384019718,15.49
15379,Who's your Santa !?,18,2.4428817533588276,0.0,0.00508761029036469,3.19
15382,Tannenberg,0,1.8566329368214545,0.07501639344262295,0.11573492828274771,15.49
15389,Fall of Light: Darkest Edition,0,0.5845971365012268,0.0,0.0026586866678679996,10.99
15392,Murnatan,0,0.45300419481991167,0.0,0.0002954096297631114,0.0
15396,Cattails | Become a Cat!,0,7.2439210371502245,0.0,0.012472851034442465,10.99
15401,PLUTONIUM,0,0.49761360133231985,0.0,0.0035120922649614313,1.59
15402,Swords and Soldiers HD,0,1.3194385609516412,0.11908196721311476,0.020744320667809575,6.99
15409,Distrust: a Long Dark Polar Survival,0,1.2079282909300464,0.0,0.035252215818397915,8.99
15411,Evil Genome 光明重影,0,0.93916001527168,0.05245901639344263,0.009190521814852342,10.99
15412,CarX Drift Racing Online,0,3.076516242668596,0.3189508196721312,0.10903897667478386,9.9
15414,Ski Sniper,0,2.232550508398792,0.0,0.0015098714410114564,3.99
15415,Last Day of June,0,2.5646824388566998,0.0918032786885246,0.06265966480197543,14.99
15422,EMPORIUM,0,0.8945465843361027,0.0,0.00036105621415491364,1.59
15423,Dragonia,0,2.442334626537964,0.10491803278688526,0.16949948089963393,1.59
15427,Chicken Labyrinth Puzzles,0,0.6803668873553995,0.11016393442622952,0.0010175220580729383,0.79
15430,Little Busters! English Edition,0,31.537179813134685,0.0,0.007647827081644985,27.79
15435,Pixel Worlds: MMO Sandbox,0,0.5407014413503359,0.07134426229508198,0.053075263480772274,0.0
15438,Riven: The Sequel to MYST,0,1.020282540392302,0.0,0.009551578029007256,3.99
15439,Tesla vs Lovecraft,0,2.9673029672867792,0.06872131147540984,0.011849208482720341,10.99
15440,Cyberhunt,0,1.7131237822225354,0.16629508196721313,0.009584401321203157,0.79
15445,Depth of Extinction,0,0.7913242397345878,0.0,0.00039387950635081477,11.99
15451,Rez Infinite,0,4.107242038278485,0.0,0.017691754493590763,19.99
15454,Ravenfield,0,6.101796823827476,1.454688524590164,0.31470972557430094,10.99
15459,Nights of Azure 2: Bride of the New Moon / よるのないくに２ ～新月の花嫁～,0,1.2788746779840892,0.0,0.0039059717713122457,49.99
15462,Myst: Masterpiece Edition,0,0.6905024147749684,0.0,0.004431144446446666,3.99
15464,Sociable Soccer,0,0.5550768725683684,0.0,0.0012144618112483459,14.99
15472,Tales Of Glory,0,1.9307708965491068,0.0,0.002789979836651604,22.99
15473,Bloodline Champions,0,2.266135528455794,0.05350819672131148,0.048939528664088724,0.0
15474,BIT.TRIP BEAT,0,1.6363071536818734,0.0739672131147541,0.021532079680511206,6.99
15478,BATTLETECH,0,1.0178201368903708,0.8671475409836066,0.3640431337447405,34.99
15479,BIT.TRIP RUNNER,0,2.3433336736956005,0.10596721311475411,0.11317471149146742,6.99
15480,Sonic Forces,0,0.738765493992051,0.0,0.1017850290994897,34.99
15485,FINAL FANTASY XV WINDOWS EDITION,16,1.2553186998316739,0.3677377049180328,0.5821210870943082,34.99
15486,Secret of Mana,7,0.6403602863670045,0.128,0.044442737633250254,29.99
15487,Confess My Love,0,6.115561948084004,0.1615737704918033,0.11376553075099365,0.0
15488,斩毒：黑与白（Narcotics Police:Black and White）,0,0.5567591774738986,0.0,0.0014770481488155548,0.79
15494,Delve Deeper,0,0.48985520711617064,0.12642622950819674,0.009321814983635946,3.99
15495,When Ski Lifts Go Wrong,0,3.640855365105629,0.0,0.004037264940095851,14.99
15498,Murderous Pursuits,0,0.5493877554738521,0.15895081967213115,0.06892891361139257,7.99
15499,Desert Bus VR,0,2.7181413390908955,0.007344262295081968,0.01289955383298918,0.0
15500,Moero Chronicle | 限界凸記 モエロクロニクル | 極限凸記　萌萌編年史,0,0.9790176999280692,0.0,0.009551578029007256,14.99
15501,Capitalism 2,0,2.6940130390316215,0.0,0.0001969397531754076,6.99
15505,Sword Art Online Re: Hollow Fragment,0,1.3834164553399868,0.0,0.010569100087080193,15.99
15514,Yakuza 0,18,2.5268195065175156,0.8320000000000001,0.336963917683122,14.99
15515,Fantasy Wars,0,1.5238256618353203,0.0,0.0014114015644237526,3.99
15516,King's Bounty: Crossworlds,0,3.966956351385511,0.015737704918032787,0.014409425274000636,11.99
15517,Ultrawings,0,3.3144550386354004,0.0,0.0050547869981687876,11.39
15518,Minecraft: Story Mode - Season Two,0,3.4919683540069584,0.27121311475409837,0.037352906518935594,11.99
15523,Operation Warcade VR,0,14.541500748513146,0.0,0.003118212758610616,14.99
15527,Men of War: Vietnam,0,0.5667833253910812,0.005245901639344262,0.01792151753896207,5.59
15533,Theatre of War 3: Korea,0,0.1990276039422307,0.0,0.0008534055970934322,4.99
15537,Deep Space Waifu: FLAT JUSTICE,18,8.252855859911431,0.07501639344262295,0.04647778174939613,1.69
15538,DEEP SPACE WAIFU,18,10.9536764711422,0.10072131147540984,0.24203895665257563,1.59
15542,Joint Task Force,0,2.506895610604074,0.0,0.0004923493829385186,5.79
15543,Men of War: Assault Squad,0,2.60630174427617,0.1914754098360656,0.10493606515029621,7.19
15544,Soldiers of the Universe,0,0.3605880659262529,0.0,0.009748517782182664,3.99
15547,Tale of Toast,0,0.35619362512307323,0.023606557377049184,0.01795434083115797,0.0
15552,Drive-By Hero,0,0.16792775429952667,0.0,0.0007549357205057284,1.59
15554,UBERMOSH Vol.5,0,8.65222589385706,0.01678688524590164,0.003709032018136838,0.79
15556,The LEGO® NINJAGO® Movie Video Game,0,1.7824461055865581,0.0,0.004496791030838467,24.99
15560,Skyfront VR,0,1.255069071138404,0.0,0.0006236425517221235,7.19
15561,Pathfinder: Kingmaker,0,0.9062325436345703,0.9185573770491804,0.2753545982314154,34.99
15562,Azorian Kings,0,0.8681408682752499,0.0,0.0006236425517221235,7.19
15565,In Game Adventure: Legend of Monsters,0,1.1754073824378994,0.0,0.00016411646097950648,0.79
15566,Fashioning Little Miss Lonesome,0,2.799530386033653,0.0,0.0005908192595262224,18.99
15568,Trials® Rising,0,0.4036888829614116,0.672,0.021597726264903007,20.99
15570,The Drone Racing League Simulator,0,1.017015572965946,0.0,0.010766039840255601,15.49
15575,BOXVR,0,2.879941881077177,0.08236065573770493,0.01316214017055639,14.99
15577,The Escapists 2,0,1.6199169732418943,0.49836065573770494,0.20192889358918434,19.99
15578,Nexus - The Jupiter Incident,0,1.969179210819438,0.0,0.015230007578898168,6.99
15581,Coming Out on Top,0,6.969575935329026,0.0,0.010011104119749873,11.39
15584,Blocksworld,0,0.5312522555275354,0.0,0.00938746156802775,0.0
15586,Art Of Gravity,0,5.101918895121441,0.0,0.009026405353872837,0.79
15590,Shape of the World,0,9.452399107694266,0.0,9.84698765877038e-05,10.29
15601,OLDTV,0,7.475423205344437,0.005245901639344262,0.1448163651683162,0.0
15603,Quadrant M4,0,0.08283368235183214,0.0,0.0021006907005376783,0.79
15607,Fugl,0,2.1378745518229088,0.0,0.0042013814010753575,6.99
15608,ShadowSide,0,0.6818196841471736,0.0,0.0012144618112483459,7.19
15610,Kitten Adventures in City Park,0,4.466704466745336,0.0,0.007615003789449083,0.0
15611,Strikey Sisters,0,5.597850425454865,0.39973770491803284,0.011159919346606416,9.99
15614,Cursed Treasure 2,0,1.6747154679522045,0.0,0.0006892891361139262,3.99
15616,Ironbound,0,0.7913242397345878,0.0031475409836065576,0.003544915557157332,0.0
15620,RUN ROOMS,0,0.896441731603744,0.14740983606557378,0.0075493572050572815,1.49
15624,Starlight of Aeons,0,1.7947414500469894,0.0,0.0028228031288475056,3.99
15625,MEMORIES OF MARS,0,0.4691530066586879,0.012065573770491804,0.022680894907367747,15.49
15629,D&D Lords of Waterdeep,0,2.2857568313787535,0.0,0.004398321154250763,10.99
15632,Outbreak: The New Nightmare,0,0.8866828130689214,0.0,0.003282329219590122,10.29
15634,Dies irae ~Amantes amentes~,0,1.9194743334154551,0.128,0.006991361237726961,0.0
15635,篱笆庄秘闻 / Mysteries of Fence,0,3.479906238657769,0.0,0.00508761029036469,2.79
15636,Mirror,0,11.695346178322986,0.15265573770491805,0.7246069985167154,1.69
15637,Material Girl,0,4.049155390115667,0.10596721311475411,0.24518999270338215,1.59
15640,Band of Defenders,0,0.39674098252932744,0.0,0.006630305023572047,10.99
15642,DEUS VULT | Online VR sword fighting,0,0.9614182029866377,0.0,6.564658439180268e-05,3.99
15648,They Are Billions,0,2.221049245849738,0.7538360655737706,0.43320181040150435,19.49
15649,Zup! 5,0,4.555339038227042,0.13219672131147542,0.05048222339729608,0.79
15652,Trophy Fishing 2,0,0.7319659356876745,0.018360655737704918,0.016510115974538317,0.0
15665,Spider-Man: Homecoming - Virtual Reality Experience,0,0.5438039923853794,0.004721311475409836,0.007286770867490071,0.0
15667,Car Mechanic Simulator 2018,0,1.2568575719602266,0.3661639344262295,0.39525808462304257,14.99
15669,Fantasia of the Wind - 风之幻想曲,0,3.5386483661845896,0.0,0.0024945702068884935,2.89
15670,Crazy Catman,0,0.4430888568888907,0.004721311475409836,0.002363277038104888,0.79
15671,RESONANCE OF FATE™/END OF ETERNITY™ 4K/HD EDITION,0,1.942201942170261,0.8975737704918033,0.008107353172387602,27.79
15674,Home Wars,0,0.6628041110669091,0.0,0.011389682391977725,6.99
15683,Woodlands,0,0.10128395725366823,0.006295081967213115,0.004825023952797479,4.79
15686,Dead Effect 2 VR,0,1.8466929945243116,0.09337704918032788,0.022877834660543155,19.49
15688,60 Parsecs!,0,1.7498621698188597,0.24393442622950823,0.01391707589106212,10.99
15701,Egypt: Old Kingdom,0,2.368416654271126,0.0,0.008468409386542515,11.39
15703,Slay the Spire,0,10.016400957121611,0.9741639344262296,0.8883295799898707,19.49
15704,Baobabs Mausoleum Ep.1: Ovnifagos Don´t Eat Flamingos,0,0.9888527130151242,0.007344262295081968,0.00013129316878360492,2.09
15708,The Crew™ 2,0,0.341605642677952,0.8839344262295082,0.25753155056904103,49.99
15715,Goodbye My King,0,0.7494242605655067,0.0,6.564658439180268e-05,3.19
15718,Transference™,0,1.0985907538972368,0.0,0.0018381043629704685,20.99
15722,LEGO® Marvel Super Heroes 2,0,1.1931783936271207,0.05980327868852459,0.03407057729934547,24.99
15729,Rusted Warfare - RTS,0,7.919907368308054,0.4375081967213115,0.014573541734980143,3.99
15736,レイジングループ,0,11.980946463696373,0.0,0.0030853894664147155,22.99
15737,Pixel Painter,0,1.3735134245851073,0.1274754098360656,0.011422505684173625,0.79
15741,Jurassic World Evolution,0,0.8757090088270769,0.7916065573770492,0.4524362596283025,34.99
15743,Marie's Room,0,6.962384364485464,0.018885245901639345,0.12699331750594184,0.0
15744,Hand of the Gods,0,0.4741874325278103,0.24813114754098362,0.03856736833018393,0.0
15756,Raft,0,1.3459417484801997,0.39239344262295084,0.4809925238387366,14.99
15765,Blast Zone! Tournament,0,0.32451549721213313,0.0,0.01365448955349491,15.49
15772,Twins of the Pasture,0,0.9788765274803867,0.0,0.0060394857640458256,5.59
15773,Swords and Sandals 2 Redux,0,0.9364223159523017,0.017311475409836068,0.0020022208239499745,5.19
15776,Ashes Cricket,0,1.020028292715158,0.0,0.002199160577125382,19.99
15781,Harvest Life,0,0.6047695703118126,0.0,0.001706811194186864,11.39
15786,Caliban Below,0,6.667796323095256,0.0,0.00036105621415491364,0.0
15787,Mini Guns - Omega Wars,0,0.5381138716816112,0.005770491803278689,0.007976060003603997,0.0
15789,DOOM VFR,18,0.4817872833679819,0.12118032786885247,0.04457403080203386,19.99
15792,Princess Maker 3: Fairy Tales Come True,0,0.4950315298137828,0.0,0.0039716183557040475,14.99
15793,Interplanetary: Enhanced Edition,0,1.489532524203691,0.059278688524590166,0.005941015887458122,10.99
15796,Machine World 2,0,0.43406595150326643,0.0,0.0014114015644237526,10.29
15797,Warbanners,0,1.0311166881626281,0.0,0.006006662471849923,15.49
15798,Dinosaur Hunt First Blood,0,0.22764165557878144,0.002622950819672131,0.0007549357205057284,3.99
15799,ZONE OF THE ENDERS THE 2nd RUNNER : M∀RS / アヌビス ゾーン・オブ・エンダーズ : マーズ,0,0.8579603512767605,0.0,0.005908192595262219,24.99
15802,Grimoire : Heralds of the Winged Exemplar (V2),0,0.7718334532566,0.0,0.010569100087080193,7.19
15804,Ride 'em Low,0,0.33740779828811324,0.0,0.00036105621415491364,2.09
15805,Yume Nikki,0,4.062509463599791,0.00419672131147541,0.06055897410143776,0.0
15809,侠客风云传前传(Tale of Wuxia:The Pre-Sequel),0,0.6078815448267622,0.0,0.026652513263071796,12.99
15811,Kaptain Brawe: A Brawe New World,0,1.0601824396269057,0.0,0.0005579959673303208,3.99
15816,Rogue Empire: Dungeon Crawler RPG,0,2.1125702506339796,0.0,0.0021663372849294806,11.39
15819,Lost Planet™: Extreme Condition,0,1.1741127199735557,0.038819672131147544,0.021236670050748092,9.99
15824,Aces High III,0,0.33464516237069486,0.0005245901639344263,0.002724333252259802,0.0
15831,Onirim - Solitaire Card Game,0,1.246315039700081,0.0,0.00045952609074261744,0.0
15832,My Memory of Us,0,25.48787031555753,0.0,0.0011488152268565427,12.99
15839,Halcyon 6: Starbase Commander (LIGHTSPEED EDITION),0,1.2582657682493037,0.12852459016393444,0.009617224613399058,10.99
15855,Oats Studios - Volume 1 Assets,0,7.95721830211579,0.0,0.0017396344863827647,0.0
15858,Emily Wants to Play Too,0,1.5786946822763765,0.0,0.00016411646097950648,5.79
15875,Vickinachi,0,0.020864920737637287,0.0,0.001969397531754074,0.79
15881,Demolition Company Gold Edition,0,1.9947847534102698,0.0,0.0023304537459089875,7.19
15892,Loading Screen Simulator,0,2.319367836580775,0.022032786885245903,0.2172573710446702,0.0
15899,Chroma Blast,0,1.6166563881251206,0.0,0.004267027985467159,0.0
15900,Return of the Obra Dinn,0,11.646104749850064,0.0839344262295082,0.13096493586164587,15.49
15908,Your Smile Beyond Twilight:黄昏下的月台上,0,6.676145956465293,0.0,0.010700393255863798,1.59
15911,Archon Classic,0,1.9119432914543824,0.00839344262295082,0.00013129316878360492,6.99
15915,JYDGE,0,2.4627481228354875,0.015213114754098362,0.011094272762214613,10.99
15924,旧手表 - Old Watch,0,2.2107120924480745,0.0,0.011882031774916244,7.19
15944,Bermuda - Lost Survival,0,1.3667242687885677,0.0,0.004890670537189282,10.99
15954,Masked Forces: Zombie Survival,0,0.7667130868638821,0.00419672131147541,0.007319594159685973,0.79
15955,Dream Daddy: A Dad Dating Simulator,0,3.0859378463286693,0.12065573770491804,0.10903897667478386,10.99
15956,qop,0,3.775876189686767,0.013114754098360657,0.008960758769481034,0.79
15962,Dude Simulator,0,0.3261410135045989,0.1479344262295082,0.014278132105217034,3.99
15963,Devil May Cry® 3 Special Edition,0,0.48011466657564333,0.04721311475409837,0.07923542736090555,15.99
15964,Aura: Fate of the Ages,0,0.4584521825970231,0.0,0.001542694733207358,4.49
15966,VODKA,0,5.323505323633666,0.0,0.006072309056241726,0.79
15970,Crazy Ball Adventures,0,2.2508401820071717,0.0,0.0006236425517221235,0.79
15971,Oik 3,0,2.6614118172180024,0.049836065573770495,0.004398321154250763,0.79
15975,welcome to heaven,0,0.799270787448435,0.0005245901639344263,0.012046148235895749,0.0
15983,Escape The Pacific,0,0.5462015150265125,0.0,0.0042013814010753575,11.39
15984,SpellForce 2: Faith in Destiny,0,0.5111694767086182,1.3015081967213116,0.003610562141549135,13.99
15985,Boom-Bahh,0,0.3752341686006944,0.0,0.0008862288892893329,0.79
15990,Gothic 1,0,2.440311407130471,0.21613114754098361,0.12535215289614676,0.0
15996,Solar Settlers,0,23.375413030689312,0.0,0.00078775901270163,6.99
15998,NOKBAK,0,0.8105283968697533,0.0015737704918032788,0.005678429549890911,0.0
16000,Painkiller Redemption,0,0.35002054713725883,0.014688524590163936,0.00991263424316217,4.49
16009,This Strange Realm Of Mine,0,1.8027431820586137,0.0,0.003610562141549135,10.29
16011,Crimson Gray,0,8.94486066928664,0.0,0.0023304537459089875,6.99
16012,Project 5: Sightseer,0,1.2805248743070556,0.0,0.002297630453713086,15.49
16013,Fly Simulator,0,0.5598767354054938,0.39711475409836067,0.003282329219590122,0.79
16019,Gothic 3: Forsaken Gods Enhanced Edition,0,0.3198395000362802,0.5529180327868853,0.01316214017055639,8.99
16024,Salty Fish Go!,0,3.8831935384962466,0.09337704918032788,0.02330453745908987,0.79
16025,ArcaniA: Fall of Setarrif,0,0.14947863241528495,0.002622950819672131,0.008008883295799898,13.99
16028,PLANETS OF WAR,0,0.35042879871171667,0.0,0.0031838593430024193,0.79
16031,电竞俱乐部/ESports Club,0,0.47777272883100524,0.16734426229508198,0.03974900684923638,5.99
16032,ROMBY,0,0.6925600030943194,0.0,9.84698765877038e-05,0.79
16034,Heat,0,0.3657737133944037,0.0,0.03551480215596512,15.49
16051,Pro Gamer Manager 2,0,0.03388968901687065,0.0,0.002199160577125382,14.99
16056,Slash It Ultimate,0,1.0287574551540741,0.0,0.004989140413776986,4.99
16063,RICO,0,1.1493187162570202,0.0,0.0039059717713122457,17.99
16075,Lucky Night: Texas Hold'em VR,0,2.1708228607386766,0.0,0.0020678674083417776,0.0
16078,Humanity Must Perish,0,1.9033363861365369,0.0,0.0009190521814852345,0.0
16080,Robothorium: Sci-fi Dungeon Crawler,0,1.3576235712032203,0.08445901639344262,0.0033151525117860237,10.99
16081,Pat & Mat,0,1.8797768068205758,0.0,0.008402762802150713,3.99
16085,Hand Simulator,0,1.3575766477656763,0.04668852459016394,0.40559742166475143,1.59
16087,Tracks - The Toy Train Set Game,0,5.181252307959878,0.0,0.009682871197790861,14.99
16091,Take On Helicopters,0,0.448603897132889,0.002098360655737705,0.016411646097950615,11.99
16094,Carrier Command: Gaea Mission,16,0.26090715763753497,0.042491803278688525,0.023107597705914463,19.99
16104,Fidget Spinner,0,1.8148539119634242,0.014688524590163936,0.010962979593431009,0.79
16105,The Caribbean Sail,0,3.851186610065665,0.0,0.001115991934660642,9.99
16107,Ballistic Attack,0,1.2083287947793497,0.0,0.002625863375672098,0.79
16111,ARMA: Gold Edition,16,0.9534110012469778,0.011540983606557378,0.021564902972707106,5.99
16113,ARMA: Cold War Assault,16,1.2490437046157767,0.020459016393442626,0.13250763059485324,3.49
16117,Dungeon Defenders,0,4.352994807596686,0.6321311475409837,0.3782884425577616,9.99
16123,ClickRaid,0,2.072850433005747,0.0,0.005514313088911406,3.99
16127,BLUE REFLECTION / BLUE REFLECTION　幻に舞う少女の剣,0,1.5741222638742813,0.0,0.011159919346606416,49.99
16134,Mini Battlegrounds,0,0.7239911455721779,0.002098360655737705,0.012801083956401478,0.0
16139,Zup! Zero 2,0,5.280829418931529,0.0,0.005514313088911406,0.79
16140,Zup! 7,0,6.993432031056068,0.08445901639344262,0.025930400834761967,0.79
16141,FURIDASHI: Drift Cyber Sport,0,1.813490034260017,0.00839344262295082,0.023074774413718562,10.99
16143,Lawnmower Game,0,1.0876169496553925,0.0,0.001280108395640148,1.59
16145,Wonderful Everyday Down the Rabbit-Hole,0,10.924717821262265,0.0,0.008369939509954813,22.99
16146,Anonymous ME,0,0.518842614069166,0.0,0.0053830199201278,4.99
16149,V-Rally 4,0,0.6849627540333565,0.0,0.001706811194186864,39.99
16157,Do Not Feed the Monkeys,0,4.731227580122932,0.0818360655737705,0.04398321154250764,8.99
16160,CasinoRPG,0,0.45300419481991167,0.0,0.0002954096297631114,0.0
16161,Valnir Rok Survival RPG,0,0.5387157111461534,0.2565245901639345,0.018413866921900588,14.99
16172,"Sorry, James",0,1.4620242652187245,0.02832786885245902,0.01181638519052444,3.99
16174,Panda Love,0,0.6547613443804844,0.0,0.0009190521814852345,0.79
16176,The Bureau: XCOM Declassified,16,0.82159887407045,0.08813114754098361,0.3112961031859272,14.99
16179,The Initiate,0,1.1128160554646158,0.0,0.0002954096297631114,10.29
16182,Warsim: The Realm of Aslona,0,12.621085034996586,0.0,0.0011816385190524443,3.99
16188,Sid Meier's Civilization®: Beyond Earth™,0,0.3925857844271557,0.8141639344262296,0.5802829827313377,29.99
16204,Field of Glory II,0,3.4621793244382446,0.0,0.0053830199201278,23.79
16222,b,0,3.2510808737847423,0.003672131147540984,0.10106291667117986,0.0
16224,The Warhorn,0,1.0838183255089942,0.0,9.84698765877038e-05,15.49
16228,Flow:The Sliding,0,1.0458734597856418,0.0,0.0031838593430024193,0.79
16230,Time Trap - Mystery Hidden Objects. Find Artifacts!,0,0.9888527130151242,0.0,0.00013129316878360492,2.79
16251,LineWay,0,6.790004595703749,0.0,0.0035120922649614313,0.79
16270,Witch Hunt,0,2.9092684265316824,0.0,0.024748762315709525,7.19
16271,Mad Muzzles,0,0.6751144681851392,0.0,0.0004267027985467159,0.79
16275,Claybook,0,0.9705630397908275,0.023081967213114757,0.0024945702068884935,11.39
16276,Regular Human Basketball,0,9.26035753634261,0.0,3.2823292195901556e-05,3.99
16283,Metal as Phuk,18,11.020738606938092,0.0,0.0025930400834761965,3.99
16304,Bombix,0,0.7743836904279373,0.0,0.023961003303007895,0.0
16317,Granado Espada,0,0.5069788162098806,0.023081967213114757,0.00672877490015975,0.0
16319,Sunrise: survival,0,0.5447964551603787,0.0,0.003938795063508147,2.89
16328,All You Can Eat,0,3.137185896056071,0.0,0.0006892891361139262,1.49
16331,Enlightenment,0,0.9858323999421809,0.0,0.009978280827553972,8.99
16332,The Quest for Achievements II,0,0.16991211025422476,0.0,0.0001969397531754076,3.99
16334,Tales from Candlekeep: Tomb of Annihilation,0,1.2310332168189135,0.0,0.04221075376392897,11.99
16335,Rento Fortune - Online Dice Board Game,0,0.3663661939050076,0.21927868852459018,0.03416904717593317,3.99
16352,Eternity Warriors™ VR,0,2.4002058486566913,0.0,0.005448666504519603,10.99
16357,Draw Puzzle 画之谜,0,18.222297532625188,0.7706229508196722,0.015853650130620293,3.99
16366,WWE 2K18,0,0.323297152452328,0.0,0.059804038380932026,39.99
16381,Wrongworld,0,7.201245132448088,0.0,0.0025930400834761965,10.99
16384,Zombotron,0,3.1256962293611785,0.0,0.002199160577125382,11.39
16392,The Initial,0,1.295926704350244,0.0,0.05583242002522798,6.99
16393,Jetman Go,0,1.680910357251527,0.0,0.0023304537459089875,1.69
16396,Dark Elf,0,3.315418457811315,0.131672131147541,0.08524208983275548,2.79
16400,弹幕音乐绘 ～风雷幻奏曲～ / Barrage Musical  ~A Fantasy of Tempest~,0,12.957157784861984,0.0,0.005875369303066319,6.99
16401,Stream Avatars,0,4.795391002416612,0.0,0.0002954096297631114,10.99
16403,Wrestling Revolution 3D,0,1.505951662976297,0.0,0.002199160577125382,9.99
16406,Comedy Night,0,1.2051138130063586,0.14478688524590166,0.17642519555296907,3.99
16409,The Monster Inside,0,2.5865771948113707,0.0010491803278688525,0.033676697792994655,0.0
16418,Book Of Potentia 2,0,0.9396597984680418,0.0,0.00013129316878360492,0.0
16428,Shark Dating Simulator XL,0,3.8615114255645353,0.011016393442622952,0.019497035564365328,0.79
16438,My Time At Portia,0,3.65371426016619,1.108983606557377,0.38413098856863204,24.99
16440,CS2D,0,3.180201983197699,0.005245901639344262,0.17573590641685516,0.0
16446,Inertia,0,1.3092169935309428,0.0,0.0013457549800319503,0.79
16449,Infectonator 3: Apocalypse,0,1.0162872234276938,0.0,0.007155477698706466,10.29
16461,Skirmish Line,0,2.592247420008347,0.0,0.001378578272227852,8.99
16463,Bit Heroes,0,1.1412666585993734,2.1345573770491804,0.025864754250370166,0.0
16466,Welcome Back To 2007,0,1.1981678648688887,0.0,0.0004923493829385186,1.69
16488,Drunken Wrestlers 2,0,1.6657833018249608,0.0,0.012177441404679353,0.0
16489,Sky Force Reloaded,0,5.4515330377400755,0.0,0.014836128072547352,7.19
16494,Red Faction Guerrilla Re-Mars-tered,16,1.241112171480144,0.09390163934426231,0.042342046932712575,14.99
16500,Next Up Hero,0,0.6462261635168737,0.0,0.0008862288892893329,14.99
16503,MINDNIGHT,0,1.8219148449917406,0.48209836065573775,0.03475986643545939,0.0
16505,Dead Maze,0,0.9230245987165888,0.0419672131147541,0.0834696320541768,0.0
16509,VTOL VR,0,6.593934180385876,0.0,0.020153501408283352,22.99
16511,Incline,0,0.29738505851014496,0.007868852459016393,0.008402762802150713,0.0
16514,Super Fancy Pants Adventure,0,2.569824487126907,0.0,0.011882031774916244,6.99
16527,Tricolour Lovestory,0,3.847817459623691,0.29429508196721316,0.4072714095667424,1.59
16531,Solarium,0,0.6097576630791813,0.0,0.0006564658439180246,0.0
16542,Mutiny!!,0,2.7235578961921902,0.0015737704918032788,0.0037418553103327396,7.19
16544,Nation War:Chronicles | 国战:列国志传,0,1.0374866175929902,0.5046557377049181,0.0078119435426244905,8.29
16556,The Ultimatest Battle,0,1.2661906705735608,0.032,0.012735437372009674,0.0
16558,Hollowed,0,1.628991284315338,0.0,0.0004267027985467159,0.0
16572,The Polynomial - Space of the music,0,1.0615300998036952,0.002622950819672131,0.011324035807585921,4.99
16578,D'LIRIUM,0,6.184782673775117,0.12222950819672132,0.015394124039877674,2.09
16586,Real Pool 3D - Poolians,0,0.9423535433125694,0.09809836065573771,0.024551822562534117,0.0
16590,The Free Ones,0,1.4535030250368612,0.0,0.009485931444615453,7.19
16594,Rise of Man,0,0.08600792327362736,0.0,0.0006564658439180246,6.99
16610,Oik Memory,0,2.986999538983214,0.0,0.00022976304537130872,0.79
16624,Metropolis: Lux Obscura,0,1.5071898417895917,0.0,0.00452961432303437,5.59
16625,Rise of Industry,0,2.0483924171567023,0.4474754098360656,0.03984747672582408,19.99
16628,DESOLATE,0,0.8465142488282461,0.5177704918032787,0.11678527363301655,19.99
16633,Beast Battle Simulator,0,1.8785749822449043,0.0,0.009584401321203157,6.99
16637,Dead Horizon,0,7.662920829225118,0.0,0.004332674569858962,0.0
16638,Robin,0,2.120526258699715,0.0,0.008960758769481034,0.0
16641,Run!ZombieFood!,0,1.2097727161778622,0.03934426229508197,0.007418064036273677,2.89
16646,Devoid of Shadows,0,0.8326870398362007,0.0,0.000951875473681136,6.19
16680,Academia : School Simulator,0,0.805290899329587,0.007344262295081968,0.01424530881302113,14.99
16681,War Robots VR: The Skirmish,0,1.8759018761080501,0.0,0.013326256631535896,0.0
16684,Call of War,0,0.3366193577899359,0.11488524590163936,0.04184969754977406,0.0
16688,Find You,0,6.746872264262649,0.3210491803278689,0.007155477698706466,0.0
16691,StellarHub,0,0.47236823846980497,0.0,0.0002954096297631114,5.99
16698,High Hell,0,2.392898330794011,0.008918032786885247,0.014376601981804736,7.19
16703,The Ranger: Lost Tribe,0,1.7850372218790225,0.002622950819672131,0.00564560625769501,0.0
16704,AMID EVIL,0,22.299980231120042,0.1458360655737705,0.016149059760383402,15.49
16707,Frontier Pilot Simulator,0,0.8835041939833824,0.0,0.002363277038104888,19.99
16711,Starblast,0,1.0520352215298228,0.0,0.0009190521814852345,8.99
16717,TimeLock VR,0,1.0862009749145092,0.0,0.0007549357205057284,4.99
16722,IOSoccer,0,1.0252924440890954,0.004721311475409836,0.013096493586164588,0.0
16727,Airport CEO,0,1.295980318516134,0.0,0.05524160076570176,11.99
16731,The Darkness II,18,3.678857571753605,0.11226229508196722,0.4308385333633995,19.99
16734,Super Bunny Man,0,2.0144813251067046,0.2717377049180328,0.0021663372849294806,11.39
16742,"Warhammer 40,000: Mechanicus",0,3.4455510631487645,0.0,0.06275813467856314,22.99
16746,Farm Together,0,3.7418754779807504,0.018360655737704918,0.1420920319160564,15.49
16749,World War 3,0,0.5992443749095212,0.2014426229508197,0.44114504711291247,24.0
16767,Einar,0,0.5602978691285578,0.011016393442622952,0.04217793047173307,0.0
16771,Fight'N Rage,0,5.770295918159875,0.01259016393442623,0.022713718199563648,14.99
16777,Yet Another Zombie Defense HD,16,1.4870138191061204,0.1300983606557377,0.025831930958174265,2.79
16785,Stick Fight: The Game,0,3.3607648845389213,0.09652459016393443,0.9040191136595115,3.99
16788,MudRunner,0,1.8618412993507476,0.38242622950819677,0.22703871211904877,19.99
16795,303 Squadron: Battle of Britain,0,0.7145076111939254,0.0,0.0014442248566196541,14.99
16801,Batman: The Enemy Within - The Telltale Series,0,2.360265578827041,0.32996721311475413,0.0806468289253293,11.99
16808,NAVYFIELD,0,0.7413934311831571,0.0,0.0067944214845515535,0.0
16810,Super POTUS Trump,0,0.43435284816795583,0.005245901639344262,0.00938746156802775,0.0
16813,ShineG In The Zombies,0,1.6138242381519536,0.0,0.0039059717713122457,1.59
16827,Legend Of Mercy 神医魔导,0,1.9947847534102698,0.0,0.005448666504519603,5.79
16838,SiNKR,0,5.542981405013808,0.0,0.003873148479116345,1.69
16839,PUSH,0,3.2223446018991027,0.0,0.007352417451881874,0.79
16846,Time Warpers,0,5.218755375518922,0.0,0.002035044116145876,15.49
16860,Island Dash,0,1.8817213176059666,0.027278688524590165,0.011980501651503946,0.0
16862,Subsurface Circular,0,7.051879465798568,0.06295081967213115,0.03384081425397416,4.79
16864,Contagion VR: Outbreak,0,0.8695503477861068,0.0,0.00889511218508923,15.49
16876,Heroes of Hammerwatch,0,1.4578595360933666,0.023606557377049184,0.05438819516860833,9.29
16877,We Were Here Too,0,1.2936329748012625,0.1379672131147541,0.0535347895715149,7.19
16878,Pantropy,0,0.4229746231969187,0.0,0.0028228031288475056,15.49
16887,The Colonists,0,1.612766573806732,0.07449180327868853,0.007582180497253182,19.49
16889,Medieval Shopkeeper Simulator,0,1.2977449762246238,0.0,0.0007221124283098269,7.19
16890,Outpost Zero,0,0.8324278743584975,0.0,0.009092051938264638,15.49
16906,Z69,0,0.7145076111939254,0.0,6.564658439180268e-05,1.59
16911,King of Bali,0,0.25638434472556954,0.013114754098360657,0.0016411646097950617,1.59
16923,Gal*Gun VR,0,4.505241236854578,0.0,0.006433365270396639,22.99
16926,鸿源战纪 - Tales of Hongyuan,0,1.3546461824941392,0.0,0.009584401321203157,11.39
16933,SAS: Zombie Assault 4,0,1.5455378043075436,0.021508196721311476,0.08163152769120634,0.0
16942,DRAGON BALL FighterZ,0,1.7176364200038843,0.6877377049180329,0.41373759812933497,44.99
16952,Bus Driver Simulator 2019,0,0.4393216046535884,0.0,0.01628035292916701,9.99
16953,Antaria Online,0,1.0140924625025083,0.0,0.0029212730054352094,0.79
16956,Relik,0,2.838261459195791,0.0,0.0014770481488155548,0.0
16962,Lisa's Memory - 丽莎的记忆,0,3.03272372262008,0.0,0.005021963705972887,5.79
16973,Catch & Release,0,5.323505323633666,0.04878688524590164,0.0011488152268565427,14.99
16980,Commandos: Behind Enemy Lines,0,2.7611478318356197,0.036721311475409836,0.05494619113593865,3.99
16989,Poker World - Single Player,0,0.26183819284327237,0.0,0.0017396344863827647,0.0
16990,The Heiress,0,2.5850804742713973,0.09285245901639345,0.030558485034384044,2.79
16994,Regions Of Ruin,0,2.3386306147896785,0.12852459016393444,0.03823913540822493,10.99
16998,ICY: Frostbite Edition,0,3.524379023723653,0.0,0.0031510360508065177,9.99
17016,HEADLINER,0,1.0542734683484252,0.0,0.009978280827553972,1.99
17018,Commandos: Beyond the Call of Duty,0,2.1318285039593796,0.007344262295081968,0.01230873457346296,3.99
17031,Descenders,0,4.072137665198242,0.0,0.02061302749902597,19.49
17033,Helium Rain,0,2.067148244025552,0.0,0.0016411646097950617,10.99
17038,ZomDay,0,3.2023188763265353,0.0,0.010404983626100688,6.99
17042,Lumber King,0,0.17881270167447305,0.0,0.0007221124283098269,0.0
17050,Bless Online,0,0.2083064043375978,4.402360655737705,0.31726994236558126,0.0
17070,Discord Bot Maker,0,1.5874238447152926,0.5329836065573771,0.010043927411945774,6.99
17071,Undead Development,0,1.9467743605723555,0.0,0.0016083413175991602,13.99
17079,Zeus' Battlegrounds,0,0.4037669782027342,0.0,0.025339581575235748,0.0
17084,DimensionsVS,0,0.6160247542480847,0.0,0.00022976304537130872,0.0
17085,Garrison: Archangel,0,3.193589714271702,0.04721311475409837,0.00013129316878360492,11.39
17087,恒水中学连环虐杀 / The untold story of hengshui school,0,2.210410377471657,0.07239344262295083,0.0010175220580729383,2.79
17091,MarZ: Tactical Base Defense,0,1.0513189825171434,0.04301639344262295,0.004989140413776986,16.99
17092,SG/ZH: School Girl/Zombie Hunter,16,0.8716325331739999,0.0,0.004102911524487654,30.99
17107,MineFight,0,0.05109127390204602,0.0,0.0008534055970934322,0.0
17108,Commandos 2: Men of Courage,0,2.0975296838176543,0.15842622950819674,0.0482830628201707,3.99
17119,Omega Quintet,0,1.4095152029351954,0.0,3.2823292195901556e-05,23.79
17120,GRIS,0,9.067522404664484,0.0,0.1932963677416623,14.49
17140,RollerCoaster Tycoon® Classic,0,0.9975162425584488,0.0,0.0060394857640458256,14.99
17144,Commandos 3: Destination Berlin,0,0.5565262429544264,0.010491803278688525,0.01923444922679812,3.99
17151,7,0,1.4477572472289673,0.0,0.00026258633756720984,0.0
17155,Silicon Zeroes,0,8.396170465260159,0.036721311475409836,0.0020022208239499745,10.99
17156,BLADENET,0,0.6776777207819331,0.0,0.0036762087259409374,5.19
17161,Bridge Constructor Portal,0,3.403089610117107,0.2717377049180328,0.05875369303066319,7.19
17170,Shoppe Keep 2 - Business and Agriculture RPG Simulation,0,0.5710282764261231,0.0,0.026718159847463598,7.49
17175,Battlegun,0,0.7039847854716655,0.004721311475409836,0.0038403251869204434,0.79
17183,Hitman 2: Silent Assassin,16,2.182887010576272,0.030426229508196723,0.05494619113593865,8.29
17193,Transport Defender,0,1.2177889707571956,0.05455737704918033,0.004923493829385183,0.0
17194,Delivery from the Pain,0,1.2906323252488927,0.37455737704918035,0.007647827081644985,5.69
17197,Skelly Selest,0,8.451039485701214,0.0,0.002035044116145876,3.99
17198,Grace of Zordan,0,0.43844785237592004,0.0,0.0015098714410114564,0.0
17202,Sakura Gamer,0,2.708082018375837,0.11593442622950821,0.002363277038104888,6.99
17203,Guns'n'Stories: Bulletproof VR,0,3.6719478100094247,0.07344262295081967,0.0037418553103327396,17.99
17207,Ruthless Safari,0,0.19486571242313103,0.0005245901639344263,0.00039387950635081477,2.89
17211,Joy Pony,0,0.6137644917837425,0.0005245901639344263,0.002199160577125382,0.79
17214,Hitman: Blood Money,18,5.706606156415773,0.1914754098360656,0.20202736346577202,9.29
17222,Cat Girl,0,0.510463441632791,0.0,0.009682871197790861,0.79
17223,Killing Time,0,1.0449478570518749,0.12432786885245903,0.019398565687777626,1.59
17224,Door Kickers: Action Squad,0,4.647060385680955,0.020459016393442626,0.025831930958174265,10.99
17226,Forged Battalion,0,0.662132637328595,0.008918032786885247,0.021532079680511206,15.49
17227,Insanity VR: Last Score,0,2.5629077354536127,0.0005245901639344263,0.0008205823048975307,0.0
17239,Rapture Rejects,0,0.302989958462127,0.011540983606557378,0.0374841996877192,15.49
17244,Computer Tycoon,0,1.3319577267908176,0.0,0.008665349139717922,15.49
17252,Battlestations: Midway,0,1.0204145390141213,0.0,0.010798863132451502,4.99
17253,Tokyo Dark,18,3.7658348002773088,0.22714754098360657,0.0161162364681875,13.59
17265,Juniper's Knot,0,10.854302578561352,0.0,0.001542694733207358,0.0
17270,辣条杂货店:令人感动的童年回忆，经典策略模拟经营解密,0,0.4826736420225601,0.002622950819672131,0.005448666504519603,4.79
17273,Yandere School,0,0.4312462934502329,0.0,0.0026586866678679996,3.99
17275,Transparent Black,0,5.79294027574125,0.0,0.0015098714410114564,0.79
17276,Head Goal: Soccer Online,0,1.236102002381899,0.030426229508196723,0.00830429292556301,0.0
17280,Tropical Liquor,0,1.7414246455510296,0.2533770491803279,0.014409425274000636,7.19
17281,Mothlight,0,7.692018037098783,0.0,0.0050547869981687876,0.0
17282,Just Cause,16,0.7326675707070189,0.013114754098360657,0.08133611806144322,4.99
17286,Odd Realm,0,2.7172268551800265,0.0,0.0004923493829385186,7.19
17289,Pogostuck: Rage With Your Friends,0,1.2562669915089297,0.0,0.01047063021049249,5.99
17301,Bad North,0,1.3898186312387608,0.0,0.02514264182206034,11.99
17303,汉匈决战/Han Xiongnu Wars,0,0.28278624914531403,0.39816393442622955,0.06820680118308274,9.29
17304,EVE: Valkyrie – Warzone,0,0.5352688111376855,0.18308196721311476,0.00669595160796385,24.99
17329,Asyula 方舟之链,0,3.561241492451892,0.0,0.002527393499084394,1.69
17331,Microtransaction Simulator,0,2.64318317710958,0.034622950819672135,0.02120384675855219,0.0
17343,The Thirst of Hearts,0,0.135888850947315,0.0,0.0004923493829385186,0.79
17344,Madu Maths,0,1.9521088487081335,0.0,0.00039387950635081477,0.0
17348,TurnSignal,0,10.547036064398704,0.0,0.0014114015644237526,0.0
17352,Les Fleursword,0,0.4274151612748025,0.0,0.004037264940095851,1.59
17354,Mad Crown,0,1.6823971308062704,0.0,0.0012472851034442465,6.99
17357,Youtubers Clicker,0,0.8897034307197971,0.025704918032786888,0.0031838593430024193,0.79
17361,Darkestville Castle,0,7.030541513255458,0.0,0.002461746914692592,10.99
17362,Another Lost Phone: Laura's Story,0,5.430195085581049,0.0697704918032787,0.005744076134282714,2.99
17363,Hitman: Codename 47,18,0.9586137865049559,0.02255737704918033,0.050416576812904276,7.19
17365,SUPERHOT: MIND CONTROL DELETE,0,2.506895610604074,0.0,0.005776899426478615,9.29
17366,SORE,0,0.5893569241032425,0.02098360655737705,0.00452961432303437,0.0
17370,Sword Legacy Omen,0,1.4506669681699669,0.0,0.002527393499084394,14.99
17384,Black Survival / 黑色幸存者,0,1.1536169922433455,0.5261639344262296,0.04418015129568305,0.0
17385,灵魂筹码 Soul at Stake,0,1.1858666347183788,2.1083278688524594,0.1505932645947948,13.99
17390,MagiCats Builder (Crazy Dreamz),0,0.7608624731781038,0.032,0.0026586866678679996,0.0
17396,DiRT Rally 2.0,0,0.5293451409973338,0.05455737704918033,0.05209056471489524,44.99
17397,Killing Floor: Incursion,0,0.5938864588542883,0.0,0.007385240744077775,15.49
17399,Foundation,0,1.1682431371895259,0.1720655737704918,0.049694464384594454,26.99
17403,Evening Surprise,0,3.1962756103772083,0.0,0.01286673054079328,0.0
17405,Deus Ex: Game of the Year Edition,16,6.855410422877544,0.12852459016393444,0.21299034305920303,4.99
17406,Fog Of War - Free Edition,0,0.2676811152641179,0.005245901639344262,0.03620409129207905,0.0
17409,Saku Saku: Love Blooms with the Cherry Blossoms,0,4.939422180930354,0.3378360655737705,0.0013129316878360488,15.49
17410,Electronauts - VR Music,0,3.659145038714009,0.0,0.0030197428820229123,15.49
17415,SINNER: Sacrifice for Redemption,0,1.1067627357549457,0.0,0.0029212730054352094,14.49
17416,Gun Club VR,0,1.8915365968852327,0.4558688524590164,0.002888449713239308,15.49
17417,Alchemage,0,1.9743003192607875,0.0,0.00187092765516637,6.99
17420,Misao: Definitive Edition,0,16.749978819057187,0.5859672131147542,0.008468409386542515,3.99
17427,STELLATUM,0,0.9669051049155183,0.0,0.0009190521814852345,5.79
17431,Ash of Gods: Redemption,0,1.4571683754054068,0.0,0.03817348882383312,19.49
17434,FPV Drone Simulator,0,0.7000139077174278,0.049836065573770495,0.00187092765516637,0.0
17436,Eiyu*Senki – The World Conquest,0,10.060530750179813,0.0,0.004792200660601579,23.79
17446,Deus Ex: Invisible War,16,0.5220225259785631,0.016262295081967214,0.032232472936374996,4.99
17447,Tennis World Tour,0,0.09803802913370313,1.9598688524590167,0.007615003789449083,39.99
17449,Infliction,0,2.2675394491313265,0.0,0.002035044116145876,15.99
17456,Over The Moonlight,0,0.8384053991007867,0.0,9.84698765877038e-05,0.0
17471,Underworld Ascendant,0,0.11930591991850303,0.0,0.018282573753116982,24.99
17473,XXZ,0,0.9959932019529553,0.02518032786885246,0.014606365027176044,0.0
17498,Galactic Crew,0,0.5107083925774658,0.0,0.0006892891361139262,14.99
17508,Apex Construct,0,0.9961685823816596,0.0,0.00039387950635081477,14.99
17509,My Free Zoo,0,0.25595936940291203,0.0,0.002527393499084394,0.0
17521,Army Men RTS,0,2.0313641006270293,0.0,0.002625863375672098,4.69
17526,notmycar,0,0.2383497426526747,0.0,0.030460015157796335,0.0
17536,Smoke and Sacrifice,0,1.4531290394399798,0.0,0.0009190521814852345,15.99
17538,The Golf Club™ 2019 featuring PGA TOUR,0,0.5874647254418877,0.0,0.008107353172387602,44.99
17540,Veritex,0,0.26000922578970087,0.0,0.0002954096297631114,0.0
17548,This Grand Life,0,1.1092597301687919,0.0,0.0014770481488155548,9.29
17549,新仙剑奇侠传 单机版(Chinese Paladin：Sword and Fairy),0,0.21296784975542313,0.0,0.014901774656939154,3.99
17552,Ancient Siberia,0,0.18078168546955076,0.0,0.004857847244993382,3.99
17559,Super Seducer : How to Talk to Girls,0,1.7888271261858322,0.0,0.022976304537130857,10.29
17563,Treadnauts,0,2.3863989380746546,0.00419672131147541,0.0008205823048975307,7.19
17572,No Heroes Here,0,3.441497924387438,0.0,0.0033479758039819253,10.99
17574,SENRAN KAGURA Peach Beach Splash,0,1.0047961068189377,0.0,0.07647827081644985,24.99
17575,Bullet Witch,0,0.6922419219511077,0.0,0.003380799096177826,12.99
17580,仙劍奇俠傳六 (Chinese Paladin：Sword and Fairy 6),0,0.5020360855820809,0.11960655737704919,0.0004923493829385186,11.39
17581,BROKE PROTOCOL: Online City RPG,0,0.6073383448719492,0.224,0.04440991434105435,3.99
17587,The Norwood Suite,0,1.5856240172815919,0.011016393442622952,0.013490373092515403,6.99
17590,Lake Ridden,0,3.107641038895502,0.0,0.0006564658439180246,14.99
17594,XXZ: XXL,0,1.471700092358704,0.0,0.0024289236224966904,4.79
17595,BLACK DAY,0,1.5525071953437113,0.0,0.00045952609074261744,11.39
17605,Fear For Freedom,0,0.30411740380088115,0.0,0.0013457549800319503,0.0
17615,It Lurks Below,0,3.2075563738667014,0.0,0.013851429306670318,15.49
17618,Idle Bouncer,0,2.67150267154316,0.0,0.002297630453713086,0.0
17619,WARMA,0,0.32451549721213313,0.0,0.000951875473681136,9.29
17634,Thief: Deadly Shadows,0,2.0222192638228393,0.19304918032786886,0.04086499878389702,6.99
17640,Star Shelter,0,2.896798194805302,0.0,0.0029869195898270117,10.99
17649,Dungeon Warfare 2,0,2.7970917626554193,0.0,0.009157698522656441,11.39
17654,Deep Sky Derelicts,0,1.2149795850078136,0.0,0.015361300747681774,15.49
17657,KILL THE EMOJI 😱,0,2.02879211513182,0.0,0.01020804387292528,2.09
17658,Loot'N Shoot,0,0.691914485310706,0.0,0.0,0.0
17660,Doki Doki Literature Club!,0,11.566890277574762,0.0519344262295082,3.6776529507975564,0.0
17663,Metaverse Keeper / 元能失控,0,1.2214973595622967,0.0,0.003807501894724542,11.39
17670,Millidor,0,0.6210819819811401,0.0,6.564658439180268e-05,0.0
17675,Fell Seal: Arbiter's Mark,0,4.867406591673483,0.0,0.011225565930998218,23.99
17676,Human-powered spacecraft,0,3.8372705541928833,0.0,0.005120433582560591,0.79
17690,Feudal Alloy,0,1.160044056729767,0.0,0.003544915557157332,13.49
17692,DYING: Reborn,0,1.2720476569668429,0.0,0.0012472851034442465,10.29
17694,BANNERMEN,0,0.6424920219370545,0.0,0.0011488152268565427,24.9
17704,Despotism 3k,0,1.8667570393038604,0.016262295081967214,0.00400444164789995,5.79
17709,Half-Life,0,9.637457349248422,0.04354098360655738,0.9438337670931397,7.19
17710,Tomb Raider: Legend,16,2.5637968168735896,0.38032786885245906,0.0590491026604263,4.99
17711,Dino D-Day,0,1.9295539029937974,0.07868852459016394,0.47557668062641284,6.99
17712,Life is Feudal: MMO,0,0.20965338583947404,0.040393442622950824,0.11970654663845176,0.0
17715,Semblance,0,6.219699323146698,0.0,0.00013129316878360492,6.99
17718,SCP: Secret Laboratory,0,2.0183325187128447,0.024131147540983607,0.7567410015765027,0.0
17723,Selenophobia,0,1.0591976108884507,0.09809836065573771,0.001706811194186864,1.59
17724,Microsoft Allegiance,0,1.1576804682183746,0.0,0.00026258633756720984,0.0
17730,Beyond the Void,0,0.6208287959098026,0.0,0.0004267027985467159,0.0
17746,Project: Snowblind,0,1.0482191941921455,0.0,0.0044639677386425665,3.99
17747,Hacker Evolution,0,0.6920611939328075,0.11226229508196722,0.02645557350989639,0.79
17751,Hacker Evolution: Untold,0,0.44461134863957347,0.13901639344262295,0.007877590127016294,0.79
17753,Kingdom Two Crowns,0,0.6961694240437907,0.0,0.03324999499444794,15.49
17754,Hacker Evolution Duality,0,0.17318237657069355,0.024131147540983607,0.012275911281267057,0.79
17778,Short Stories Collection of Class Tangerine,0,16.287333215171795,0.0,0.012440027742246564,5.59
17784,Rogue Trooper,0,6.296515951687361,0.0,0.005350196627931899,6.99
17788,Governor of Poker 2 - Premium Edition,0,1.8932455318113788,0.0,0.0024945702068884935,14.99
17790,THE KING OF FIGHTERS '97 GLOBAL MATCH,0,0.48754939047068807,0.0,0.005415843212323702,7.99
17795,Princess Serena ~Raid of Demon Legion~,0,1.0437217334561806,0.0,0.00026258633756720984,3.1
17800,March of Empires,0,0.4100861571911185,0.0015737704918032788,0.006499011854788442,0.0
17805,Donut County,0,1.9157607506540155,0.0,0.05504466101252635,10.29
17806,Super Bomberman R,0,0.3121347948822338,0.0,0.0021006907005376783,34.99
17808,Shooty Skies,0,4.050671653190024,0.006295081967213115,0.029705079437290612,0.0
17810,BlazBlue: Cross Tag Battle,0,1.0102253839857522,1.8633442622950822,0.0510402193646264,32.99
17813,VVVVVV,0,9.575649668263445,0.038819672131147544,0.22605401335317174,3.99
17829,Zeal,0,0.9049353877024644,0.0,0.010372160333904786,0.0
17831,Hidden & Dangerous 2: Courage Under Fire,0,9.109467730225726,0.0,0.0024289236224966904,7.99
17836,Wooden Battles,0,0.9580725307790113,0.0,0.0016083413175991602,7.19
17842,Our End of the World,0,1.2765412246360734,0.1374426229508197,0.06659845986548359,7.19
17849,Animal Super Squad,0,2.5368595435702286,0.0,0.008665349139717922,7.19
17853,Ball 2D: Soccer Online,0,1.0456137688821996,0.0010491803278688525,0.00039387950635081477,0.0
17854,Just Fishing,0,1.0960804064488516,0.007344262295081968,0.016772702312105526,0.0
17856,Recettear: An Item Shop's Tale,0,10.539060567570225,0.5959344262295082,0.16838348896497327,12.99
17858,Cattle and Crops,0,1.1412666585993734,0.0,0.013720136137886712,29.99
17859,Castle Clicker : Building Tycoon,0,0.5614988794479665,0.0015737704918032788,0.007221124283098269,0.0
17863,Chantelise - A Tale of Two Sisters,0,1.0882101284291497,0.027803278688524592,0.0160177665915998,6.49
17865,"BLOCK WARRIORS: ""Open World"" Game",0,0.3375901986044168,0.0,0.014475071858392438,1.69
17866,Pro Cycling Manager 2018,0,0.38096172396796607,0.11068852459016394,0.002035044116145876,34.99
17867,Generation Zero,0,0.2624695310454235,0.12275409836065575,0.09682871197790861,29.99
17875,Neverwinter Nights: Enhanced Edition,0,1.280961167023596,0.03409836065573771,0.037549846272111,15.49
17877,VR Furballs - Demolition,0,41.427320737744964,0.0,0.0002954096297631114,11.49
17882,Evolution of Ages: Settlements,0,2.35191469334596,0.0,0.0012472851034442465,14.49
17886,Elisa: Seduce the Innkeeper,0,0.9166566334874184,0.0,0.001115991934660642,3.99
17890,Esports Life: Ep.1 - Dreams of Glory,0,0.4226044227394084,0.0,0.0022319838693212837,15.49
17891,The Walking Vegetables,0,6.256278670363459,0.0,0.0007221124283098269,6.99
17892,Thief Simulator,0,1.2949969062763094,0.07711475409836066,0.07490275279104659,15.49
17906,Death Coming,16,3.9843491255615446,0.07816393442622951,0.06738621887818522,4.99
17909,Tactical Monsters Rumble Arena,0,3.4001122214080257,0.1274754098360656,0.1236453417019599,0.0
17914,Hakoniwa Explorer Plus,0,1.9119432914543824,0.0,0.003544915557157332,7.19
17915,Strange Telephone,0,1.738729325197451,0.0,0.0011816385190524443,3.99
17938,Wuxing Master(CCG),0,0.9733462506581175,0.22924590163934427,0.0022648071615171844,0.0
17944,Worms Ultimate Mayhem,0,2.5481181562167157,0.6740983606557378,0.07913695748431784,10.99
17946,Fade to Silence,0,0.7895915339027394,0.0,0.010667569963667897,24.99
17949,Worms Crazy Golf,0,1.6921737924459537,0.04668852459016394,0.012735437372009674,6.99
17961,Worms,0,2.2580870339374624,0.002098360655737705,0.008927935477285133,4.99
17962,Little hidden city,0,0.42476067894545483,0.0,0.0009190521814852345,1.69
17963,Worms Blast,0,0.3342272718456877,0.024131147540983607,0.003380799096177826,5.59
17965,Jimmy and the Pulsating Mass,0,5.750264371039114,0.0,0.0014770481488155548,10.99
17967,Worms Pinball,0,0.23857849949980367,0.006819672131147541,0.007352417451881874,5.59
17974,BLOCKPOST,0,0.9040689406861704,0.0,0.12101947832628782,0.0
17976,Will To Live Online,0,0.9007024838192766,3.021114754098361,0.0455587295679109,9.29
17982,Hatsune Miku VR / 初音ミク VR,0,1.116665254911079,0.0,0.008008883295799898,19.49
17994,Slapshot,0,1.3852615054910757,0.0099672131147541,0.01821692716872518,0.0
18000,Hoo-Boy,0,0.8791146725170945,0.0,0.0006564658439180246,1.69
18013,Shark Simulator,0,1.4278048761594921,0.15737704918032788,0.0011816385190524443,0.0
18019,The Exorcist: Legion VR - Chapter 1: First Rites,0,1.439997991898412,0.0,0.0024945702068884935,3.99
18038,Star Ruler,0,1.9453195004859392,0.002622950819672131,0.005678429549890911,7.19
18055,Override: Mech City Brawl,0,0.8846015744459752,0.0,0.004628084199622072,24.99
18074,Bloody Glimpse,0,0.16497326846824484,0.04721311475409837,6.564658439180268e-05,3.99
18081,Evochron Mercenary,0,1.4013386428064258,0.0,0.010076750704141676,14.99
18082,Cinderella Escape 2 Revenge,0,3.7711692884130863,0.0,0.005350196627931899,10.99
18088,The Broken Seal,0,3.2634230126307817,0.0,0.0001969397531754076,15.49
18092,Goro,0,0.7678524921676168,0.00419672131147541,0.0004267027985467159,2.09
18096,Little Witch Academia: Chamber of Time,0,2.1264188822473926,0.0,0.012275911281267057,34.99
18101,Don't Sink,0,1.3237429411713535,0.012065573770491804,0.0010831686424647405,7.19
18108,Sky Jump,0,1.2906323252488927,0.0,0.0008534055970934322,0.79
18116,Jade Empire™: Special Edition,0,1.0600447753946487,0.0,0.03242941268955041,8.99
18140,Mortars VR,0,1.751532096492867,0.0,0.00045952609074261744,0.79
18149,CHUCHEL,0,1.065341765493204,0.12852459016393444,0.03974900684923638,7.99
18154,Monster Energy Supercross - The Official Videogame,0,0.8950595158506887,0.0,0.010043927411945774,29.99
18156,Never Split the Party,0,1.0288817137324016,0.02255737704918033,0.03193706330661189,0.0
18161,Elise the Devil,0,4.439313922330111,0.07291803278688525,0.03672926396721347,1.59
18164,Otaku's Fantasy,0,3.2539144609970294,0.046163934426229514,0.06738621887818522,1.59
18167,Total War Saga: THRONES OF BRITANNIA,0,0.45060868554261263,0.20931147540983608,0.19250860872896067,29.99
18173,Crazy Taxi,0,1.690894794428502,0.011540983606557378,0.04637931187280843,5.59
18176,SEGA Bass Fishing,0,1.9596803803300271,0.00419672131147541,0.00942028486022365,5.59
18180,Space Channel 5: Part 2,0,2.9111179443378874,0.0,0.02218854552442923,5.59
18186,SIMULACRA,0,5.282769232764168,0.0,0.028982967008980783,3.99
18191,King Exit,0,6.403172110584672,0.06085245901639345,0.07096395772753844,1.59
18198,Vampires!,0,1.3866531109247207,0.0,0.00045952609074261744,1.69
18209,Beyond the Sunset 斜阳下的彼岸,0,9.702053150451418,0.0,0.001050345350268839,0.79
18215,Sonic Generations Collection,0,4.459481275872969,0.08865573770491804,0.24322059517162806,0.0
18222,Armored Kitten,0,3.0830203246590413,0.0,0.00213351399273358,2.09
18229,Sevgilim Olur musun ?,0,0.6530543083613956,0.0,0.013030847001772787,0.0
18230,Ablepsia,0,0.4280727250580205,0.005245901639344262,0.0010831686424647405,9.29
18240,Aim Lab,0,1.561978513189444,0.02832786885245902,0.03892842454433885,0.0
18241,Idle Adventure,0,0.8847712723645834,2.72,0.007680650373840886,0.0
18243,BLACK CLOVER: QUARTET KNIGHTS,0,0.8762268293359863,0.0,0.0009846987658770367,39.99
18251,LEFT ALIVE™,18,0.04284952679821354,0.0,0.01289955383298918,44.99
18261,Maitetsu,0,15.949805605219982,0.0,0.0009190521814852345,11.39
18267,Diamo XL,0,8.748246679532889,0.024655737704918034,0.006137955640633529,0.79
18268,The Islander,0,1.0678641024809719,0.0,0.0031510360508065177,2.09
18276,Urban Rivals,0,0.4758540080763975,0.0,0.004759377368405678,0.0
18287,Eastshade,0,2.151721951681683,0.0,0.017297874987239947,19.49
18289,The Endless Journey,0,2.650286650418616,0.008918032786885247,0.0033151525117860237,7.19
18311,Guns'n'Stories: Preface VR,0,2.8056269435190297,0.0,0.001706811194186864,0.0
18314,Blackberry Honey,0,15.69375017662308,0.0,0.0008534055970934322,10.29
18320,EXAPUNKS,0,11.148766321428587,0.013639344262295083,0.014540718442784243,15.49
18323,Battlevoid: Sector Siege,0,0.38762834072640834,0.0,3.2823292195901556e-05,6.99
18324,Sigma Theory: Global Cold War,0,1.9414398724365785,0.0,0.004037264940095851,15.49
18325,Yorkshire Gubbins,0,25.48787031555753,0.0,0.0011488152268565427,3.99
18327,東方憑依華　～ Antinomy of Common Flowers.,0,3.605088892604336,0.13849180327868854,0.04335956899078552,19.49
18357,Reigns: Her Majesty,0,2.195361506009619,0.10491803278688526,0.016969642065280933,2.09
18364,Hold Your Own,0,0.8536681703058269,0.0,0.004332674569858962,11.39
18370,Rainbow Snake,0,1.3729358557184357,0.0,0.001050345350268839,0.79
18380,Princess.Loot.Pixel.Again x2,0,2.378867896113581,0.0,0.003938795063508147,3.99
18383,Super Dungeon Boy,0,1.3923013922995047,0.0,0.002035044116145876,0.79
18390,Diaspora : Mass Exodus,0,0.9844038737482771,0.0,0.0012144618112483459,0.0
18391,FoxyLand,0,0.9499134084090034,0.006819672131147541,0.00039387950635081477,1.99
18392,Cubic,0,2.158130458038815,0.0015737704918032788,0.0031510360508065177,0.79
18395,LSD,0,0.59632818255165,0.0,0.002461746914692592,0.79
18403,Scythe: Digital Edition,0,0.985194778523898,0.0,0.009485931444615453,15.49
18404,Dark Devotion,16,0.8622318969967695,0.0,0.0053830199201278,17.49
18405,Driftland: The Magic Revival,0,1.7652178177049693,0.0,0.013096493586164588,23.79
18407,Cultist Simulator,0,1.1207493968636844,0.010491803278688525,0.07290053196709662,14.99
18418,Prey with Gun 带枪的猎物,0,5.323505323633666,0.0,0.0011488152268565427,0.0
18432,The Wall,0,1.3770510323571379,0.0,0.0029212730054352094,7.19
18443,Taima Miko Yuugi,0,3.6475061553340935,0.0,0.008238646341171206,1.59
18448,Mesozoica,0,0.11165866553685899,0.0,0.011225565930998218,0.79
18450,War Planet Online: Global Conquest,0,0.30891581249922817,0.0005245901639344263,0.004693730784013875,0.0
18455,PUSS!,0,4.070181384184942,0.0,0.004037264940095851,7.99
18459,Beasts of Bermuda,0,0.6448785033400843,0.0,0.012538497618834266,15.49
18461,Trackmania United Forever Star Edition,0,6.671287987994007,2.504393442622951,0.030131782235837328,25.99
18462,Closure,0,2.3872435411303736,0.05245901639344263,0.02254960173858414,6.99
18465,Indecision.,0,1.561460182234038,0.0,0.003380799096177826,1.69
18468,Shikhondo(食魂徒) - Soul Eater,0,2.149765670668384,0.0,0.0009190521814852345,7.19
18471,Welcome to the Game II,18,1.6169687018758616,0.07501639344262295,0.021827489310274315,7.19
18473,Fox Hime,0,2.3137421358380337,0.2397377049180328,0.09147851534997671,1.69
18489,"Runaway, A Road Adventure",0,0.9534926776795231,0.007344262295081968,0.007418064036273677,6.99
18491,La Tale - Evolved,0,0.3560300114655288,0.2769836065573771,0.0038403251869204434,0.0
18493,SKYBOX VR Video Player,0,1.958205406577593,0.0,0.0010175220580729383,0.0
18513,"Runaway, The Dream of The Turtle",0,0.45451286841136945,0.0,0.0016739879019909624,6.99
18518,Dominions 5 - Warriors of the Faith,0,5.494208942442212,0.2754098360655738,0.014967421241330959,30.99
18521,SURV1V3,0,1.8187466464659463,0.0,0.004431144446446666,19.49
18525,L.A. Noire: The VR Case Files,0,0.6025893446290794,0.09442622950819674,0.010142397288533478,24.99
18541,Chinese Chess/ Elephant Game: 象棋/ 中国象棋/ 中國象棋,0,1.4032084186939096,0.0,0.001280108395640148,7.19
18543,Cogmind,0,14.565505944932102,0.0005245901639344263,0.017232228402848142,15.49
18552,CASE 2: Animatronics Survival,0,1.2712519830308389,0.11750819672131149,0.012636967495421971,5.79
18557,Meltys Quest,0,17.076449490355003,0.0,0.011685092021740836,14.21
18562,Rumu,0,4.061517854641618,0.0,0.004792200660601579,7.19
18565,Hunt Down The Freeman,0,0.14316897984108923,0.0,0.028589087502629968,7.19
18574,Modern Combat Versus,0,0.4263259736897267,0.10806557377049181,0.11560363511396411,0.0
18575,The Pirate: Plague of the Dead,0,0.9173380350068051,0.005770491803278689,0.007024184529922862,0.0
18584,Clones,0,1.122595950316194,0.11540983606557378,0.007385240744077775,0.79
18594,Princess Maker 5,0,0.5864798970875159,0.0,0.001969397531754074,23.79
18596,Roof Rage,0,6.763817108771085,0.0,0.0016411646097950617,10.29
18599,King of the Couch: Zoovival,0,0.9636426228121028,0.0,0.0011488152268565427,0.0
18604,Protocol,0,0.7948971063391184,0.0,0.0012472851034442465,15.49
18612,Lines X,0,1.7141760647947617,0.0,0.010142397288533478,0.79
18621,神舞幻想 Faith of Danschant,0,1.1081134762785394,0.0,0.02868755737921767,23.79
18632,Lines X Free,0,3.518840694214213,0.0,0.0214007865117276,0.0
18637,Slap City,0,6.829285826102747,0.17836065573770493,0.05136845228658541,7.19
18653,Path Out,0,8.933886865044794,0.0,0.0007221124283098269,0.0
18654,Loki,0,0.4371142304379964,0.0,0.0007549357205057284,6.99
18666,Unknightly,0,3.499110395792935,0.0,0.0007549357205057284,15.49
18672,Boobs Saga,18,1.3148705817825095,0.0199344262295082,0.012144618112483452,1.99
18673,Scream Collector,0,2.1321235742974287,0.04878688524590164,0.008796642308501528,0.0
18681,NBA 2K Playgrounds 2,0,0.593495114235689,0.0,0.0031510360508065177,24.99
18692,Vacation Simulator,0,2.737345496226061,0.0,0.00078775901270163,23.79
18693,City Game Studio,0,1.5292294289679627,0.0,0.0022648071615171844,12.39
18696,Star Wars: Droid Repair Bay,0,2.5989155300820483,0.02832786885245902,0.005021963705972887,0.0
18698,Succubus Rem,0,3.566680578334005,0.12537704918032788,0.015197184286702267,1.69
18703,Village of Adventurers 2,0,1.1075229200244807,0.0,0.0023961003303007897,7.19
18725,Void Memory,0,1.3953822733636367,0.0,0.00016411646097950648,7.19
18732,ШП - ShP,0,1.218616735992022,0.0,0.0012472851034442465,1.69
18743,Titanic,0,0.43188039282609697,0.0,0.0006564658439180246,2.09
18754,Next,0,2.9709960745758814,0.0,0.001378578272227852,0.79
18755,The Elder Scrolls V: Skyrim,16,6.04252766855065,2.038032786885246,8.276524420365277,9.99
18756,Islands of Nyne: Battle Royale,0,0.39607970658253516,0.05980327868852459,0.21348269244214155,0.0
18764,Holyday City: Reloaded,0,1.8550471873453345,0.5088524590163935,0.02885167384019718,0.0
18767,Overcooked! 2,0,1.5628670803220925,0.25285245901639347,0.2145330377924104,19.99
18770,Winter Voices,0,0.6396862196833939,0.0,0.003807501894724542,0.0
18772,Borderlands Game of the Year Enhanced,18,0.6343511293052486,0.1458360655737705,0.08100788513948422,24.99
18806,Counter-Strike: Global Offensive,0,2.4709204442226946,3.4108852459016394,100.0,0.0
18809,Verdant Skies,0,2.2700443391423373,0.0,0.0013457549800319503,15.49
18811,Cities in Motion,0,1.244499433746795,0.0005245901639344263,0.02245113186199644,14.99
18821,DYNASTY WARRIORS 9 真・三國無双８,0,0.06996289146817591,0.10124590163934427,0.19716951622077866,0.0
18822,Music Band Manager,0,0.475151449721178,0.0,0.007483710620665478,5.79
18826,Defenders of Ardania,0,0.12708633400530656,0.028852459016393446,0.0,8.99
18827,Hammer 2,0,1.8963018964644291,0.20039344262295083,0.0019037509473622716,3.99
18834,The Curse of Monkey Island,0,10.865276382803199,0.0005245901639344263,0.010240867165121181,5.19
18850,Crash Bandicoot™ N. Sane Trilogy,0,5.707588466336977,1.8518032786885248,0.12118359478726731,34.99
18859,Darkest Hour: A Hearts of Iron Game,0,2.8136286759147375,0.0,0.03672926396721347,7.99
18863,Flightless,0,4.755730242948734,0.0031475409836065576,0.006925714653335158,0.0
18869,Government Simulator,0,0.30259235674505,0.0,0.0010831686424647405,7.19
18879,Sengoku,0,0.662132637328595,0.058754098360655746,0.0070570078221187625,7.99
18884,Supreme Ruler: Cold War,0,0.6463638277491308,0.0,0.002461746914692592,6.99
18885,SpaceBourne,0,1.471700092358704,0.0,0.0024289236224966904,11.39
18888,Juicy Realm,0,1.178400238175137,0.0,0.017987164123353872,7.19
18890,Superflight,0,10.380268357951415,0.007868852459016393,0.17514508715732893,2.09
18897,Red Crucible®: Reloaded,0,0.41500595459855055,0.10124590163934427,0.016903995480889132,0.0
18900,Slipstream,0,2.62410408128651,0.0,0.015295654163289969,7.19
18908,Lines Infinite,0,4.171255895523731,0.0,0.0022319838693212837,0.79
18910,Sudoku Universe / 数独宇宙,0,4.116386875082674,0.08970491803278689,0.007615003789449083,1.69
18915,My Big Sister,0,6.014854980499627,0.0,0.0022319838693212837,4.79
18916,Hakuoki: Edo Blossoms / 薄桜鬼 真改　華ノ章 / 薄櫻鬼 真改　華之章,0,9.228350607912029,0.0,0.0016739879019909624,23.79
18919,First Feudal,0,1.2835196742731618,0.0,0.0006892891361139262,11.49
18920,Flora,0,0.8739383498194824,0.01259016393442623,0.0026586866678679996,0.0
18928,Tales of Winds: Tomb of the Sol Empire,0,1.6921737924459537,0.0,0.0007221124283098269,1.69
18933,Sakura Cupid,0,3.787172752820419,0.0,0.0006892891361139262,7.19
18937,Not Tonight,0,1.958413243952272,0.26491803278688525,0.01473765819595965,15.49
18943,I Can't Believe It's Not Gambling,0,5.730181592220196,0.1836065573770492,0.03256070585833401,0.79
18949,World Warfare,0,0.6104850935064728,0.0,0.0010175220580729383,0.0
18958,Wheel Riders Online OBT,0,0.05811155249787372,0.0,0.0047265540762097755,0.0
18960,BattleRush,0,0.6796854589501927,0.018360655737704918,0.06728774900159751,0.0
18961,Civil Warfare: Another Bullet In The War,0,0.1869717284077784,0.0,0.0011488152268565427,0.79
18964,PickCrafter,0,1.4382463688195362,0.4212459016393443,0.03968336026484458,0.0
18968,Eternal Hour: Golden Hour,0,3.957876371628965,0.0,0.017002465357476834,0.0
18969,MEANDERS,0,5.681982923362062,0.0,0.00456243761523027,1.99
18977,EMERGENCY 20,0,0.8681408682752499,1.0150819672131148,0.00508761029036469,23.99
18984,Creepy Road,0,0.8308964423045021,0.0,0.0002954096297631114,9.99
18989,Project Rhombus,0,4.801392301521352,0.0015737704918032788,0.02537240486743165,0.0
18990,11-11 Memories Retold,0,5.622236656932705,0.0,0.001378578272227852,19.99
18998,Trailer Park Boys: Greasy Money,0,0.8406244640390762,0.07711475409836066,0.011356859099781824,0.0
19002,中国式家长 / Chinese Parents,0,3.345179763874705,0.2512786885245902,0.3933871569678762,7.19
19004,Post Scriptum,0,0.6594622766180448,0.4432786885245902,0.14261720459119082,24.5
19007,Baba Is You,0,19.150498460952885,0.01678688524590164,0.040241356232174896,11.39
19016,The Crooked Man,0,6.60378246585001,0.0,0.00213351399273358,2.09
19022,We. The Revolution,0,1.1603972365428081,0.14740983606557378,0.008599702555326121,15.49
19023,Hidden Object Adventure: Around the World in 80 Days. 隐藏物品,0,0.8494557422790597,0.0,0.00078775901270163,1.99
19040,F1 2018,0,1.464993878932748,2.006032786885246,0.0991591657238176,44.99
19052,Freddy Fazbear's Pizzeria Simulator,0,5.142059149361835,0.06504918032786886,0.27328673082307364,0.0
19064,The Parallax Effect,0,0.2686968204464148,0.0,0.00347926897276553,0.0
19065,Breathedge,0,4.754928094907276,0.18098360655737705,0.09833858341892006,12.39
19066,New Gundam Breaker,0,0.3024612418985422,0.011016393442622952,0.02625863375672098,39.99
19067,Tales of Vesperia: Definitive Edition,0,3.17613138939387,5.16616393442623,0.01710093523406454,34.99
19073,Train Station Simulator,0,0.8297325540049187,0.0,0.00213351399273358,14.49
19085,Grobda Remix,0,1.047558727892618,0.11068852459016394,0.014868951364743253,1.69
19088,Deck Casters,0,5.179474145119924,0.0,0.0005579959673303208,12.39
19092,AntVentor,0,4.310922493010056,0.0,0.0011816385190524443,4.99
19097,Golden Hornet,0,5.323505323633666,0.0,0.0011488152268565427,0.0
19115,Let`s not stay friends,0,2.660528867685399,0.0,0.0006892891361139262,4.79
19127,The Mercury Man,0,2.181491836626148,0.0,0.012833907248597379,2.99
19132,Crimson Imprint plus -Nonexistent Christmas-,0,4.623925313874383,0.0,0.04516485006156008,1.69
19134,Irony Of Nightmare,0,2.4788895479872632,0.0,0.004693730784013875,0.79
19142,Echoed World,0,1.0382348315272998,0.0,0.014376601981804736,0.0
19148,Gachimuchi,0,0.7448299644035202,0.0,0.0005579959673303208,1.1
19160,Mobile Empire,0,0.7844707116033309,0.0,0.024814408900101326,7.19
19165,Titanic VR,0,1.6655706311480145,0.0,0.0004923493829385186,15.49
19168,"John, The Zombie",0,0.5806604555895994,0.0,0.002461746914692592,7.19
19169,The Hong Kong Massacre,16,0.9782755525869987,0.0,0.006761598192355651,15.49
19171,Hex Commander: Fantasy Heroes,0,0.8484901027184973,0.0,0.0014442248566196541,0.0
19175,Easy Red,0,1.4826738966005486,0.0,0.01788869424676617,2.99
19178,Prey: Typhon Hunter,0,0.1439763410430424,0.0,0.006958537945531059,0.0
19180,Wild Animal Sports Day,0,4.7687185621218084,0.0,0.0007221124283098269,3.99
19183,DRAGON QUEST® XI: Echoes of an Elusive Age™ - Digital Edition of Light,12,4.953090620321451,1.3754754098360658,0.1261727352010443,39.99
19185,Dr. Frank's Build a Boyfriend,0,2.4428817533588276,0.0,0.0011488152268565427,0.0
19188,OPUS: Rocket of Whispers,0,4.8159668852260396,0.0,0.009288991691440046,6.19
19189,Mega Man 11 / ロックマン11 運命の歯車!!,0,5.053973293652954,0.0,0.05021963705972887,24.99
19193,Marble Skies,0,2.6349233247104835,0.0,0.0011816385190524443,7.19
19195,The Big Journey,0,3.8725245622246915,0.0,3.2823292195901556e-05,3.99
19205,Defiance 2050,18,0.19611318528031252,0.019409836065573772,0.049694464384594454,0.0
19208,MewnBase,0,7.7880388227746105,0.0,0.005153256874756491,4.79
19215,Soccer Manager 2018,0,0.7034548590461813,0.5135737704918033,0.010273690457317082,0.0
19216,DISTRAINT 2,0,21.839080459876065,0.10281967213114755,0.011947678359308045,6.19
19219,Monster Prom,0,2.8914460077342254,0.24708196721311476,0.07467298974567528,9.29
19222,Achievement Clicker,0,0.6929989552025398,0.0015737704918032788,0.008796642308501528,0.79
19225,Mega Man X Legacy Collection / ロックマンX アニバーサリー コレクション,0,0.642163183777265,0.0,0.023665593673244785,15.99
19226,Mega Man X Legacy Collection 2 / ロックマンX アニバーサリー コレクション 2,0,0.7869167281979788,0.0,0.009485931444615453,15.99
19232,Groove Coaster,0,1.3571565295584413,0.0,0.020186324700479253,15.49
19234,Rusty Lake Paradise,0,6.067285377946533,0.1720655737704918,0.03174012355343648,2.89
19237,Legend of Homebody,0,2.613585372167374,0.0,0.0014114015644237526,4.79
19239,TRATEL64,0,0.8866828130689214,0.0,0.0,0.0
19240,Adventures Of Pipi,0,0.7046593253457081,0.0,0.0005251726751344197,0.79
19245,NEKO-NIN exHeart +PLUS Nachi,0,6.6197859302573425,0.0005245901639344263,0.001542694733207358,1.69
19257,Banyu Lintar Angin - Little Storm -,0,10.789303892961735,0.0,0.009190521814852342,0.0
19258,A Raven Monologue,0,7.7671647389654375,0.00419672131147541,0.04509920347716828,0.0
19260,Dead Frontier 2,0,0.7948848083809723,0.0,0.22625095310634713,0.0
19269,There Is A Genie In My Szechuan Sauce,0,1.2778295539534767,0.0,0.005514313088911406,1.69
19283,Overclocked,0,3.99201709546749,0.0,0.0023961003303007897,0.0
19289,Reflex,0,1.4639381334669075,0.0005245901639344263,0.003380799096177826,0.79
19291,Perceptions of the Dead,0,4.8585625718593235,0.0,0.005317373335735998,0.0
19293,SAS,0,1.3386427180868068,0.0,0.00036105621415491364,11.39
19296,KARAKARA2,0,7.397554294231548,0.39396721311475413,0.010109573996337577,7.19
19298,東方天空璋 ～ Hidden Star in Four Seasons.,0,29.759889421496556,0.21665573770491806,0.13349232936073027,11.39
19299,This Is Not A Jumping Game,0,13.2612236062968,0.0,0.00022976304537130872,2.89
19304,A Sky Full of Stars,0,7.820045751205192,0.0,0.003774678602528641,13.99
19313,The Walking Zombie: Dead City,0,0.8465361914981887,0.0,0.0037418553103327396,2.09
19321,Speed Dating for Ghosts,0,8.549803722341482,0.009442622950819672,0.0005579959673303208,5.19
19333,Cypher,0,5.0871464667331985,0.0,0.0028556264210434063,3.99
19342,Chicken Farm 2K17,0,0.8569900673828367,0.02255737704918033,0.0035777388493532336,0.0
19343,Rapid Tap,0,4.289435324166006,0.0015737704918032788,0.007221124283098269,0.0
19344,OrbusVR: Reborn,0,1.5538004044374427,0.0,0.02428923622496691,34.99
19345,Nippon Marathon,0,4.2061725448953124,0.0,0.0010831686424647405,11.99
19353,Keplerth,0,1.973943032446701,0.0,0.005579959673303207,10.29
19361,Unforgiving - A Northern Hymn,0,2.100321112527865,0.0,0.012768260664205574,11.39
19362,Gray Dawn,0,2.8269648960621394,0.0,0.0034136223883737275,15.49
19376,Warm Village 暖暖村物语,0,1.1133631822854797,0.0,0.00016411646097950648,12.39
19378,Hero Plus,0,0.2509589905839745,0.0,0.00013129316878360492,0.0
19391,Treasure Hunter Simulator,0,0.5508000422483991,0.0,0.007024184529922862,13.49
19393,MY HERO ONE'S JUSTICE,0,1.833114720187297,0.0,0.02330453745908987,49.99
19394,STAND OUT : VR Battle Royale,0,1.3360914412024023,0.0,0.02809673811969145,19.49
19399,The Legend of Heroes: Trails of Cold Steel II,0,9.249688560071055,0.0,0.02652122009428819,29.99
19418,Rise of Legions,0,1.1295652007779315,0.0,0.013326256631535896,0.0
19433,7th Sector,0,2.8417373244503823,0.0,0.00036105621415491364,10.29
19442,樱之杜†净梦者 / Sakura no Mori † Dreamers,0,6.390402942339328,0.004721311475409836,0.007221124283098269,13.99
19443,Wild Wolf,0,0.5263852557252319,0.0,0.0007549357205057284,7.19
19454,DEAD DOZEN Escape,0,0.2501879213981753,0.0,0.013884252598866218,7.19
19455,PixelJunk™ Monsters 2,0,0.535864289033135,0.0,0.0002954096297631114,11.39
19465,Townsmen VR,0,1.0287574551540741,0.05613114754098361,0.0008534055970934322,7.19
19473,Diesel Railcar Simulator,0,7.884059608450438,0.0,0.0009846987658770367,12.39
19474,Last Anime boy: Saving loli,0,0.6596385907528689,0.0,0.0,0.79
19494,Egress,0,0.8136258415194145,0.0,3.2823292195901556e-05,11.39
19498,Shadow of the Tomb Raider,18,0.8901681409798997,0.3845245901639345,0.49694464384594456,44.99
19502,X-Blades,0,0.5594648746017438,0.17888524590163937,0.0803185960033703,6.99
19507,Fractured Lands,0,0.40388299320456983,0.0,0.009879810950966269,19.49
19518,VR Kanojo / VRカノジョ,0,1.522618543441693,0.0,0.01765893120139486,32.99
19521,TINY METAL,0,0.9653374184855167,0.0,0.0025930400834761965,19.99
19526,Dinosaurs A Prehistoric Adventure,0,0.2160167240190243,0.0,0.001969397531754074,0.0
19531,The Mammoth: A Cave Painting,0,3.4917241815988134,0.0015737704918032788,0.014179662228629328,0.0
19534,Forager,0,3.0079801570859273,0.30793442622950823,0.05826134364772467,14.99
19538,Two Worlds II HD,0,0.5182525486733633,0.2114098360655738,0.16428057744048563,14.99
19554,Ghoulboy - Dark Sword of Goblin,0,0.7785214684391717,0.0,0.0010831686424647405,5.79
19573,Cookies vs. Claus,0,2.497750773799884,0.0,0.00022976304537130872,2.09
19574,Two Worlds II Castle Defense,0,0.24925225799056835,0.17311475409836066,0.008107353172387602,6.99
19578,Chronicles of Vinland,0,0.2485706840178505,0.0,0.0002954096297631114,4.79
19581,Mhakna Gramura and Fairy Bell,0,20.99409754592878,0.0,0.005875369303066319,3.99
19582,STAY,0,0.8500663672614079,0.0,0.007943236711408097,9.29
19585,VoiceActress,0,2.8095065715683902,0.0,0.0028228031288475056,1.49
19588,Dungreed,0,2.595885366044661,0.4988852459016394,0.07578898168033592,7.19
19593,J.A.W.S,0,0.31823135275169373,0.007344262295081968,0.00078775901270163,0.0
19599,God's Basement,0,1.4826738966005486,0.0,0.004267027985467159,11.39
19606,Piggy Poggy Pog,0,0.7243558970421428,0.0,0.0005908192595262224,2.89
19610,Rolling Line,0,5.79294027574125,0.0,0.0063020721016130345,13.49
19618,忍者村大战2,0,0.26183819284327237,0.04354098360655738,0.0034136223883737275,0.0
19625,IL-2 Sturmovik: Cliffs of Dover Blitz Edition,0,0.7281436992619121,0.020459016393442626,0.013556019676907205,19.49
19628,High School Simulator,18,0.7145076111939254,0.0,0.00026258633756720984,0.0
19630,Six Days of Snow,0,1.6363071536818734,0.0,0.003807501894724542,0.0
19649,ONE PIECE World Seeker,0,0.471928784364917,0.0,0.010011104119749873,39.99
19652,LIV,0,5.371515716471579,0.0,0.0006892891361139262,0.0
19662,YouTube VR,0,0.17205843330203455,0.004721311475409836,0.007713473666036787,0.0
19663,Ring of Elysium,0,1.1036280054660401,0.06504918032786886,1.734284289754833,0.0
19664,Hades' Star,0,0.8898499154214263,0.0,0.007155477698706466,0.0
19670,Deployment,0,3.403089610117107,0.0,0.004595260907426171,5.19
19687,LINCH,0,0.6253454531212399,0.0,0.0018052810707745678,4.79
19690,Your Bunny Wrote,0,2.6349233247104835,0.0,0.00039387950635081477,1.69
19695,Atelier Lydie & Suelle ~The Alchemists and the Mysterious Paintings~,0,4.344712798593337,0.0,0.00938746156802775,49.99
19707,NVL,0,0.4904591114116879,0.0,0.0005251726751344197,1.69
19714,Paintball War,0,0.19486571242313103,0.005770491803278689,0.02428923622496691,0.0
19717,Wolf & Rabbit,0,10.39340280731738,0.0,0.0013457549800319503,1.69
19722,Aimtastic,0,8.343193480245121,0.018885245901639345,0.01847951350629239,0.0
19724,Truberbrook / Trüberbrook,0,0.9865665038140768,0.0,0.0054814897967155034,24.99
19725,qop 2,0,7.692018037098783,0.0,0.0008862288892893329,0.79
19732,Broken Reality,0,24.655690172905658,0.0,0.0031510360508065177,11.39
19739,Big Day,0,0.7650448666712778,0.0,0.0006236425517221235,7.19
19746,Mahlone One,12,0.28877689877675555,0.0,0.00187092765516637,0.0
19749,Away,0,0.8425353253003349,0.0,0.0016411646097950617,0.0
19755,茂伸奇谈 / Monobeno,0,22.287177459824626,0.0,0.008369939509954813,19.49
19756,E-Startup,0,0.8308964423045021,0.0,0.0002954096297631114,2.09
19761,Dragon Cliff,0,2.6110329856667702,1.4599344262295084,0.051171512533410006,7.19
19767,Shenmue I & II,0,4.2717084099464815,0.05508196721311476,0.022877834660543155,24.99
19768,Through the Ages,0,2.9771064882447145,0.0,0.012768260664205574,12.39
19770,AO International Tennis,0,0.8251756352780476,0.0,0.0030853894664147155,19.99
19773,Loot Box Quest,0,8.319353836719497,0.16524590163934427,0.0042013814010753575,0.79
19774,Sprout,0,8.940288250884544,0.007868852459016393,0.025569344620607056,0.0
19788,Kynseed,0,2.9346955336964933,0.0,0.008534055970934318,7.49
19792,Downtown Casino Poker Leagues : Texas Hold'em Poker Tournaments,0,0.7625180040318393,0.023081967213114757,0.0008205823048975307,0.0
19793,Ancient Warfare 3,0,1.773645974569032,0.0,0.00295409629763111,6.19
19804,Meow Go,0,0.6285188479078717,0.0,0.0028228031288475056,0.79
19806,Struckd - 3D Game Creator,0,0.5881005009565865,0.0,0.003643385433745036,0.0
19811,RIDE 3,0,0.7112107601786513,0.0,0.019595505440953034,39.99
19818,前程似锦 Excellent Expectations,0,2.838967494271618,0.0,0.014639188319371945,2.09
19820,HIBIKAKEYIRONOKISEKI / 裂色的奇迹 / ひびかけ色のキセキ,0,4.595768842762557,0.0,0.004890670537189282,0.0
19822,Sid Meier's Railroads!,0,0.6969880292797465,0.13272131147540986,0.05199209483830754,5.99
19827,Mutant Year Zero: Road to Eden,0,2.781347983390282,0.20878688524590167,0.18433560897218126,29.99
19831,BYTEPATH,0,28.944618599887335,0.0,0.0017396344863827647,1.69
19840,Cat Burglar: A Tail of Purrsuit,0,5.570415915426378,0.0,0.0039059717713122457,2.89
19842,KAKUSANKIBOU / 扩散希望,0,1.5741222638742813,0.0,0.0003282329219590125,2.09
19845,Deiland,0,1.245822625138812,0.0,0.005350196627931899,11.39
19855,Hello Charlotte EP3: Childhood's End,0,27.984410743129054,0.0,0.006433365270396639,2.09
19862,Railroad Tycoon 3,0,0.8375146307876472,0.024131147540983607,0.013391903215927698,5.99
19864,EARTHLOCK,0,1.9849364679461354,0.0,0.0021006907005376783,23.79
19866,Garden of Oblivion,0,2.90082703877152,0.0,0.0004267027985467159,0.0
19879,Navalny 20!8 : The Rise of Evil,0,4.502964064361712,0.0,0.015295654163289969,3.19
19884,Lamplight City,0,4.171255895523731,0.0,0.0018381043629704685,11.39
19887,Onimusha: Warlords / 鬼武者,16,5.0034360381756,0.029377049180327873,0.010667569963667897,15.99
19888,Beholder 2,0,1.9415521775793385,0.3614426229508197,0.03535068569498562,9.99
19897,Albion Online,0,0.4332072814024458,0.4469508196721312,0.10240867165121181,0.0
19900,Railroad Tycoon II Platinum,0,1.9135964471379632,0.6615081967213116,0.01319496346275229,2.99
19917,Russian Subway Dogs,0,22.415205173931035,0.0,0.0006236425517221235,11.39
19919,Depraved,0,1.2731740007551435,0.0,0.006367718686004838,19.49
19934,Fruity Smoothie,0,3.2933515692349946,0.0,0.0011816385190524443,0.0
19944,Long Live Santa!,0,1.9980886946003582,0.028852459016393446,0.061248263237551684,0.0
19968,Realm Revolutions,0,1.1483793095751045,0.7596065573770493,0.004037264940095851,0.0
19969,Maelstrom,0,2.2436610577619334,0.0,0.021236670050748092,15.49
19976,Shantae: Half-Genie Hero Ultimate Edition,0,2.890978753307386,0.0,0.0018381043629704685,23.79
19983,Deep Dark Fight,0,1.1139540796053695,0.0,3.2823292195901556e-05,2.09
19993,The Messenger,0,7.824313341636998,0.0,0.06026356447167465,15.49
19998,Fear the Night - 恐惧之夜,0,0.6488353639800293,0.0,0.014639188319371945,11.39
20000,X-COM: Terror From the Deep,0,4.567341636436521,0.04301639344262295,0.010404983626100688,2.99
20036,Change,0,6.40373916248673,0.16262295081967215,0.006072309056241726,3.99
20038,Light Bearers,0,2.222177260783793,0.054032786885245904,0.011947678359308045,0.0
20046,Leisure Suit Larry - Wet Dreams Don't Dry,0,3.155294034303384,0.5497704918032787,0.006236425517221231,25.99
20053,X-COM: Apocalypse,0,2.968278505054012,0.009442622950819672,0.012144618112483452,2.99
20060,A Light in the Dark,0,6.76595090417903,0.16262295081967215,0.02442052939375051,11.39
20062,Dying Light: Bad Blood,0,0.8873997380540937,0.05665573770491804,0.036466677629646255,15.49
20069,Russian Fishing 4,0,0.7069127469051956,0.31318032786885247,0.10060339058043725,0.0
20075,Gachimuchi Reloaded,0,7.820045751205192,0.0,0.000951875473681136,1.3
20079,Papich - The Game Ep.1,0,2.762951038816893,0.0,0.005744076134282714,1.69
20093,Dakar 18,0,0.5805838836220207,0.0,0.00994545753535807,39.99
20095,Wauies - The Pet Shop Game,0,0.4528857604783603,0.0,0.001969397531754074,0.0
20098,War Robots,0,0.25889983581540205,0.019409836065573772,0.05202491813050344,0.0
20107,Assault Spy / アサルトスパイ,0,2.1093358661328687,0.0,0.0008534055970934322,24.99
20121,New Dawn,0,0.7395565116881161,0.0,0.0013457549800319503,14.99
20132,MonteCrypto: The Bitcoin Enigma,0,0.2988559909397513,0.0,0.005908192595262219,1.69
20167,Odysseus Kosmos and his Robot Quest: Episode 1,0,1.3308270728214895,0.09495081967213116,0.00321668263519832,0.0
20170,Panzer Strategy,0,0.9753048069799538,0.0,0.006499011854788442,23.79
20171,Bad Dream: Fever,0,1.124778240829902,0.0,0.0025930400834761965,7.19
20177,One Deck Dungeon,0,1.5224066355538681,0.0,0.0015755180254032586,7.19
20182,PRO EVOLUTION SOCCER 2019,0,0.22682423408707145,0.0,0.12262781964388697,24.99
20192,The Dummy Experiment,0,0.5997241431492336,0.0015737704918032788,0.004431144446446666,0.0
20193,Goblin Gearshop,0,0.9763824812887439,0.00419672131147541,0.002035044116145876,0.0
20213,Iron League,0,0.8693474120804956,0.026229508196721315,0.018052810707745674,0.0
20221,Welcome to Light Fields,0,9.274074791548895,0.011016393442622952,0.002527393499084394,0.0
20223,Achievement Clicker 2018,0,0.5195115540109877,0.0,0.002035044116145876,0.79
20246,TOGETHER VR,0,0.7772150630168232,0.0,0.0018052810707745678,10.29
20249,Harvest Seasons,0,0.81180867388407,0.0005245901639344263,0.0047265540762097755,0.0
20267,Hero of the Kingdom III,0,1.25445057974921,0.0,0.00669595160796385,7.19
20279,MatchyGotchy,0,1.0287574551540741,0.0,0.0008534055970934322,0.0
20284,X-COM: Interceptor,0,0.35176242103372346,0.0,0.00036105621415491364,2.99
20293,Raceland,0,0.12335355668881015,0.023606557377049184,0.0022319838693212837,0.79
20299,Meow Motors,0,4.3419595143322764,0.0,0.00039387950635081477,11.39
20303,Refight:Burning Engine,0,0.8306257704640099,0.0,0.001378578272227852,0.0
20307,Game Dev Studio,0,2.1769780392977913,0.0,0.002527393499084394,7.19
20314,Delete,0,13.563834567261118,0.0,0.009879810950966269,1.69
20320,Freeman: Guerrilla Warfare,0,2.011011521836354,0.6625573770491804,0.1766877818905363,11.39
20322,Ostalgie: The Berlin Wall,0,6.0063197996360165,0.3005901639344263,0.006630305023572047,4.49
20328,Heaven's Vault,0,3.6475061553340935,0.0,0.0005579959673303208,19.99
20335,Citystate,0,0.8322931084176354,0.0,0.004857847244993382,11.9
20341,The Jackbox Party Pack 5,0,1.4217083182900323,0.0818360655737705,0.00672877490015975,23.79
20343,Megadimension Neptunia VIIR | 新次元ゲイム ネプテューヌＶⅡＲ | 新次元遊戲 戰機少女ＶⅡＲ,0,1.0204145390141213,0.0,0.010798863132451502,30.99
20345,"Species: Artificial Life, Real Evolution",0,1.0366418597517648,0.0,0.00452961432303437,15.49
20352,YUMENIKKI -DREAM DIARY-,0,0.7265102094034038,0.0,0.02218854552442923,15.49
20354,Project Winter,0,0.8330517909220824,0.0,0.005514313088911406,15.49
20360,Crusaders of Light,0,0.42522980116861775,0.8204590163934427,0.008369939509954813,0.0
20379,MotoGP™18,0,0.6647190555160579,0.0,0.006892891361139257,39.99
20381,Rise of Liberty,0,2.579559988880685,0.2748852459016394,0.025339581575235748,5.79
20383,X-COM: UFO Defense,0,6.0606060607108105,1.166688524590164,0.07224406612317859,2.99
20393,Gay World,0,1.1853192056240816,0.0,0.0010175220580729383,0.79
20401,永遠消失的幻想鄉 ～ The Disappearing of Gensokyo,0,2.276670334883524,0.37613114754098365,0.07605156801790314,8.29
20405,Abasralsa,0,0.8105283968697533,0.0,0.004398321154250763,0.79
20417,Sos i Pie Sos,0,0.790064950559521,0.0,0.003118212758610616,0.79
20419,X-COM: Enforcer,0,0.3526901577334313,0.0,0.0060394857640458256,2.99
20426,Blush Blush,0,3.0350099318211274,0.0,0.0038403251869204434,0.0
20430,KOEWOTAYORINI SP / 声之寄托SP,0,7.820045751205192,0.0,0.000951875473681136,1.69
20432,Tren0,0,1.9743003192607875,0.0,0.00187092765516637,2.09
20448,众生,0,1.584129820936032,0.0,0.005875369303066319,11.39
20452,Yet Another Research Dog,0,2.097206924925847,0.0,0.0064661885625925414,1.69
20456,WAR PARTY,0,1.6599430395639616,0.20931147540983608,0.003709032018136838,19.99
20462,Fluffy Horde,0,1.783260704067169,0.0,0.0010831686424647405,6.0
20476,Squirm,0,11.56485639256248,0.0,0.0008205823048975307,1.69
20479,Corpse Party: Book of Shadows,18,7.320737665690886,0.0,3.2823292195901556e-05,12.99
20491,Foto Flash,0,5.875624841269676,0.09285245901639345,0.005350196627931899,2.09
20494,Amorous,0,1.324198330501749,0.08445901639344262,0.1018178523916856,0.0
20508,A tractor,0,1.0985907538972368,0.0,0.00013129316878360492,0.0
20512,Daemonical,0,1.0636741045256557,0.0,0.003774678602528641,10.99
20525,Ninja Tycoon,0,0.9782064852199454,0.0,0.004825023952797479,3.99
20530,Full Ace Tennis Simulator,0,2.4703162633873146,0.0,0.0001969397531754076,19.49
20535,Scavenger SV-4,0,2.289248496277503,0.0,0.001378578272227852,11.39
20537,妄想症：Deliver Me,0,3.0190064674137953,0.07344262295081967,0.01739634486382765,1.69
20538,Ready Player One: OASIS beta,0,0.6538629043906525,0.01259016393442623,0.007352417451881874,0.0
20549,Space Between Worlds,0,9.134791893506213,0.0,0.007352417451881874,0.0
20550,Bejeweled® 3,0,8.085246016222198,0.08288524590163936,0.0884915957601497,4.25
20556,Freeways,0,1.270765955772233,0.0,0.000951875473681136,2.89
20560,Summer Funland,0,4.171255895523731,0.0,0.0018381043629704685,14.99
20563,Unruly Heroes,0,1.6021664298433473,0.0,0.00456243761523027,17.99
20584,DK Online,0,0.18806160465392902,0.0,0.010569100087080193,0.0
20601,"OH MY GOD, LOOK AT THIS KNIGHT",0,8.158404710271636,0.004721311475409836,0.02757156544455703,0.0
20602,Tech Support: Error Unknown,0,0.8500663672614079,0.0,0.00045952609074261744,8.99
20619,Oik 4,0,3.4380062594886884,0.0,0.00036105621415491364,0.79
20633,Re-Legion,0,0.4974171393480788,0.0,0.00039387950635081477,15.99
20641,Lake of Voices,0,6.283713180391945,0.0,0.002461746914692592,0.0
20647,Endless Road,0,1.0037554101147113,0.0,0.00669595160796385,7.99
20651,Armada: Modern Tanks,0,0.32116945282794157,0.006819672131147541,0.0021006907005376783,0.0
20652,Battle Tanks: Legends of World War II,0,0.5927251512093408,0.0,0.0075493572050572815,0.0
20653,Gazing from beyond,0,0.7552952014675294,0.0,0.008238646341171206,1.69
20655,Men of War™,0,2.4331675881917927,0.0,0.05977121508873613,3.99
20656,Bear With Me - Collector's Edition,0,2.5019714676799656,0.007868852459016393,0.0032495059273942215,7.18
20660,淑女同萌！/ HELLO LADY!,0,15.181639319813359,0.0,0.008730995724109725,23.79
20662,INSOMNIA: The Ark,0,0.6137405511132915,0.0,0.02035044116145876,29.99
20664,Forbidden Clicker Party,0,1.265583424754702,0.0,6.564658439180268e-05,2.09
20665,Aggressors: Ancient Rome,0,1.6599430395639616,0.0,0.001378578272227852,23.79
20668,Die pig die,0,0.11767253145794435,0.003672131147540984,0.006400541978200738,0.0
20683,牧剑：化神书(Tale Of Swords: Mystery Scroll),0,1.6134256047875555,0.05088524590163935,0.004956317121581084,4.79
20697,Workers & Resources: Soviet Republic,0,1.6370481499257652,0.0,0.051860801669523934,19.99
20699,Countryballs: Over The World,0,0.33042446849061363,0.007868852459016393,0.0027571565444557034,1.69
20700,CONFLICT OF NATIONS: WORLD WAR 3,0,0.3148535300964412,0.005770491803278689,0.006236425517221231,0.0
20705,Clawface,0,2.1830608039734307,0.0005245901639344263,0.0005251726751344197,0.0
20716,This Is the Police 2,0,1.195776436474981,0.20249180327868854,0.07726602982915148,13.99
20718,OF MICE AND SAND -REVISED-,0,1.5210822108708797,0.0,6.564658439180268e-05,8.99
20719,Moe Jigsaw,0,1.5664738549387105,0.0,0.006137955640633529,2.89
20720,Valthirian Arc: Hero School Story,0,0.6389502718283299,0.0,0.0023304537459089875,11.99
20723,Hexologic,0,8.933886865044794,0.0,0.0007221124283098269,1.99
20729,NecroVision,0,0.7130850809219625,0.059278688524590166,0.02327171416689397,3.99
20745,An Aspie Life,0,0.9751354581929225,0.0,9.84698765877038e-05,0.0
20751,SAO Utils: Beta,0,1.295822638174978,1.2878688524590165,0.029606609560702903,2.89
20754,Gleaner Heights,0,0.8719187354163672,0.0,0.003544915557157332,7.19
20776,Perfect Heist,0,0.5892631079548057,0.13534426229508198,0.0007549357205057284,3.99
20778,Super Ledgehop: Double Laser,0,14.311050862891157,0.0,0.0030197428820229123,0.79
20780,Usotsuki Game / 谎言游戏,0,1.216167226161191,0.0,0.003643385433745036,1.69
20789,Fable of the Sword,0,0.7254814154357698,0.0,0.0001969397531754076,1.69
20791,Fantasy Versus,0,1.5441271994330785,0.0,0.00942028486022365,4.99
20795,KOEWOTAYORINI / 声之寄托,0,3.4335723990803237,0.03567213114754099,0.017560461324807156,0.0
20797,Phoenix Wright: Ace Attorney Trilogy / 逆転裁判123 成歩堂セレクション,0,12.970251528328317,0.0,0.009321814983635946,29.99
20808,Construction Simulator 2 US - Pocket Edition,0,0.5310012207058802,0.0,0.004168558108879455,9.29
20811,Epic Roller Coasters,0,0.4794716580072011,0.0,0.001969397531754074,0.0
20813,Farming Simulator 19,0,1.2366627971854793,0.7312786885245902,0.24111990447109038,29.99
20822,Otaku's Fantasy 2,0,0.76424499662694,0.09809836065573771,0.01099580288562691,1.69
20829,Exiled Kingdoms,0,1.9885394992884446,0.0,0.0052189034591482945,5.79
20838,Stonies,0,0.2182585950461612,0.0,0.003052566174218814,0.0
20848,Psychonauts in the Rhombus of Ruin,0,3.1013099978833387,0.3179016393442623,0.000951875473681136,15.49
20849,ValeGuard,0,1.1981678648688887,0.0,0.0004923493829385186,10.29
20854,Meteor 60 Seconds!,12,9.858305156302826,0.024131147540983607,0.07414781707054086,0.0
20859,Horizon Source,0,0.27941640005610396,0.01259016393442623,0.05855675327748778,0.0
20862,Apartment of Love,0,0.5826581741809154,0.007868852459016393,0.0025602167912802958,1.69
20868,My Little Farmies,0,0.1959953685444546,0.0,0.001050345350268839,0.0
20888,Crypt- The Black Tower,0,1.2575217093264321,0.0,0.0009190521814852345,0.0
20896,DEAD OR SCHOOL,0,4.259890467005437,0.0,0.012374381157854763,11.39
20902,INFERNIUM,0,0.8809436395706661,0.0,9.84698765877038e-05,19.49
20921,THE QUIET MAN™,18,0.13838289713895782,0.0,0.00833711621775891,11.99
20924,Stormbound,0,0.7417261017245445,0.02832786885245902,0.009518754736811354,0.0
20928,World of Warplanes,0,0.5035949027641511,0.1615737704918033,0.010634746671471997,0.0
20929,Tick Tock: A Tale for Two,0,5.390888330936802,0.08498360655737705,0.025109818529864436,4.99
20932,Impossible Runner,0,0.5264669060401235,0.0005245901639344263,0.004628084199622072,0.0
20935,Valkyria Chronicles 4,0,2.689513822267528,0.0,0.04936623146263544,49.99
20937,Undead Horde,0,5.899630037688634,0.0,0.001050345350268839,11.39
20952,Fallen ~Makina and the City of Ruins~,0,2.0386799699935647,0.0,0.018939039597035006,11.39
20973,BombTag,0,1.9521088487081335,0.02675409836065574,0.026127340587937375,0.0
20979,"Just, Bearly",0,5.4515330377400755,0.0,0.005776899426478615,0.0
20980,Beneath The Surface,0,4.256607704928004,0.0,0.0003282329219590125,0.0
20984,7 Billion Humans,0,5.707588466336977,0.13849180327868854,0.012472851034442465,11.39
20997,BattleCON: Online,0,1.1394506628016974,0.0,0.003052566174218814,0.0
21003,Levelhead,0,8.460184322505405,0.0,0.001280108395640148,15.49
21017,Identity,0,0.19396694596262784,0.0,0.036072798123295446,23.79
21031,Swarmlake,0,7.905397560609464,0.0015737704918032788,0.022385485277604637,0.79
21044,Final Assault,0,47.95673416370126,0.031475409836065574,0.0008534055970934322,23.79
21047,SUPER BENBO QUEST: TURBO DELUXE,0,5.4881123849568345,0.0,0.00026258633756720984,3.99
21054,Call of Duty® 4: Modern Warfare®,0,4.028101886091295,0.7884590163934427,0.31004881808248297,19.99
21060,Outward,0,0.9858792384973504,1.214426229508197,0.11570210499055181,34.99
21071,SNK HEROINES Tag Team Frenzy,0,1.0366418597517648,0.0,0.0006236425517221235,32.99
21072,LET IT DIE,18,0.7275562260432398,0.07081967213114755,0.06413671295079099,0.0
21079,Clue/Cluedo: The Classic Mystery Game,0,1.9079088045386319,0.39868852459016396,0.0023304537459089875,11.99
21092,Friday the 13th: Killer Puzzle,0,5.905759024081915,0.028852459016393446,0.09863399304868317,0.0
21142,X Mushrooms(X蘑菇),0,1.2989819586189286,0.0,0.00013129316878360492,2.89
21149,GLAD VALAKAS SIMULATOR,0,9.713026954693262,0.0,0.00886228889289333,1.69
21154,Police Enforcement VR : 1-King-27,0,0.14081380313460537,0.0,0.0006236425517221235,6.19
21157,Please Love My Computer Game,0,1.0345768966519906,0.0,0.0004923493829385186,0.0
21177,How To Cope With Boredom and Loneliness,0,5.074980936997837,0.0,0.0047265540762097755,0.0
21180,HD Poker: Texas Hold'em,0,0.7325115085081431,0.0,0.003118212758610616,0.0
21198,MXGP PRO,0,0.78290597915678,0.0,0.004332674569858962,39.99
21204,Professional Fishing,0,0.5488603789763522,0.04459016393442623,0.014507895150588342,0.0
21206,SUPER DRAGON BALL HEROES WORLD MISSION,0,2.169591824719587,0.0,0.00830429292556301,39.99
21217,Natural Locomotion,0,4.3632974668753866,0.0,0.003282329219590122,9.99
21225,Zup! 8,0,9.889827131371268,0.1117377049180328,0.028490617626042266,0.79
21230,My Free Farm 2,0,0.23050039870058278,0.0,0.0037418553103327396,0.0
21236,SurvivalZ,0,0.5115957621388755,0.0,0.0010175220580729383,0.79
21237,Squidlit,0,5.009255479673517,0.0,0.0018381043629704685,1.69
21250,BREATHE,0,0.30966321755443915,0.002098360655737705,0.00617077893282943,0.0
21254,Counter-Strike: Condition Zero,0,3.1812876007299637,0.02255737704918033,0.4417686896646346,7.19
21255,Tomb Raider: Anniversary,16,1.885516884450549,0.14688524590163934,0.07395087731736545,6.99
21256,APOX,0,0.10269375555353358,0.05455737704918033,0.0019365742395581723,11.99
21268,Terraforming Mars,0,0.3214084324319967,0.0,0.010536276794884293,19.49
21284,Wayhaven Chronicles: Book One,0,7.43596260850188,0.0,0.0007549357205057284,3.99
21285,Fallen Hero: Rebirth,0,9.836482250397577,0.0,0.00022976304537130872,2.89
21313,Diabolic,0,3.957876371628965,0.0,9.84698765877038e-05,2.89
21326,UNDER NIGHT IN-BIRTH Exe:Late[st],0,6.045116076672875,0.10596721311475411,0.01500024453352686,30.99
21334,Drift Tuner 2019,0,0.3964387586427453,0.1799344262295082,0.001280108395640148,1.69
21339,Fate of the World,0,1.2282188145596047,0.06452459016393443,0.008107353172387602,6.99
21349,Hellbound: Survival Mode,0,2.5269783890389084,0.019409836065573772,0.03548197886376922,0.0
21367,Mother Simulator,0,2.2508401820071717,0.0,0.006597481731376146,1.69
21372,The Ditzy Demons Are in Love With Me,0,20.57709299088402,0.0,0.009288991691440046,19.49
21373,Muv-Luv,0,10.412606964452545,0.0,0.0004267027985467159,23.79
21374,Muv-Luv Alternative,0,12.04496032094162,0.0,0.005251726751344195,30.99
21380,Puzzle Bots,0,1.0480534984198844,0.0,0.001542694733207358,3.49
21382,Seek Or Die,0,1.0089713540611587,0.006295081967213115,0.0004267027985467159,0.0
21384,Gemini Rue,0,3.5441201390784793,0.05088524590163935,0.0402741795243708,6.99
21393,The Blackwell Legacy,0,2.9902899708169235,0.0,0.02806391482749555,3.99
21398,Blackwell Unbound,0,5.124351101306279,0.0,0.009551578029007256,3.99
21399,Blackwell Convergence,0,8.12182536343896,0.0,0.006958537945531059,3.99
21403,Blackwell Deception,0,10.840335918966355,0.1379672131147541,0.007319594159685973,6.99
21404,Disgaea 5 Complete / 魔界戦記ディスガイア5,0,1.6367292230314732,0.21718032786885247,0.028982967008980783,29.99
21418,Plane Mechanic Simulator,0,1.2510512380677212,0.0519344262295082,0.015623887085248983,9.29
21430,Creed: Rise to Glory™,0,1.811888018862804,0.0,0.00882946560069743,23.79
21437,Third Front: WWII,0,0.7223460425757667,0.0,0.006433365270396639,5.79
21447,P.A.S.,0,0.30506048731072205,0.0,0.016903995480889132,0.0
21463,Assetto Corsa Competizione,0,2.355841328947073,0.0,0.06308636760052215,34.99
21476,Putin VS ISIS,0,7.78163743693486,0.0,0.00022976304537130872,0.79
21478,Wrecked,0,1.2918985332976922,0.06504918032786886,0.06397259648981149,0.0
21483,RUSSIA BATTLEGROUNDS,0,0.9598583814271492,0.0,0.03242941268955041,0.79
21489,Achievements printer part 1,0,0.6346487399692038,0.0,0.0059738391796540224,0.79
21499,Her Lie I Tried To Believe,0,1.6458464734480214,0.0,0.023961003303007895,0.0
21508,Fei Duanmu VS Kobayashi 端木斐 VS 小林正雪,0,4.6993702167407845,0.0,0.00022976304537130872,4.79
21513,They Are Hundreds,0,0.511492235600425,0.0,0.0023961003303007897,0.79
21518,Victory At Sea Pacific,0,0.48143151598680817,0.0,0.005908192595262219,29.99
21544,Onii-Chan,0,0.47351426690325255,0.0,0.0006892891361139262,1.69
21549,Kane and Lynch: Dead Men™,0,0.5951447559425974,0.10963934426229509,0.060624620685829564,4.99
21551,Ultimate Racing 2D,0,3.147034181520205,0.0,0.00039387950635081477,6.99
21561,Runes of Magic,0,0.33042446849061363,0.0,0.0060394857640458256,0.0
21571,STAR WARS™ Episode I Racer,0,2.336191991411445,0.0,0.007385240744077775,7.19
21575,ZeroRanger,0,12.493057320890177,0.0,0.006663128315767949,9.29
21579,Cliff Empire,0,3.8788941002743313,0.0,0.0214336098039235,5.99
21585,BEKKOUAME,0,10.6046485358042,0.0,0.0004923493829385186,0.0
21586,Grimmwood - They Come at Night,0,0.7610631435613395,0.0,0.00347926897276553,11.39
21593,Protolife,0,1.8923625822787753,0.0,0.0026915099600639003,9.29
21616,Shining Resonance Refrain,0,1.2019977537671862,0.0,0.007647827081644985,44.99
21619,Radical Heights,0,0.48000321025662845,0.006819672131147541,0.3265917573492172,0.0
21620,Conflict: Denied Ops,0,0.27821899282065704,0.0,0.0030197428820229123,3.99
21627,Traum,0,6.209851037682564,0.0,0.004102911524487654,0.0
21646,NALOGI,0,1.4225792552382646,0.0005245901639344263,0.02008785482389155,1.69
21685,Shortest Trip to Earth,0,1.610701610706958,0.0,0.0030197428820229123,15.49
21690,Assassin's Creed® Odyssey,0,1.7082209539924313,1.8785573770491806,0.8271141400445149,49.99
21699,The King's Bird,0,2.9894616102532265,0.0,0.0005251726751344197,15.49
21729,Scheming Through The Zombie Apocalypse: The Beginning,0,3.3144550386354004,0.0,0.0008862288892893329,3.99
21732,Supraland,0,9.698305997671056,0.0,0.032232472936374996,15.49
21734,Sakura Sadist,0,2.067943447459706,0.08550819672131148,0.0012144618112483459,7.19
21736,Realm Royale,0,0.6195130019591139,0.05613114754098361,0.8844236082185585,0.0
21740,Tomb Raider: Underworld,16,1.0966509400645983,0.29639344262295086,0.07460734316128348,6.99
21751,Sekiro™: Shadows Die Twice,18,2.6821226775981035,1.160393442622951,0.8016432653004956,49.9
21753,Mini World: Block Art,0,1.1861033685882987,0.026229508196721315,0.007680650373840886,1.69
21755,Changed,0,4.5428485295993095,0.0419672131147541,0.04907082183287233,4.79
21782,Tiny-Tasy Town,0,1.36347567974059,0.0,0.0011816385190524443,9.29
21790,Green Hell,0,2.005949961261366,0.6363278688524591,0.10447653905955359,15.49
21794,Cardinal Cross,0,6.091671609040289,0.0,6.564658439180268e-05,9.29
21805,PIPE by BMX Streets,0,3.1903241280083274,0.0,0.03981465343362818,7.19
21811,JUMP FORCE,0,0.43611009153545893,0.1935737704918033,0.11097555091434204,49.99
21815,Space Hulk: Deathwing - Enhanced Edition,0,0.7492837510453284,0.12222950819672132,0.04713424759331415,34.99
21831,Kingdom Rush Origins,0,5.586299052730431,0.29062295081967215,0.035843035077924135,11.39
21832,The Flood,0,2.44680096924179,0.0,0.02087561383659318,0.0
21836,Hidden Paws,0,11.468835606886651,0.0,0.00078775901270163,2.09
21861,Battlestations Pacific,0,0.6748237441319328,0.06924590163934427,0.048250239527974796,6.99
21864,WWE 2K19,16,0.5043814074832892,0.0,0.03262635244272581,39.99
21880,Golfing Over It with Alva Majo,0,0.7779341853416548,0.0,0.019365742395581722,3.99
21887,Soul Smith of the Kingdom,0,0.577944715839822,0.0,0.0006236425517221235,5.19
21903,Indie Pogo,0,3.7018209434161458,0.0,0.0030853894664147155,11.39
21906,LEGO® The Incredibles,0,1.610701610706958,0.0,0.0024945702068884935,34.99
21935,Just Cause 2,18,3.9448001892120828,0.14268852459016396,1.2068139841667003,9.99
21936,Zanki Zero: Last Beginning,0,2.165488372602899,0.0,0.0007221124283098269,49.99
21943,Gothicc Breaker,0,4.094439266983069,0.0,0.0005908192595262224,1.69
21949,Fear The Wolves,0,0.32074170020007914,0.0,0.058425460108704176,16.99
21964,Picross Fairytale - nonogram: Red Riding Hood secret,0,1.49051232798239,0.0,0.004792200660601579,3.99
21976,Shrouded in Sanity: Freebirth,0,2.6053784675499148,0.0,9.84698765877038e-05,0.0
21991,Adventure of a Lifetime,0,8.626620350882146,0.3399344262295082,0.0005908192595262224,10.29
21994,女装妹妹从没少过麻烦,0,0.8970656481673286,0.03724590163934426,0.015197184286702267,1.69
22003,Desktop Mascot Engine,0,0.8069720715739295,0.0,0.002461746914692592,2.09
22018,Ria's Hook,0,1.7643348677882829,0.0,0.002363277038104888,2.09
22021,螢幕判官 Behind the Screen,0,2.2508401820071717,0.0,0.0010831686424647405,7.99
22023,My Sunny Resort,0,0.23597779418759843,0.0,0.00022976304537130872,0.0
22024,Floor Kids,0,2.001186139250019,0.0,0.0008862288892893329,15.9
22029,Who Am I: The Tale of Dorothy,0,6.019656019783418,0.0,0.0055471363811073066,2.09
22034,Steven Universe: Save the Light,0,2.378867896113581,0.0,0.006105132348437627,19.49
22043,Animal Jam - Play Wild!,0,0.06925995287064518,0.0,0.05209056471489524,0.0
22061,Fureraba ~Friend to Lover~,0,46.0363184501847,0.20616393442622952,0.0006892891361139262,23.79
22070,Wolf Tails,0,7.582817927703014,0.15108196721311476,0.008369939509954813,7.19
22073,Spinnortality | cyberpunk management sim,0,1.439997991898412,0.05036065573770492,0.001050345350268839,9.99
22076,Totally Accurate Battlegrounds,0,1.592714894968046,0.024655737704918034,0.8452325973366523,3.99
22089,Booty Calls,18,0.2794746639325195,0.0,0.01473765819595965,0.0
22090,Isoland 2 - Ashes of Time,0,31.249117456107204,0.18518032786885247,0.00213351399273358,2.09
22091,Battle Brawlers,0,0.4584521825970231,0.0,0.0017724577785786662,0.0
22102,Frightened Beetles,0,4.013104013188946,0.0,0.0031838593430024193,0.0
22106,Objects in Space,0,1.0373601079033636,0.0,0.005415843212323702,19.49
22108,Achievement Clicker 2019,0,0.6687834275570589,0.0,0.0006892891361139262,0.79
22111,KovaaK's FPS Aim Trainer,0,6.256278670363459,0.0,0.016739879019909625,7.19
22123,Pure Rock Crawling,0,2.460340077852577,0.0,0.004890670537189282,11.39
22132,Dude Simulator 2,0,0.2946958039816389,0.006295081967213115,0.01017522058072938,3.99
22145,STEINS;GATE 0,0,9.37449545126804,0.0,0.04116040841366013,27.79
22158,CONCLUSE,0,1.0478627915374537,0.0,0.003446445680569629,0.0
22167,I am not a Monster,0,1.7330138020027905,0.12013114754098361,0.017494814740415355,10.29
22188,Trash Story,0,0.896441731603744,0.00419672131147541,0.001050345350268839,0.79
22193,Destined,0,0.5691788546407037,0.0,0.006269248809417134,0.0
22200,One Ping Only,0,3.741986500669897,0.0,0.002789979836651604,0.0
22201,The Mirror Lied,0,4.466704466745336,0.0,0.0021663372849294806,0.0
22202,Treasure Hunter Claire,0,3.9152004669268283,0.08026229508196722,0.021269493342943993,15.49
22205,WIN THE GAME!,0,0.5036384347475451,0.002622950819672131,0.0008205823048975307,0.79
22221,NEKO-NIN exHeart 2,0,9.16433675066678,0.0,0.0016411646097950617,7.19
22230,The Stillness of the Wind,0,1.8393225292753737,0.0,0.0021663372849294806,9.99
22233,Blonde Driver,0,0.19888914581011755,0.0,0.0006892891361139262,0.79
22237,LEGO® DC Super-Villains,0,2.409483219110518,0.0,0.007910413419212194,34.99
22245,Fun Hospital,0,0.2811830400176933,0.0,0.0015098714410114564,0.0
22249,CryoFall,0,1.6485279810195392,0.0,0.00456243761523027,15.99
22274,Jets'n'Guns 2,0,10.7860211308843,0.0,0.005350196627931899,9.29
22276,Doodle Date,0,0.8147032135547713,0.0,0.0016411646097950617,1.69
22277,Bone: Out From Boneville,0,0.3682918204745212,0.0,0.0016083413175991602,0.0
22297,WARRIORS OROCHI 4 - 無双OROCHI３,0,2.179668225996085,0.6331803278688525,0.06672975303426719,54.99
22313,Out of the Park Baseball 20,0,4.974338830301936,0.0,0.0018052810707745678,30.99
22333,Telltale Texas Hold ‘Em,0,0.2905197263516635,0.0,0.0015098714410114564,1.99
22336,Hiveswap Friendsim,0,5.698859303898062,0.0,0.019792445194128438,0.79
22346,Star Valor,0,5.016238809471016,0.0,0.001378578272227852,8.29
22369,Strong Bad's Cool Game for Attractive People: Season 1,0,3.29554633016018,0.0,0.004693730784013875,22.99
22373,Goblin Walker,0,0.25527776662395846,0.0,0.0021663372849294806,2.09
22380,Fishing Sim World,0,0.5337626029759208,0.0,0.003774678602528641,14.99
22388,Yakuza Kiwami,0,4.744069547871227,0.6426229508196721,0.04808612306699529,14.99
22389,Circle Empires,0,2.1606388378292607,0.0,0.026028870711349673,5.79
22392,ATLAS,0,0.1487486105790296,1.875409836065574,0.8166435098340225,23.79
22397,La-Mulana 2,0,2.489437285726242,0.0,0.013227786754948194,19.49
22415,Dreadnought,0,0.35278955845076293,0.1495081967213115,0.08373221839174402,0.0
22431,Heaven Will Be Mine,0,9.740461464721749,0.0,0.0019365742395581723,11.39
22434,恋爱模拟器 Love Simulation,0,0.4939883922611846,0.6788196721311476,0.01765893120139486,1.69
22435,月夜下的紅茶杯 ~ Blacktea With Moon,0,8.703436979422808,0.0,0.008435586094346614,0.79
22448,【SCP】器関ノ彷徨 -The will of a single Tale-【DEMOver.】,0,2.842968360469472,0.0010491803278688525,0.003446445680569629,0.0
22474,Mary Skelter: Nightmares,0,3.4435194146526222,0.0,0.0030197428820229123,19.49
22496,Bloodstained: Curse of the Moon,0,7.587809432280939,0.064,0.05570112685644438,8.99
22497,Warlords Awakening,0,0.9307561032719175,0.0,0.010634746671471997,9.29
22499,太吾绘卷 The Scroll Of Taiwu,0,2.977438296135363,0.45796721311475413,0.6601092293517695,15.49
22500,DEAD OR ALIVE 6,0,0.6143519592411678,0.029901639344262296,0.07188300990902367,54.99
22515,Cereal Soup,0,0.2966765772087819,0.0,0.011717915313936737,0.0
22545,Shrinking Pains,0,1.4826738966005486,0.0,0.0006564658439180246,0.0
22549,Survisland / 实境求生,0,0.945569581314203,0.0,0.026389926925504584,11.39
22559,Geometry Wars: Retro Evolved,0,3.557961844904663,0.057180327868852465,0.01788869424676617,2.99
22560,Garden Paws,0,2.964137446972739,0.0,0.006892891361139257,15.49
22564,Magic Scroll Tactics / マジックスクロールタクティクス / 魔法卷轴 / 魔法捲軸,0,1.6838603047563943,0.0,0.0005251726751344197,9.29
22566,Battle Royale: Survivors 究极求生:大逃杀,0,0.2638342022646032,0.0,0.0160834131759916,3.99
22567,武侠乂 The Swordsmen X,0,0.3463935167438609,0.43436065573770494,0.09019840695433656,22.49
22578,Mushroom Heroes,0,1.783260704067169,0.0,0.0010831686424647405,0.0
22589,Sword Art Online: Lost Song,0,1.2778295539534767,0.0,0.005514313088911406,15.99
22591,Outlaws of the Old West,0,0.7015668046419363,0.0,0.06896173690358846,15.49
22606,Trap,0,2.210410377471657,0.0,0.0010175220580729383,0.0
22607,Together,0,1.0623564950139512,0.0,0.0035120922649614313,0.0
22611,NBA 2K19,0,0.09336721208719587,1.470426229508197,0.36345231448521426,39.99
22615,The Great C,18,3.612589505962512,0.0,0.0005251726751344197,4.79
22622,Siralim 3,0,8.889991648845584,0.0,0.013457549800319503,11.39
22637,Wild West Saga: Idle Tycoon Clicker,0,0.7187283050740066,0.0,0.0057112528420868135,0.0
22643,Zimbo,0,0.1917277781126492,0.0,0.0005908192595262224,0.79
22644,A Walk in the Woods,0,0.19909281319411573,0.002098360655737705,0.005153256874756491,0.0
22658,Märchen Forest: Mylne and the Forest Gift,0,2.3660651248181654,0.0,0.0015098714410114564,7.19
22661,The MISSING: J.J. Macfield and the Island of Memories,0,3.963643385777902,0.0,0.010634746671471997,23.99
22673,The Bard's Tale Trilogy,0,8.032302224824605,0.0,0.01047063021049249,11.39
22677,Super Animal Royale,0,11.842811298648126,0.11645901639344264,0.036597970798429864,10.29
22693,Dissimilated Land,0,1.3054047536371356,0.0,0.0005908192595262224,9.29
22703,WIN THE GAME: DO IT!,0,0.4430888568888907,0.0,0.002363277038104888,0.79
22724,Cave Digger,0,1.7343145763821837,0.005245901639344262,0.0021006907005376783,0.0
22729,Hypnospace Outlaw,0,34.590640797626016,0.0,0.011685092021740836,15.49
22732,Heart of the Woods,0,28.56053545718402,0.0,0.0016739879019909624,11.39
22737,Tower Hunter: Erza's Trial,0,1.3368195387821127,0.009442622950819672,0.008698172431913825,12.39
22739,Fortissimo FA,0,2.041340286161767,0.0,0.003709032018136838,7.19
22740,Fox Hime Zero,0,12.306835191036438,0.029901639344262296,0.044639677386425665,1.69
22746,The Awesome Adventures of Captain Spirit,0,4.597375124171237,0.03409836065573771,0.2837245377413702,0.0
22782,BlackFaith,0,0.15484360330968305,0.0,0.010897333009039206,3.99
22783,Touhou: Scarlet Curiosity | 東方紅輝心,0,4.910615945227606,0.03514754098360656,0.01500024453352686,12.99
22792,The friends of Ringo Ishikawa,0,2.591277512899986,0.0,0.008107353172387602,11.39
22806,Moss,0,4.379996733999541,0.03567213114754099,0.015656710377444885,23.79
22815,Diner Bros,0,2.3032151558725023,0.0,0.00187092765516637,7.19
22817,The Chronicles of Quiver Dick,0,7.353659078032337,0.0,0.001378578272227852,2.09
22824,Super Lucky's Tale,0,2.615719167575318,0.0,0.0019365742395581723,14.99
22825,Sunset Overdrive,16,3.340010261725541,0.15737704918032788,0.08517644324836367,14.99
22855,Bitcoin Trading Master: Simulator,0,1.5924119374826615,0.0,0.0015755180254032586,3.99
22856,Katamari Damacy REROLL,0,3.6481081664837998,0.05508196721311476,0.016969642065280933,15.99
22858,Subnautica: Below Zero,0,3.287293842939428,0.1516065573770492,0.14665446953128666,15.49
22910,EVE Online,0,1.0743143122016556,0.12065573770491804,0.36266455547251264,0.0
22911,Noel The Mortal Fate S1-7,0,10.962544191574848,0.0,0.01815128058433338,11.39
22922,Escape First,0,0.911015265609203,0.10491803278688526,0.0016739879019909624,4.79
22925,Starting The Game,0,4.198690405552218,0.0,0.0022648071615171844,0.79
22935,Streamers Company Tycoon 主播经纪公司,0,0.34176869634227436,0.1820327868852459,0.012505674326638365,7.19
22945,Survival: Last Day,0,0.22142790088365585,0.0,0.009223345107048244,2.89
22946,Touhou Luna Nights,0,16.32876763909786,0.08288524590163936,0.10418112942979048,13.99
22947,Idle Racing GO: Clicker Tycoon,0,0.2005935470188475,0.0,0.0005908192595262224,0.0
22958,Mini-Dead,0,7.798707798662082,0.0,0.00938746156802775,0.0
22963,LUMINES REMASTERED,0,6.750099853564799,0.3624918032786886,0.0010175220580729383,9.99
22972,Gal*Gun 2,0,4.143821385495244,0.28275409836065574,0.007680650373840886,29.99
22974,Battle Royale Tycoon,0,1.224618035096761,0.01416393442622951,0.0058097227186745155,7.19
22981,RetroMaze,0,12.365029606399684,0.0,0.003282329219590122,0.79
22998,Away From Earth: Mars,0,0.55233917324899,0.0,0.004332674569858962,0.79
23013,Adeptus Titanicus: Dominus,0,2.1172460453980166,0.0,0.0017396344863827647,11.39
23027,Quarantine Circular,0,3.695724385546686,0.0,0.004135734816683554,4.79
23028,Equilinox,0,7.758447511526097,0.0,0.03384081425397416,7.5
23034,Maximum Action,0,2.606819680010022,0.0,0.007385240744077775,11.39
23057,Pamali: Indonesian Folklore Horror,0,3.0858035355263316,0.0,0.003643385433745036,3.49
23083,Zeliria Sanctuary,18,2.1411021411250593,0.0,0.004431144446446666,7.19
23084,My Brother Rabbit,0,14.387867491431821,0.0,0.003052566174218814,11.39
23092,Superfighters Deluxe,0,3.280881337508614,0.0,0.010700393255863798,7.5
23102,Dark SASI,0,0.5096632685468535,0.0,0.0015755180254032586,5.19
23114,One-Way Ticket  / 单程票,0,0.6726076320248443,0.0,0.007155477698706466,3.99
23121,Cube - The Jumper,0,0.1487635226070451,0.0,0.0004267027985467159,1.69
23132,Vカツ / V-Katsu,0,7.155286465668517,0.0,0.005153256874756491,0.0
23159,ISLAND,0,19.630602389332026,0.0,0.010437806918296589,30.99
23169,Lagoon Lounge : The Poisonous Fountain,0,9.100322893421534,0.0,0.0016083413175991602,10.99
23182,Nature Calls,0,3.2344677426825026,0.044065573770491806,0.009584401321203157,5.19
23187,Idle Heist,0,0.08065260899760313,0.004721311475409836,0.003938795063508147,0.0
23192,Nova Drift,0,27.088216743616023,0.0,0.003774678602528641,11.39
23202,Last Tide,0,0.8491219602010573,0.0,0.03091954124853895,19.49
23204,Scalak,0,24.297212573177262,0.0,0.007286770867490071,1.69
23206,Dawn of Man,0,1.446224079887333,0.3430819672131148,0.11038473165481581,19.49
23212,Flowers -Le volume sur ete-,0,69.84947329779003,0.0,0.002724333252259802,15.49
23216,Turbo Tunnel,0,2.5251852838283706,0.0,0.00026258633756720984,0.0
23223,Seeking Dawn,0,0.9812320156782993,0.0,0.005448666504519603,23.79
23236,Deep Space Waifu: FANTASY,18,11.125904229418111,0.0,0.02438770610155461,1.69
23249,RACE 07,0,1.804950556658289,0.11436065573770493,0.06341460052248116,2.49
23282,KURSK,0,0.32530336004926386,0.0,0.0016083413175991602,15.99
23295,Factory Town,0,2.8295956024927045,0.0,0.01710093523406454,15.49
23296,Hentai 3018,0,0.9526391596699787,0.04511475409836066,0.0026586866678679996,0.79
23299,Mark of the Ninja: Remastered,16,6.500270696932644,0.1516065573770492,0.024584645854730018,15.49
23303,DemonsAreCrazy,0,0.2410585888782069,0.0,0.008435586094346614,0.0
23318,Nefertari: Journey to Eternity,0,9.16433675066678,0.0,0.0008205823048975307,0.0
23334,Rocket Valley Tycoon,0,0.7038386349223705,0.025704918032786888,0.00022976304537130872,0.0
23335,Kidz,0,2.890978753307386,0.0,0.003544915557157332,0.0
23357,The Spiral Scouts,18,7.278837686521806,0.0,0.0039716183557040475,7.19
23361,Ding Dong XL,0,43.34773645126152,0.0,0.0042013814010753575,0.79
23362,OK/NORMAL,0,1.446094549767872,0.0,0.00347926897276553,2.99
23367,关于我被小学女生绑架这件事,0,2.6545811232136622,0.011540983606557378,0.06384130332102787,0.0
23390,HITMAN™ 2,0,2.311646055474287,0.2696393442622951,0.40930645368288826,44.99
23392,Super Seducer 2 : Advanced Seduction Tactics,0,1.7785217226330772,0.11698360655737707,0.0107332165480597,10.29
23394,Starcom: Nexus,0,5.622236656932705,0.0,0.001378578272227852,13.49
23410,Marble It Up!,0,6.744612951635919,0.00419672131147541,0.0028556264210434063,15.49
23417,qop 3,0,6.219699323146698,0.0,0.00013129316878360492,0.79
23429,Radiant One,0,1.7935983456385072,0.0,0.0007221124283098269,2.89
23437,HellCat,0,2.404473439088497,0.0,0.00036105621415491364,1.69
23440,"150,000 B.C.",0,0.10265423262998313,0.0,0.004660907491817974,0.79
23445,AHEGAL,0,2.7342551720937824,0.009442622950819672,0.012440027742246564,0.79
23459,PLAYNE : The Meditation Game,0,10.060530750179813,0.0,0.0021006907005376783,8.99
23469,BQM - BlockQuest Maker-,0,1.7794654160669485,0.0,0.0008862288892893329,7.99
23485,What Never Was,0,8.927977893766315,0.0,0.059147572537014005,0.0
23490,VR Flush,0,6.71580671593317,0.0,0.006499011854788442,0.0
23509,Remyadry,0,2.7473379031282477,0.0,0.007877590127016294,7.19
23545,Project Hospital,0,1.5543694166998612,0.007344262295081968,0.035022452773026604,24.99
23553,killer7,0,13.773334463106522,0.0,0.01129121251539002,15.49
23572,DEEP SPACE WAIFU: NEKOMIMI,18,23.11935760209241,0.0,0.008796642308501528,1.69
23603,Stoneshard: Prologue,0,3.2714039611353884,0.05298360655737706,0.05218903459148294,0.0
23605,Feather Of Praying 羽翼的祈愿,0,6.859837894446913,0.0,0.00045952609074261744,1.69
23625,SimpleRockets 2,0,2.317316110522431,0.0,0.008960758769481034,11.39
23627,The Miskatonic,0,2.099950375890288,0.09337704918032788,0.002789979836651604,4.79
23647,FIGHTING EX LAYER,0,2.1183977190854955,0.0,0.003052566174218814,30.99
23656,Lovecraft's Untold Stories,0,3.5097793720644903,0.0,0.002789979836651604,11.39
23668,Ultimate Custom Night,0,6.860733193020719,0.0419672131147541,0.2642931487613967,0.0
23674,Gladiabots,0,7.1158933230438155,0.0,0.0044639677386425665,13.49
23675,DERE EVIL .EXE,12,3.3817516575739974,0.0,0.0025930400834761965,0.79
23676,BattleRush 2,0,0.8779472464276838,0.0,0.01257132091103017,5.79
23680,Freezeer,0,0.9325007464078409,0.0,0.001050345350268839,0.79
23684,Nick Beard: The Fedora of Destiny,0,2.584825523338019,0.0,0.0026586866678679996,0.0
23702,Football Manager 2019,0,1.07984566023181,2.3360000000000003,0.12692767092155002,37.99
23703,Football Manager 2019 Touch,0,0.6134330998551373,0.0,0.00013129316878360492,21.99
23710,SharpShooter3D,0,2.7774057808993953,0.0,0.013752959430082612,5.99
23712,ЕСТЬ ДВА СТУЛА,18,1.6629578206874005,0.0,0.014310955397412934,0.79
23713,Teleportals. I swear it's a nice game,0,7.884059608450438,0.0,0.003118212758610616,0.79
23715,SurvivalZ Battlegrounds,0,0.658300322177085,0.0,0.004398321154250763,0.79
23716,The King's Request: Physiology and Anatomy Revision Game,0,4.6993702167407845,0.0,0.00022976304537130872,0.0
23717,Hentai Memory,0,3.7314187483583514,0.020459016393442626,0.018807746428251403,0.79
23720,樱花片落恋模样 This is a very sweet love story.,0,9.996516893318653,0.2014426229508197,0.0020678674083417776,23.79
23748,To the Core,0,0.6928691243459781,0.0,0.0035777388493532336,0.0
23756,MU Legend,0,0.27006854612067654,0.09337704918032788,0.06023074117947874,0.0
23762,Dinosaur Hunt Puzzle,0,1.0274642460603427,0.0,9.84698765877038e-05,0.0
23765,XXX Puzzle,0,0.5996109446290835,0.0,0.007089831114314665,0.0
23800,Scorch,0,1.8356151628995987,0.0,0.0039059717713122457,0.0
23801,Furious Seas,0,5.81732650721909,0.0,0.00045952609074261744,15.49
23807,Rehtona  幻境双生,0,13.773334463106522,0.0,0.00036105621415491364,10.29
23812,Occupy White Walls,0,3.7743699815250027,0.0,0.007516533912861381,0.0
23822,Revelation Online,0,0.3259322681573711,0.3598688524590164,0.007877590127016294,0.0
23830,Aground,0,22.863302173879593,0.0,0.0026915099600639003,7.19
23837,Climb,0,0.9299688864626326,0.0,0.0063020721016130345,0.0
23849,Zero Caliber VR,0,1.165387822009773,0.0,0.015623887085248983,21.99
23855,18+,0,0.6889020682190102,0.0,0.001050345350268839,0.79
23870,Pixel Hentai Mosaic,0,2.10680900349343,0.0,0.0001969397531754076,0.79
23891,SIMULACRA: Pipe Dreams,0,3.35011262510207,0.0,0.006105132348437627,0.0
23895,东方大战争 ~ Touhou Big Big Battle,0,2.001937139707529,4.542426229508197,0.03403775400714957,4.79
23898,Woodpunk,0,1.269294372705783,0.0,0.0006564658439180246,11.99
23906,GARAGE: Bad Trip,18,1.9307708965491068,0.0005245901639344263,0.00036105621415491364,11.39
23913,Hentai Girl,0,3.9254426841936105,0.05350819672131148,0.16451034048585694,0.79
23919,GTR 2 FIA GT Racing Game,0,4.123245502685817,0.0,0.00295409629763111,4.99
23926,Battlerite Royale,0,0.5784642485913817,0.4259672131147541,0.14652317636250306,0.0
23940,Lucy Got Problems,0,8.999729689343612,0.0,0.002363277038104888,7.99
23947,Battle Simulator,0,0.48754939047068807,0.0,0.0001969397531754076,0.79
23951,Civilization IV: Beyond the Sword,0,8.070281738304176,0.05665573770491804,0.044705323970817466,5.99
23960,Lingering Fragrance,0,3.9975039977804543,0.0,0.012636967495421971,2.89
23962,与雾雨魔理沙一起偷重要的东西 ~ Happy Stealing with Kirisame Marisa,0,5.42825527174841,0.0,0.0022319838693212837,0.79
23975,War Rock,0,0.24195587930719267,0.0,0.0070570078221187625,0.0
23978,Pummel Party,0,1.6634189048185533,0.14059016393442625,0.05166386191634852,11.39
23979,爱上火车-Pure Station- / Maitetsu:Pure Station,0,13.081984806240563,0.0005245901639344263,0.025602167912802957,19.49
23992,The LEGO Movie 2 Videogame,0,0.962303187007648,0.0,0.0004267027985467159,24.99
24000,The Slater,0,1.36347567974059,0.0,0.0011816385190524443,11.99
24006,Depression The Game,0,1.0171185721582414,0.0,0.0008205823048975307,1.69
24010,Monster Energy Supercross - The Official Videogame 2,0,0.6201714007390842,0.0,0.00187092765516637,39.99
24014,Google Spotlight Stories: Age of Sail,0,56.79064644587743,0.0,0.0016083413175991602,0.0
24015,Reentry - An Orbital Simulator,0,9.26035753634261,0.0,3.2823292195901556e-05,15.49
24027,Age of Fear: The Free World,0,2.3316997910782025,0.0,0.0012144618112483459,0.0
24038,東方幕華祭 TouHou Makuka Sai ~ Fantastic Danmaku Festival,0,10.444613892883126,0.2979672131147541,0.010667569963667897,6.19
24040,天命奇御 Fate Seeker,0,4.661467274844708,0.7522622950819673,0.09607377625740288,15.8
24043,The Moment We Met,0,0.7364552192935313,0.0,0.00022976304537130872,1.69
24044,Visitor 来访者,0,1.6832128826885593,0.0099672131147541,0.017199405110652242,2.89
24050,360 No Scope Arena,0,3.137889345100098,0.0,0.009551578029007256,0.99
24064,RESIDENT EVIL 2 / BIOHAZARD RE:2,18,8.860643103108663,0.44222950819672135,0.8509438501787392,44.99
24068,Cadria Item Shop,0,0.9692954386724694,0.0,0.00886228889289333,0.0
24074,Spring of Decadence / 堕落之春,0,1.3782032817852479,0.0,0.0161162364681875,1.69
24076,PUGNite,0,0.4584521825970231,0.0,0.0008534055970934322,0.79
24080,Akane,0,20.350758281900735,0.0,0.010930156301235108,3.99
24097,Cuisine Royale,0,1.1977215245373354,0.02832786885245902,0.41098044158487923,0.0
24112,七人杀阵 - Seven Sacrifices,0,1.6267050751142904,0.19934426229508198,0.00942028486022365,5.19
24113,Capcom Beat 'Em Up Bundle / カプコン ベルトアクション コレクション,0,2.3108531730545643,0.0,0.004234204693271258,15.99
24129,Lynne,0,1.5338849821662959,0.0,0.011882031774916244,0.0
24135,The Witch's House MV,0,17.182072354598414,0.0,0.008763819016305626,11.39
24139,Hentai Temple,0,0.9549260667500964,0.018360655737704918,0.01230873457346296,0.79
24144,PokerStars VR,0,3.1435739730308425,0.0,0.008041706587995799,0.0
24156,Outside the Lines,0,2.154819396331344,0.0,0.0011488152268565427,0.0
24168,Nelke & the Legendary Alchemists ~Ateliers of the New World~ / ネルケと伝説の錬金術士たち ～新たな大地のアトリエ～,0,2.0347934142365594,0.0,9.84698765877038e-05,49.99
24170,Chef: A Restaurant Tycoon Game,0,0.9804113252549617,0.0,0.0030197428820229123,15.49
24172,Dragon Spear,0,0.6978886289690898,0.0,0.016903995480889132,11.39
24174,BioShock Infinite,18,7.879865252687784,0.27226229508196725,2.730504031192631,19.99
24175,Asterix & Obelix XXL 2,0,1.2586253968183112,0.0,0.0001969397531754076,24.99
24181,Element: Space,0,0.9022815921137759,0.0,0.00187092765516637,19.49
24186,President Yukino,0,1.5398777688363432,0.0,0.004660907491817974,11.39
24206,Freedom Force,0,0.45077051974295695,0.00839344262295082,0.008107353172387602,2.99
24209,Metal Fatigue,0,6.731810180340504,0.0,0.00039387950635081477,4.79
24211,TREE,0,6.17516794427698,0.0,0.03571174190914053,0.0
24214,Dabman: When the Haters Dab Back,0,3.211048038765451,0.0,0.0010831686424647405,2.09
24232,Sabbat of the Witch,0,99.99999999999999,0.0,0.013884252598866218,23.79
24238,Freedom Force vs. the Third Reich,0,1.6061291923048633,0.012065573770491804,0.0016083413175991602,2.99
24255,Virtual Virtual Reality,0,9.356378322018438,0.06452459016393443,0.00508761029036469,11.39
24256,SENRAN KAGURA Burst Re:Newal,0,2.20652289645836,0.044065573770491806,0.008468409386542515,34.99
24259,The Caligula Effect: Overdose,0,2.5167438960682085,0.0,0.0,49.99
24264,UnHolY DisAsTeR,0,2.6644681818710523,0.0,0.00016411646097950648,10.29
24279,Uncharted Waters Online,0,0.566111851652767,0.0,0.0004923493829385186,0.0
24282,Almost Alive,0,2.8608545850790104,0.0,0.0015098714410114564,9.29
24293,FROSTBITE: Deadly Climate,0,2.465474879242047,0.0,0.005153256874756491,0.0
24296,Glitch,0,0.3355455769319634,0.0,0.006630305023572047,0.0
24310,pla_toon,0,2.061057923282246,0.0,0.014868951364743253,0.0
24319,Love's Sweet Garnish,0,21.91589708841673,0.0,0.006269248809417134,10.29
24346,懒人修仙传,0,0.8924973601953502,37.69547540983607,0.015361300747681774,2.89
24350,Slay Together,0,1.3180668352773794,0.0,0.001969397531754074,0.0
24353,Mojo: Hanako,0,1.5941819059087654,0.0,0.01824975046092108,0.0
24355,Play With Kizami,0,0.541293644936994,0.015737704918032787,0.005251726751344195,2.09
24357,Seed of Evil,0,1.2522240109785616,0.0,0.0024945702068884935,10.29
24365,Sid Meier's Civilization® V,0,8.85168686072962,0.9426885245901641,4.414568683887736,19.99
24366,Slave's Sword,0,1.6052536229298469,0.0,0.004923493829385183,11.39
24367,Slave's Sword 2,0,1.5134005480168136,0.0,0.0008862288892893329,11.39
24368,Music Racer,0,4.527038174898548,0.011016393442622952,0.03702467359697658,1.69
24377,Catherine Classic,18,2.1501980749271876,0.18622950819672132,0.038075018947245416,14.99
24380,Meridian 59,0,2.4703162633873146,0.0,0.0001969397531754076,0.0
24387,Creative Destruction,0,1.4196256431961323,0.09337704918032788,0.17560461324807156,0.0
24395,Project Warlock,0,2.7242449859829203,0.09967213114754099,0.00833711621775891,10.0
24398,Viki Spotter: Camping,0,11.56485639256248,0.0,0.0008205823048975307,0.0
24436,JJBoom,0,4.378069895263629,0.0,0.0020678674083417776,3.99
24437,Endless Battle,0,0.32793042229897085,0.0,0.0067944214845515535,0.0
24441,Leaflet Love Story,0,3.6975533529843405,0.0,0.007319594159685973,2.09
24455,Armajet,0,1.6921737924459537,0.0,0.0007221124283098269,0.0
24462,美丽新世界i Brave New World i,0,0.960900570678468,0.004721311475409836,0.003052566174218814,2.89
24472,Evil Bank Manager,0,1.3085930477770393,0.0,0.017461991448219454,9.29
24483,Lucah: Born of a Dream,0,61.015561015613855,0.0,0.001969397531754074,15.49
24488,MilMo,0,1.182390712235399,0.0,0.004332674569858962,0.0
24495,VR Paradise,0,1.006410799648442,0.0,0.002888449713239308,19.99
24503,Paratopic,0,1.9435736678445228,0.0,0.005875369303066319,4.79
24508,Triggerun,0,0.8081864264780482,0.0,0.0010831686424647405,0.0
24510,Coloring Pixels,0,9.795940140719303,0.8083934426229509,0.036072798123295446,0.0
24524,Reigns: Game of Thrones,0,1.352581219394365,0.08970491803278689,0.015689533669640786,2.99
24530,Uventa,0,0.42848824963086873,0.0,0.0001969397531754076,3.99
24535,Hotel Remorse,0,1.2106150039803971,0.0,9.84698765877038e-05,0.0
24552,The Shapeshifting Detective,0,2.1854643279136687,0.0,0.00725394757529417,9.99
24576,GOD EATER 3,0,1.2325414583168357,0.7202622950819673,0.07693779690719246,39.99
24582,"So, uh... a spaceship crashed in my yard.",0,9.61243375061534,0.0,0.00187092765516637,0.0
24585,Spaceball!,0,0.901358869619496,0.0,0.000951875473681136,0.0
24588,NEKOPARA Extra,0,20.170305426141145,0.21613114754098361,0.04779071343723218,3.99
24590,Spear of Destiny,0,2.080136563198626,0.0,0.0044639677386425665,2.49
24591,Meeple Station,0,1.3682661521289592,0.0,0.0039716183557040475,14.99
24600,Return to Castle Wolfenstein,0,4.238052963636267,0.02518032786885246,0.10700393255863799,3.99
24603,Farming Simulator 2011,0,1.8554604761702091,0.0,0.010043927411945774,7.19
24604,QUAKE Mission Pack 2: Dissolution of Eternity,0,3.6079339527641787,0.04773770491803279,0.0019037509473622716,2.49
24617,AXIOM SOCCER,0,0.8242456520760382,0.0,0.0012472851034442465,0.0
24624,QUAKE Mission Pack 1: Scourge of Armagon,0,6.003037037558583,0.0797377049180328,0.003873148479116345,2.49
24630,Initial 2 : New Stage,0,0.8363801467412199,0.0,0.008041706587995799,19.49
24631,My Holiday,0,13.197209749051554,0.0,0.001378578272227852,3.99
24643,东方试闻广纪 ~ Perfect Memento of Touhou Question,0,9.02030557215304,0.0,0.0161162364681875,0.0
24655,21+,0,0.3895141828117513,0.0,0.00039387950635081477,0.79
24656,DOOM 3,0,2.6359448222506554,0.20668852459016396,0.09548295699787666,0.0
24667,IQ Test,0,0.10424217330043198,0.0,0.0008862288892893329,0.0
24672,Conqueror's Blade,0,0.36964998110034897,0.0,0.012932377125185081,11.39
24674,NASCAR Heat 3,0,0.7063356293362166,0.0,0.0013129316878360488,30.99
24678,Combat Arms: Reloaded,0,0.322404170668037,0.0,0.024715939023513624,0.0
24680,纸境英雄 Papercraft,0,2.850009884624338,0.0,0.0037418553103327396,13.99
24682,魔物讨伐团,0,0.7974346534034207,0.0,0.006006662471849923,10.29
24689,女神驾到(Happy together),0,0.13926788115996824,0.0,0.01811845729213748,5.19
24691,HeXen II,0,1.6500947537157444,0.005245901639344262,0.0036762087259409374,2.99
24702,Tunche: Arena,0,2.4512313867288635,0.0,0.0023961003303007897,0.0
24709,Return.,0,4.16386968132961,0.0,0.01716658181845634,0.0
24724,The Navigator,0,24.52766245879925,0.0,0.0009846987658770367,0.0
24728,Phantom Thief Celianna,0,1.013238944492964,0.0,0.0011816385190524443,10.29
24732,eSports Legend / 电竞传奇,0,0.6003207310449655,0.046163934426229514,0.019693975317540736,7.19
24733,梦三英雄传/Three Kingdoms: Legends of Heroes,0,1.0185734326287412,0.0,0.005678429549890911,4.79
24740,Iris.Fall,0,3.0235250926672554,0.0,0.021860312602470216,11.39
24779,Cube Escape: Paradox,0,11.381873386027666,0.05822950819672132,0.05025246035192477,0.0
24780,Acid Nimbus,0,5.707588466336977,0.0,0.00039387950635081477,0.0
24814,Arcade Spirits,0,52.565731876141,0.0,0.0012472851034442465,15.49
24819,Mad Tower Tycoon,0,1.9764950801859733,0.06504918032786886,0.001050345350268839,10.99
24821,SkyDrift,0,2.9680566628557012,0.6971803278688525,0.025241111698648042,6.99
24832,Dusk Diver 酉閃町,0,4.593747352497373,0.0,0.0010175220580729383,19.49
24840,Assassin's Creed® III Remastered,0,0.13193592677549965,0.0419672131147541,0.04457403080203386,33.99
24850,Anomaly: Warzone Earth,0,2.581423178126354,0.09495081967213116,0.1208225385731124,7.99
24861,Mahjong Club,0,1.5850960681161261,0.0,0.004496791030838467,3.99
24881,Your Dry Delight,0,6.77448608504264,0.0,0.0022648071615171844,0.0
24895,Iron Front: Digital War Edition,0,0.5524943582019679,0.08131147540983608,0.019989384947303845,10.99
24918,Plastic soldiers,0,0.8541742086802507,0.0,0.0015755180254032586,0.79
24928,Hentai Dojo,0,0.7813046793064616,0.0,0.0015098714410114564,0.79
24939,HALF DEAD 2,0,2.2575784828911187,0.0,0.009846987658770366,3.99
24952,Mist Survival,0,1.789526676785961,4.111213114754099,0.10273690457317083,8.29
24955,Hentai Shooter 3D,0,1.612766573806732,0.0,0.007582180497253182,0.79
24956,MINImax Tinyverse,0,1.0043816811079609,0.0,0.0032495059273942215,0.0
24973,ULTIMATE HARDBASS DEFENCE,0,3.9644418957838314,0.0,0.02117102346635629,1.69
24977,Dungeon Hunter Champions,0,0.3499541199577283,0.19672131147540986,0.004660907491817974,0.0
24988,Master Levels for Doom II,0,1.6719322567008312,0.006295081967213115,0.009157698522656441,0.0
24989,Sanctum,0,3.257760853563885,0.08708196721311476,0.09019840695433656,7.19
24992,Clocker 铸时匠,0,7.628004179853536,0.0,0.00016411646097950648,9.29
25018,Red Crucible 2: Reborn,0,0.6003800488455245,0.0,0.012243087989071156,15.49
25024,E.Y.E: Divine Cybermancy,0,1.8366578084416907,0.2796065573770492,0.17281463341141995,6.99
25029,Heavy Dreams,0,0.17348727021920057,0.0,0.0015755180254032586,0.0
25035,"one night, hot springs",0,7.296296011015554,0.0,0.01125838922319412,0.0
25046,Commander Keen,0,5.496719289890597,0.0760655737704918,0.022582425030780045,2.99
25080,Post Apocalyptic Mayhem,0,2.0272184412297065,0.10124590163934427,0.04411450471129124,6.99
25090,Overdungeon,0,2.4387957624299736,0.002622950819672131,0.019825268486324342,11.39
25095,RAGE,16,1.1982764551594927,0.2056393442622951,0.39965640577729333,7.99
25096,Hydrophobia: Prophecy,16,0.5361667080339536,0.09442622950819674,0.06554811451521474,3.99
25097,Greetings,0,1.7986916721938957,0.0,0.01181638519052444,0.0
25111,Fate Hunters,0,1.4307707692601124,0.0,0.002625863375672098,11.39
25112,CardLife: Creative Survival,0,0.6166751126315456,0.0,0.02537240486743165,11.39
25123,DETOUR,0,0.5781095858333263,0.10754098360655738,0.05514313088911405,0.79
25125,Modern Combat 5,0,0.23862165008863692,0.036196721311475416,0.04145581804342324,0.0
25126,Spellwake,0,1.4826738966005486,0.0,0.0,0.0
25127,武林志（Wushu Chronicles）,0,0.4965627583037127,0.0,0.03105083441732256,10.99
25133,DISSIDIA FINAL FANTASY NT Free Edition,0,0.1832881402352849,0.1516065573770492,0.05005552059874936,0.0
25134,音灵 INVAXION,0,0.4113408607975445,0.39868852459016396,0.1258773255712812,11.29
25141,The Dark Occult,0,0.6303250046476813,0.0,0.010043927411945774,11.5
25146,Gundemonium Recollection,0,6.187692394716117,0.04091803278688525,0.0012472851034442465,2.79
25150,Hitogata Happa,0,1.8800012857496613,0.002622950819672131,0.002461746914692592,2.79
25154,GundeadliGne,0,2.1111735845208464,0.012065573770491804,0.0015098714410114564,2.79
25157,Sniper 3D Assassin: Free to Play,0,0.2888484580752389,0.0,0.008763819016305626,0.0
25158,DX-Ball 2: 20th Anniversary Edition,0,46.42040159288801,0.0,0.0007221124283098269,5.19
25160,4X-Galaxy 无主之地：银河,0,0.3883000107312085,0.0,0.00187092765516637,0.0
25161,Cheeky Chooks,0,5.636131137319028,0.0,0.01903750947362271,0.0
25169,Mortal Royale,0,0.18424357086591422,0.0,0.0038403251869204434,0.0
25174,A.R.E.S.: Extinction Agenda,0,0.8025582921845146,0.10019672131147542,0.02353430050446118,3.99
25187,MOMO.EXE,0,2.358026175150013,0.0,0.006991361237726961,1.69
25198,If My Heart Had Wings -Flight Diary-,0,3.275061896010697,0.04511475409836066,0.0005251726751344197,11.39
25199,侠隐行录：困境疑云Wuxia archive: Crisis escape,0,1.5160724308488585,0.0,0.0005579959673303208,6.19
25216,秘封ナイトメアダイアリー ～ Violet Detector.,0,1.0104405243173062,0.0,0.004267027985467159,8.29
25236,神社的百合香 ~ Floral Aroma in the Shrine,0,11.036742071345426,0.0,0.00456243761523027,0.79
25237,Endless Jade Sea -Midori no Umi-,0,2.154819396331344,0.0,0.00026258633756720984,1.69
25250,Xotic,0,1.1379838969060232,0.02832786885245902,0.001969397531754074,7.19
25254,CHANGE: A Homeless Survival Experience,0,3.7341957678053816,0.02675409836065574,0.0070570078221187625,7.19
25271,Shadow Harvest: Phantom Ops,0,0.12136655555350828,0.030426229508196723,0.0004923493829385186,6.99
25275,Bladed Fury,0,2.0099459303991503,0.0,0.04440991434105435,7.19
25276,Accounting+,0,1.2522240109785616,0.12013114754098361,0.004660907491817974,11.99
25284,Hentai Girl Linda,0,6.2453048661216135,0.016262295081967214,0.04811894635919119,0.79
25287,A Game About,0,4.070181384184942,0.0,0.011356859099781824,0.0
25288,SpaceChem,0,4.332475979954024,0.07501639344262295,0.1287985985767164,6.99
25317,Agricultural Simulator 2011: Extended Edition,0,0.3397923500574342,0.0,0.0021663372849294806,2.09
25327,吞食孔明传 Tunshi Kongming Legends,0,1.0736502900603933,0.0,0.006663128315767949,7.7
25352,Game Builder,0,3.0190064674137953,0.0015737704918032788,0.002625863375672098,0.0
25371,Blood Card,0,1.9375091970489704,0.03829508196721312,0.004431144446446666,4.79
25377,"Warhammer® 40,000: Dawn of War® – Winter Assault",16,3.008899016471958,0.1914754098360656,0.019103156058014513,9.99
25389,Multibombers,0,0.7053627743897354,0.0,0.0008205823048975307,3.99
25394,Touhou Genso Wanderer -Reloaded- / 不可思议的幻想乡TOD -RELOADED- / 不思議の幻想郷TOD -RELOADED-,0,8.656355820056609,0.24918032786885247,0.020809967252201376,29.99
25399,Braveland Heroes,0,0.3042369815579484,0.0,0.002297630453713086,0.0
25400,Himno,0,2.033193067680601,0.0,0.003052566174218814,0.0
25401,Shooting Hurts,0,4.3632974668753866,0.0,0.0016411646097950617,0.0
25407,Revenge of the Titans,0,1.9810096195629616,0.08288524590163936,0.0293768465153316,11.39
25433,Simmiland,0,3.107641038895502,0.03934426229508197,0.008534055970934318,3.99
25438,Axis Football 2018,0,0.8274732413781887,0.0,0.00039387950635081477,15.49
25450,御俠客 Wuxia Master,0,0.40981595623655925,0.0,0.009682871197790861,8.02
25453,Wenjia,0,3.359194393917895,0.007344262295081968,0.008074529880191701,6.19
25467,假如我是人工智能 Big Brother Is Shaping You,0,2.594914663884194,0.0,0.009157698522656441,2.89
25469,Company of Heroes: Opposing Fronts,0,4.222959395650747,0.055606557377049184,0.01742916815602355,9.99
25471,Wish Giver 偿愿人,0,1.9119432914543824,0.0,0.00013129316878360492,0.0
25484,Hell Wedding 夜嫁,0,44.88406902207477,0.0,0.0005908192595262224,0.0
25491,FrostRunner,0,7.331212660387136,0.0,0.04053676586193801,0.0
25492,Cyberdrome,0,3.8167176099809876,0.0,0.0014442248566196541,0.0
25493,La Rana,0,13.581292891754867,0.0,0.0039059717713122457,0.0
25497,Supreme Commander,0,2.4713323564935856,0.16052459016393444,0.03699185030478068,8.99
25505,Great Hero's Beard,0,2.349094009022769,0.3609180327868853,0.017199405110652242,1.69
25513,True Fear: Forsaken Souls Part 2,0,2.784288991360003,0.0,0.0016739879019909624,7.19
25521,Fantasy Battles,0,0.9010622806167005,0.0,0.0007221124283098269,0.0
25523,Glass Masquerade 2: Illusions,0,5.999491654791494,0.18518032786885247,0.01047063021049249,3.99
25534,Atelier Rorona ~The Alchemist of Arland~ DX - ロロナのアトリエ ～アーランドの錬金術士～ DX,0,4.3632974668753866,0.0,0.0,34.99
25547,Wrench,0,1.7928948965944798,0.0,0.0016739879019909624,15.49
25549,Warplanes: WW2 Dogfight,0,0.9248388561539611,0.0,0.0016083413175991602,0.0
25561,МЫЛО УРОНИЛ,0,1.5558325902659018,0.0,0.0002954096297631114,0.79
25569,東方紺珠伝 ～ Legacy of Lunatic Kingdom.,0,57.94289587398737,0.0,0.001706811194186864,11.39
25590,TAPSONIC BOLD,0,1.190770708146032,0.0,0.010634746671471997,15.49
25622,Hentai Legends,0,0.5932181975873796,0.0,6.564658439180268e-05,1.69
25631,Tailor Tales,0,8.549803722341482,0.0,0.0005579959673303208,0.0
25633,LoveChoice 拣爱,0,6.746235838111107,0.03934426229508197,0.0403070028165667,1.69
25637,HELLGATE: London,0,0.45542194097484084,0.0,0.03541633227937742,10.29
25639,Pleasure Puzzle:Portrait,0,13.005168177699899,0.0,0.00016411646097950648,0.79
25643,Far Cry® New Dawn,0,0.8577530900267962,0.9584262295081968,0.12525368301955908,37.99
25644,Boxing School,0,1.2321848905063923,0.0,0.0,7.19
25645,Dinner Date,0,0.4070340439543749,0.0,0.023501477212265278,2.89
25658,The Textorcist: The Story of Ray Bibbia,0,2.6053784675499148,0.0,9.84698765877038e-05,11.99
25686,The Island: Into The Mist 그 섬,0,1.0278385961521268,0.0,0.0014770481488155548,7.19
25692,Vanguard: Normandy 1944,0,1.0711562438687503,0.0,0.0003282329219590125,11.39
25696,Supreme Commander: Forged Alliance,0,10.914784636523937,0.5597377049180329,0.16552786254392987,8.99
25697,Jamestown,0,7.2364631119447775,0.05245901639344263,0.06426800611957459,6.99
25714,枕边少女 MOE Hypnotist - share dreams with you,0,3.031009065623274,0.0,0.006203602225025331,5.19
25715,Unheard,0,6.910515531160673,0.06819672131147542,0.17757401077982563,5.19
25716,The Dream Machine: Chapter 1 & 2,0,4.320370527351595,0.03567213114754099,0.03128059746269386,2.79
25726,Timberman VS,0,1.0490316387344925,0.0,0.0006564658439180246,1.69
25727,Pan Panda,0,2.0003511759130155,0.0,0.0015098714410114564,0.0
25743,Nidhogg,0,2.7230901674226686,0.09652459016393443,0.20146936749844171,6.99
25746,Abalyte,0,1.0363070010887134,0.0,0.001378578272227852,0.0
25747,Gachi Heroes,0,12.900418229585155,0.0,0.009256168399244145,0.79
25771,"Warhammer® 40,000: Dawn of War® - Soulstorm",16,6.509328452870387,0.8545573770491804,0.1665125613098069,9.99
25780,Zombie Builder Defense,0,2.404473439088497,0.0,0.00036105621415491364,1.69
25792,Puzzle Agent 2,0,2.5723981618197778,0.04301639344262295,0.018840569720447304,6.99
25795,Frontlines™: Fuel of War™,0,0.5803300941560661,0.08078688524590165,0.016641409143321923,9.99
25798,Supply Chain Idle,0,1.5525071953437113,0.0,0.00045952609074261744,0.0
25800,Hentai Neighbors,0,2.966029482398758,0.0,0.005153256874756491,0.79
25803,Hector: Badge of Carnage - Full Series,0,4.665077079109155,0.0,0.0028228031288475056,14.99
25816,Streets of Red : Devil's Dare Deluxe,0,1.765682527965072,0.0,0.0002954096297631114,7.19
25831,Grim Nights,0,3.993266146522306,0.0,0.012243087989071156,2.09
25845,Saints Row 2,0,1.205110167673251,0.042491803278688525,0.4011991005105007,9.99
25859,Hentai MineSweeper,0,2.2313105305400573,0.0,0.01017522058072938,1.0
25865,寄甡  Symbiotic Love,0,6.475754751743601,0.0,0.00321668263519832,5.19
25875,Winkeltje: The Little Shop,0,6.056754959668708,0.0,0.0028228031288475056,7.19
25887,Record of Lodoss War Online,0,0.32317761656032323,0.0,0.00016411646097950648,0.0
25901,Reborn In Wild City 迷城重生,0,0.7903134946019957,0.0,0.004693730784013875,3.99
25903,Gish,0,0.600099866722336,0.012065573770491804,0.0050547869981687876,5.99
25904,Super Splatters,0,1.263197815220406,0.13324590163934427,0.0018052810707745678,6.99
25905,PRO EVOLUTION SOCCER 2019 LITE,0,0.20139182695897465,0.04354098360655738,0.031510360508065174,0.0
25917,Mojo 2: Mia,0,1.6061291923048633,0.0,0.011389682391977725,0.0
25928,Trap Shrine / 女装神社,0,8.030376996165227,0.0,0.011914855067112144,7.19
25939,Russian Roulette: One Life,0,1.8372121821432914,0.0,0.032101179767591394,0.0
25948,Volcanoids,0,1.525349801302685,0.0,0.008796642308501528,15.49
25962,MUSYNX,0,1.8601349162730014,0.0860327868852459,0.03088671795634305,2.89
25968,SEPTEMBER 1999,0,3.194348771641296,0.0,0.025273934990843943,0.0
25971,Shan Gui 2: Chapter 1 · 山桂贰：第一章,0,7.2987900575912805,0.0,0.0013457549800319503,2.09
25977,河洛群俠傳 (Ho Tu Lo Shu ： The Books of Dragon),0,0.4975297817158382,0.0,0.04411450471129124,13.5
25982,Capsized,0,1.256209779252159,0.08026229508196722,0.027407448983577522,5.99
25995,Tourist Bus Simulator,0,0.4449446717382203,0.0,0.01316214017055639,27.0
26009,ibb & obb,0,5.634776496047037,0.14898360655737705,0.10621617354593636,8.99
26028,Astrox Imperium,0,2.0347934142365594,0.0,9.84698765877038e-05,11.39
26031,The Watson-Scott Test,0,0.5384695042496019,0.0,0.0047265540762097755,3.99
26058,了不起的修仙模拟器,0,0.5876332999173033,2.184393442622951,0.11343729782903463,14.49
26074,Rogue Fable III,0,10.796690107155856,0.0,0.0005579959673303208,5.19
26080,The Cat and the Coup,0,6.02519568052503,0.006295081967213115,0.02543805145182345,0.0
26081,Ultra Off-Road 2019: Alaska,0,0.0678866240333458,0.0,0.00013129316878360492,17.99
26095,WAR DUST | 32 vs 32 Battles,0,1.5904382317694274,0.0,0.020809967252201376,19.49
26109,Seed of the Dead,18,1.9086570184729412,0.0,0.007746296958232689,11.39
26120,Air Conflicts: Secret Wars,0,0.5241961442789923,0.010491803278688525,0.005842546010870418,4.79
26123,Unsung Warriors - Prologue,0,7.227221770026069,0.0,0.01178356189832854,0.0
26134,Fantasy Blacksmith,0,0.5020360855820809,0.0,0.0004923493829385186,5.99
26138,A Book of Beasts and Buddies,0,21.326969603066345,0.0,0.002297630453713086,0.0
26142,Sister Travel,0,8.865605417367743,0.0,0.003873148479116345,11.39
26149,The Tiny Bang Story,0,2.6037631402150585,0.15895081967213115,0.14409425274000637,3.99
26153,Bloons TD 6,0,0.7359305751635086,1.4788196721311477,0.021893135894666117,6.99
26174,Defy Gravity Extended,0,2.3164230062156177,0.09757377049180328,0.28480770638383496,0.79
26200,Steel Storm: Burning Retribution,0,0.5508547936844745,0.14688524590163934,0.006433365270396639,11.39
26212,Granny,0,2.9905558642790373,0.0,0.004628084199622072,3.99
26219,Skater XL,0,1.8566874439806509,0.0,0.04907082183287233,15.49
26220,寻迹 -A story of a song-,0,1.1970736108430777,0.0,0.0021663372849294806,1.69
26222,My 1/6 Lover,0,2.5024808617888072,0.0,0.00400444164789995,1.69
26223,"The Haunted Island, a Frog Detective Game",0,8.204128893908502,0.0,0.0070570078221187625,3.99
26236,The Eternal Castle [REMASTERED],0,2.404473439088497,0.0,0.002789979836651604,5.99
26241,Hentai Girl Betty,0,4.833369372864753,0.009442622950819672,0.05707970512867223,0.79
26242,Lost in Vivo,0,8.048666669389522,0.03095081967213115,0.011947678359308045,9.29
26248,Contractors,0,2.353560092086391,0.0,0.017232228402848142,15.49
26264,异种战争少女 Alien War Girl,0,0.7795062967935434,0.0,0.00347926897276553,2.89
26266,At Home Alone,0,1.9435736678445228,0.0,0.02622581046452508,0.0
26268,Shakes and Fidget Remastered,0,0.668275381195965,0.04773770491803279,0.006925714653335158,0.0
26275,蔚蓝月下 Sapphire Moon,0,1.0217741253565744,0.0,0.00045952609074261744,2.89
26280,江湖求生 Ganghood Survival,0,0.5768174279751564,0.0,0.0013129316878360488,0.0
26295,Niplheim's Hunter - Branded Azel,0,9.328943811989951,0.0,0.0025602167912802958,15.49
26301,SnowNight,0,5.678043609176409,0.0,0.0035120922649614313,1.69
26314,Flower,0,4.8159668852260396,0.0,0.009288991691440046,5.19
26319,You have a drunk friend,0,0.999472523571748,0.014688524590163936,0.0005251726751344197,2.09
26328,Pacify,0,2.6762225874741317,0.07868852459016394,0.04621519541182892,3.99
26335,DOKA 2 KISHKI EDITION,0,2.6100169094601573,0.0839344262295082,0.07303182513588022,0.79
26344,Nexuiz,0,0.5572164192372915,0.004721311475409836,0.00564560625769501,7.99
26353,Hotel Sowls,0,21.64703888852441,0.0,0.0004923493829385186,2.89
26358,Artist Idle,0,0.7145076111939254,0.0,0.0006564658439180246,0.0
26368,The Kite,0,2.2586786133890135,0.0,0.008008883295799898,0.0
26371,DYNASTY WARRIORS 7: Xtreme Legends Definitive Edition / 真・三國無双６ with 猛将伝 DX,0,1.8441639134206411,0.31055737704918035,0.0033479758039819253,15.99
26384,NekoMiko,0,16.2058610334328,0.0,0.0009846987658770367,7.19
26390,Solar 2,0,3.689936514146767,0.21088524590163937,0.052451620929050154,6.99
26403,蓝宝石般的被害妄想少女/Damsel with persecutory delusion,0,2.7720958756210834,0.0,0.0005579959673303208,3.99
26406,CHAOS;CHILD,0,17.767799147220963,0.0,0.004496791030838467,27.79
26420,Section 8®: Prejudice™,0,1.197708984222726,0.027803278688524592,0.02704639276942261,6.99
26441,Montaro RE,0,8.807688117991956,0.0,0.00777912025042859,0.79
26470,Magic: The Gathering - Duels of the Planeswalkers 2013,0,2.6674226677023345,0.9982950819672132,0.031214950878302065,6.99
26479,Thronebreaker: The Witcher Tales,0,2.612096677812833,2.0810491803278692,0.09758364769841434,23.39
26505,DAMNOSAUR,0,4.203262823954312,0.0,0.0014770481488155548,0.0
26513,~necromancy~Emily's Escape,0,0.881769624964209,0.0,0.003709032018136838,11.39
26517,Hentai Shooter 3D: Christmas Party,0,1.4968991981679276,0.0,0.0011816385190524443,0.79
26518,Legion War,0,4.818132767323808,0.0010491803278688525,0.005251726751344195,7.19
26525,METAL SLUG XX,0,0.3359908909933596,0.0,0.001280108395640148,15.49
26534,Act of War: High Treason,0,1.5332111520779013,0.0,0.003118212758610616,1.99
26535,I hate this game,0,3.185999138271261,0.0,0.0038403251869204434,2.09
26548,9-nine-:Episode 1,0,4.395304395305969,0.0,0.0016739879019909624,15.49
26560,永冻之壳 The Shell of Permafrost,0,23.83631280193329,0.0,0.007089831114314665,0.0
26578,Tokyo Warfare Turbo,0,1.1281356110578058,0.0,0.0019365742395581723,0.0
26579,Cell to Singularity - Evolution Never Ends,0,1.4665359493216301,0.0,0.0160834131759916,0.0
26584,克苏鲁异闻录,0,1.616268033209704,0.0,0.0007549357205057284,10.29
26595,A Dance of Fire and Ice,0,4.629573595249168,0.12065573770491804,0.048250239527974796,2.09
26603,Sam & Dan: Floaty Flatmates,0,6.969575935329026,0.0,0.0011488152268565427,0.0
26612,Corma,0,0.4209806567138239,0.0,0.005744076134282714,0.0
26625,Bloons Adventure Time TD,0,0.8658130916760836,0.0,0.00039387950635081477,0.0
26626,Rebel Forces,0,1.3034350965443087,0.0,0.01903750947362271,0.0
26631,Gizmo,0,5.963643894933879,0.0,0.0016411646097950617,0.0
26644,Kaori After Story,0,48.91694202045954,0.0,0.005153256874756491,7.19
26656,Death to Spies,0,1.0800488091035656,0.044065573770491806,0.015525417208661277,3.99
26658,One Finger Death Punch 2,0,11.253749046972798,0.0,0.02169619614149071,5.79
26668,Pixel Battle Royale,0,0.40611968640686,0.0,0.006597481731376146,0.0
26671,Trauma,0,0.7947007949154694,0.003672131147540984,0.015886473422816193,4.39
26676,Love In Drawing,0,2.0587986106555163,0.0,0.00013129316878360492,0.79
26695,Frozen Synapse,0,1.7238423816520447,0.11908196721311476,0.07615003789449083,18.99
26702,Hentai Secrets,0,4.65776120974262,0.0,0.0032495059273942215,0.79
26705,Dealer's Life,0,3.851186610065665,0.0,0.001115991934660642,5.99
26712,女巫与六便士 the sibyl and sixpence,0,2.506895610604074,0.0,0.004267027985467159,0.79
26726,Toy Soldiers,0,3.6164691340118726,0.07763934426229509,0.03413622388373727,4.99
26729,樱之杜†净梦者2 / Sakura no Mori † Dreamers 2,0,8.857070236504132,0.0,0.0006892891361139262,19.49
26747,Hard Reset Extended Edition,0,1.834554946705977,0.14426229508196722,0.12410486779270252,9.99
26752,SYNTHETIK: Arena,0,1.619531108337492,0.0,0.012013324943699848,0.0
26761,HEARTBEAT,0,17.326103533112153,0.5770491803278689,0.002789979836651604,11.39
26767,Mola mola,0,2.2003029265298193,0.0,0.005284550043540098,0.79
26772,Codename: Panzers - Cold War,0,0.5087487846359847,0.0,0.0012472851034442465,13.99
26773,Naval Warfare,0,0.37168959970578547,0.0,0.00508761029036469,1.99
26799,Demolition Inc.,0,1.3739711203347749,0.08131147540983608,0.004923493829385183,4.79
26801,Kunoichi Botan,0,1.6387076733237689,0.0,0.0023961003303007897,11.39
26814,D.R.O.N.E. The Game,0,3.583834618335111,0.0,0.0025602167912802958,23.79
26820,Shadow Legend VR,0,0.9888527130151242,0.0,0.00013129316878360492,19.49
26832,Seeker,0,2.067943447459706,0.0,0.0057112528420868135,0.0
26836,Champions Online,0,0.9175163194881516,0.37980327868852465,0.09203651131730703,0.0
26837,Dungeons of Dredmor,0,6.286164775026075,0.683016393442623,0.13175269487434751,3.49
26839,Super Phantom Cat,0,5.4332433645157785,0.0,0.00022976304537130872,3.99
26848,Warhammer Age of Sigmar: Champions,0,0.5755839211492099,0.0,0.00078775901270163,0.0
26855,Alien Hallway,0,0.5414591621105936,0.0,0.004332674569858962,3.99
26867,时之回廊/Corridor of time,0,0.972890816389994,0.0,0.009978280827553972,8.29
26877,Star Trek Online,0,1.1734476104929163,0.33468852459016396,0.32593529150529915,0.0
26892,Dungeons and Dragons: Daggerdale,0,0.07798819811901656,0.0,0.009190521814852342,10.99
26908,探灵笔记-1v5(Notes of Soul),0,2.7301452685325467,3.321704918032787,0.15942273019549225,23.79
26915,Idle Wizard,0,1.5417636109216863,0.0,0.001115991934660642,0.0
26918,嗜血印 Bloody Spell,0,1.5035967136470338,0.018885245901639345,0.039355127342885564,15.49
26919,Backbone: Prologue,0,26.576105886422216,0.0,0.003643385433745036,0.0
26920,Incubo,0,1.3080906497426419,0.0,0.0,5.19
26929,祈風 Inorikaze,0,,0.03934426229508197,0.00045952609074261744,8.29
26938,Renegade Ops,0,2.2392012990113392,0.014688524590163936,0.06466188562592541,9.99
26961,Hunger Apartment （蚀狱）,0,0.9751354581929225,0.0,9.84698765877038e-05,2.09
26962,Blade Kitten,0,1.8693347783645478,0.18885245901639347,0.026094517295741474,1.99
26963,Garshasp: The Monster Slayer,0,0.3072869297180166,0.0,0.007286770867490071,3.99
26964,Tempest of the Heavens and Earth,0,3.051013395844377,0.0,0.0002954096297631114,10.99
26965,Garshasp: Temple of the Dragon,0,0.1360120133523531,0.0,0.0006892891361139262,3.99
26967,Sound Slide,0,1.0775451020686344,0.0,0.00617077893282943,0.0
26968,NEOVERSE,0,1.597898839411542,0.08498360655737705,0.007155477698706466,13.99
26970,古剑奇谭三(Gujian3),0,1.7814052298995873,0.4317377049180328,0.19300095811189918,23.79
26984,Soccer Manager 2019,0,0.7711756160061843,0.0,0.0030197428820229123,0.0
26993,Miracle snack shop 기적의 분식집,0,14.236883083716474,0.4280655737704918,0.03308587853346843,7.19
27008,Smartphone Tycoon,0,0.3248174153685336,0.0,0.00564560625769501,5.19
27018,NightSky,0,2.8192832332080733,0.01678688524590164,0.024551822562534117,6.99
27021,be you,0,2.454178316492479,0.0,0.0009190521814852345,0.0
27045,旅行恋恋 ~ Koishi Navigation,0,4.19259384806684,0.0,0.0038403251869204434,1.69
27049,Sopwith VR,0,2.202829789169258,0.0,0.0003282329219590125,0.0
27056,Seek Girl,0,4.474090680939457,0.003672131147540984,0.018545160090684194,0.79
27058,Spiral Knights,0,1.8254938911099543,0.03357377049180328,0.6160275479326741,0.0
27061,Puzzle Pirates,0,1.4907091087556394,0.11226229508196722,0.03610562141549135,0.0
27074,Becalm,0,1.8005358078430223,0.0,0.0022648071615171844,0.0
